{"edges": [["19", "20"], ["19", "21"], ["19", "118"], ["19", "119"], ["19", "120"], ["21", "4"], ["21", "22"], ["21", "25"], ["21", "26"], ["21", "27"], ["21", "31"], ["21", "32"], ["21", "36"], ["21", "37"], ["21", "41"], ["21", "61"], ["22", "23"], ["22", "24"], ["25", "3"], ["27", "28"], ["27", "29"], ["29", "30"], ["32", "33"], ["32", "34"], ["34", "35"], ["37", "38"], ["37", "39"], ["39", "40"], ["41", "42"], ["41", "43"], ["41", "46"], ["41", "49"], ["41", "51"], ["43", "44"], ["43", "45"], ["46", "47"], ["46", "48"], ["49", "50"], ["51", "52"], ["51", "53"], ["51", "57"], ["53", "54"], ["53", "55"], ["55", "56"], ["57", "58"], ["58", "59"], ["58", "60"], ["61", "62"], ["61", "63"], ["61", "66"], ["61", "69"], ["61", "71"], ["63", "64"], ["63", "65"], ["66", "67"], ["66", "68"], ["69", "70"], ["71", "72"], ["71", "73"], ["71", "76"], ["71", "105"], ["73", "74"], ["73", "75"], ["76", "77"], ["76", "78"], ["76", "81"], ["76", "86"], ["76", "88"], ["78", "79"], ["78", "80"], ["81", "82"], ["81", "83"], ["83", "84"], ["83", "85"], ["86", "87"], ["88", "89"], ["88", "90"], ["88", "95"], ["90", "91"], ["90", "92"], ["92", "93"], ["92", "94"], ["95", "96"], ["95", "99"], ["96", "97"], ["96", "98"], ["99", "100"], ["100", "101"], ["100", "102"], ["102", "103"], ["102", "104"], ["105", "106"], ["105", "109"], ["106", "107"], ["106", "108"], ["109", "110"], ["109", "117"], ["110", "111"], ["110", "114"], ["111", "112"], ["111", "113"], ["114", "115"], ["114", "116"], ["22", "25"], ["25", "29"], ["27", "34"], ["32", "39"], ["37", "43"], ["24", "22"], ["29", "27"], ["34", "32"], ["39", "37"], ["43", "46"], ["46", "55"], ["46", "63"], ["49", "46"], ["63", "66"], ["66", "120"], ["66", "73"], ["69", "66"], ["53", "58"], ["57", "49"], ["73", "78"], ["55", "53"], ["58", "57"], ["78", "85"], ["81", "92"], ["81", "106"], ["86", "85"], ["106", "113"], ["106", "69"], ["83", "81"], ["90", "96"], ["110", "117"], ["117", "120"], ["85", "83"], ["92", "90"], ["96", "102"], ["96", "86"], ["111", "114"], ["114", "110"], ["100", "86"], ["113", "111"], ["102", "100"], ["19", "24"], ["117", "120"], ["20", "120"], ["22", "120"], ["25", "120"], ["27", "120"], ["34", "120"], ["32", "120"], ["32", "120"], ["37", "120"], ["37", "120"], ["37", "120"], ["43", "120"], ["46", "120"], ["46", "120"], ["63", "120"], ["66", "120"], ["73", "120"], ["78", "120"], ["81", "120"], ["81", "120"], ["81", "120"], ["106", "120"], ["106", "120"], ["106", "120"], ["69", "120"], ["110", "120"], ["114", "120"], ["110", "120"], ["110", "120"], ["90", "120"], ["96", "120"], ["96", "120"], ["102", "120"], ["100", "120"], ["100", "120"], ["86", "120"], ["53", "120"], ["55", "120"], ["53", "120"], ["53", "120"], ["57", "120"], ["57", "120"], ["49", "120"], ["19", "20"], ["19", "22"], ["29", "27"], ["34", "32"], ["39", "37"], ["22", "25"], ["19", "25"], ["19", "43"], ["19", "63"], ["25", "29"], ["19", "29"], ["29", "34"], ["19", "34"], ["19", "39"], ["43", "46"], ["49", "46"], ["19", "46"], ["32", "46"], ["46", "49"], ["19", "49"], ["55", "53"], ["63", "66"], ["69", "66"], ["19", "66"], ["66", "69"], ["102", "69"], ["19", "69"], ["19", "73"], ["37", "57"], ["19", "78"], ["34", "55"], ["19", "55"], ["78", "81"], ["86", "81"], ["19", "81"], ["37", "81"], ["81", "86"], ["19", "86"], ["37", "90"], ["73", "106"], ["100", "106"], ["19", "106"], ["27", "106"], ["19", "117"], ["114", "110"], ["114", "110"], ["90", "96"], ["19", "96"], ["102", "100"], ["102", "100"], ["66", "114"], ["102", "114"], ["19", "114"], ["73", "100"], ["19", "100"], ["96", "102"], ["19", "102"], ["66", "102"], ["46", "49"], ["46", "57"], ["46", "46"], ["46", "58"], ["46", "53"], ["46", "55"], ["66", "73"], ["66", "81"], ["66", "85"], ["66", "106"], ["66", "83"], ["66", "78"], ["81", "96"], ["81", "81"], ["81", "85"], ["81", "92"], ["81", "90"], ["81", "83"], ["81", "86"], ["106", "66"], ["106", "113"], ["106", "114"], ["106", "69"], ["106", "110"], ["106", "117"], ["106", "111"], ["96", "102"], ["96", "100"]], "features": {"19": "<(METHOD,main)<SUB>1</SUB>>", "21": "<(BLOCK,&lt;empty&gt;,&lt;empty&gt;)<SUB>1</SUB>>", "22": "<(&lt;operator&gt;.assignment,ANY sc = new FastReader())<SUB>3</SUB>>", "24": "<(&lt;operator&gt;.alloc,new FastReader())<SUB>3</SUB>>", "3": "<(IDENTIFIER,sc,new FastReader())<SUB>3</SUB>>", "27": "<(&lt;operator&gt;.assignment,int n = nextInt())<SUB>4</SUB>>", "29": "<(nextInt,nextInt())<SUB>4</SUB>>", "31": "<(LOCAL,int m: int)<SUB>5</SUB>>", "33": "<(IDENTIFIER,m,int m = nextInt())<SUB>5</SUB>>", "35": "<(IDENTIFIER,sc,nextInt())<SUB>5</SUB>>", "37": "<(&lt;operator&gt;.assignment,int[] arr = new int[105])<SUB>6</SUB>>", "39": "<(&lt;operator&gt;.alloc,new int[105])>", "41": "<(CONTROL_STRUCTURE,for (int i = 0; Some(i &lt; m); i++),for (int i = 0; Some(i &lt; m); i++))<SUB>8</SUB>>", "43": "<(&lt;operator&gt;.assignment,int i = 0)<SUB>8</SUB>>", "45": "<(LITERAL,0,int i = 0)<SUB>8</SUB>>", "47": "<(IDENTIFIER,i,i &lt; m)<SUB>8</SUB>>", "49": "<(&lt;operator&gt;.postIncrement,i++)<SUB>8</SUB>>", "51": "<(BLOCK,&lt;empty&gt;,&lt;empty&gt;)<SUB>8</SUB>>", "53": "<(&lt;operator&gt;.assignment,int a = nextInt())<SUB>9</SUB>>", "55": "<(nextInt,nextInt())<SUB>9</SUB>>", "57": "<(&lt;operator&gt;.postIncrement,arr[a]++)<SUB>10</SUB>>", "59": "<(IDENTIFIER,arr,arr[a]++)<SUB>10</SUB>>", "61": "<(CONTROL_STRUCTURE,for (int i = 1; Some(i &lt;= 1000); i++),for (int i = 1; Some(i &lt;= 1000); i++))<SUB>13</SUB>>", "63": "<(&lt;operator&gt;.assignment,int i = 1)<SUB>13</SUB>>", "65": "<(LITERAL,1,int i = 1)<SUB>13</SUB>>", "67": "<(IDENTIFIER,i,i &lt;= 1000)<SUB>13</SUB>>", "69": "<(&lt;operator&gt;.postIncrement,i++)<SUB>13</SUB>>", "71": "<(BLOCK,&lt;empty&gt;,&lt;empty&gt;)<SUB>13</SUB>>", "73": "<(&lt;operator&gt;.assignment,int sum = 0)<SUB>14</SUB>>", "75": "<(LITERAL,0,int sum = 0)<SUB>14</SUB>>", "77": "<(LOCAL,$idx0: int)<SUB>16</SUB>>", "79": "<(IDENTIFIER,$idx0,int $idx0 = 0)>", "81": "<(&lt;operator&gt;.lessThan,$idx0 &lt; arr.length)<SUB>16</SUB>>", "83": "<(&lt;operator&gt;.fieldAccess,arr.length)<SUB>16</SUB>>", "85": "<(FIELD_IDENTIFIER,length,length)<SUB>16</SUB>>", "87": "<(IDENTIFIER,$idx0,$idx0++)>", "89": "<(LOCAL,a: int)<SUB>16</SUB>>", "91": "<(IDENTIFIER,a,&lt;empty&gt;)>", "93": "<(IDENTIFIER,arr,&lt;empty&gt;)>", "95": "<(CONTROL_STRUCTURE,if (a != 0),if (a != 0))<SUB>17</SUB>>", "97": "<(IDENTIFIER,a,a != 0)<SUB>17</SUB>>", "99": "<(BLOCK,&lt;empty&gt;,&lt;empty&gt;)<SUB>17</SUB>>", "101": "<(IDENTIFIER,sum,sum += a / i)<SUB>18</SUB>>", "103": "<(IDENTIFIER,a,a / i)<SUB>18</SUB>>", "105": "<(CONTROL_STRUCTURE,if (sum &lt; n),if (sum &lt; n))<SUB>23</SUB>>", "107": "<(IDENTIFIER,sum,sum &lt; n)<SUB>23</SUB>>", "109": "<(BLOCK,&lt;empty&gt;,&lt;empty&gt;)<SUB>23</SUB>>", "111": "<(&lt;operator&gt;.fieldAccess,System.out)<SUB>24</SUB>>", "113": "<(FIELD_IDENTIFIER,out,out)<SUB>24</SUB>>", "115": "<(IDENTIFIER,i,i - 1)<SUB>24</SUB>>", "117": "<(RETURN,return;,return;)<SUB>25</SUB>>", "119": "<(MODIFIER,STATIC)>"}}