{"edges": [["19", "21"], ["19", "37"], ["19", "38"], ["19", "39"], ["21", "4"], ["21", "22"], ["21", "25"], ["21", "29"], ["22", "23"], ["22", "24"], ["25", "3"], ["25", "26"], ["26", "27"], ["26", "28"], ["29", "30"], ["29", "33"], ["30", "31"], ["30", "32"], ["33", "34"], ["33", "35"], ["35", "36"], ["22", "28"], ["25", "32"], ["29", "39"], ["24", "22"], ["26", "25"], ["30", "35"], ["33", "29"], ["28", "26"], ["32", "30"], ["35", "33"], ["19", "24"], ["20", "39"], ["22", "39"], ["25", "39"], ["25", "39"], ["29", "39"], ["35", "39"], ["33", "39"], ["29", "39"], ["29", "39"], ["33", "39"], ["19", "20"], ["19", "22"], ["22", "25"], ["19", "25"], ["33", "29"], ["33", "29"], ["19", "33"], ["35", "33"], ["25", "35"], ["19", "35"]], "features": {"19": "<(METHOD,main)<SUB>1</SUB>>", "21": "<(BLOCK,&lt;empty&gt;,&lt;empty&gt;)<SUB>1</SUB>>", "22": "<(&lt;operator&gt;.assignment,ANY in = new Scanner(System.in))<SUB>3</SUB>>", "24": "<(&lt;operator&gt;.alloc,new Scanner(System.in))<SUB>3</SUB>>", "3": "<(IDENTIFIER,in,new Scanner(System.in))<SUB>3</SUB>>", "27": "<(IDENTIFIER,System,new Scanner(System.in))<SUB>3</SUB>>", "29": "<(println,println(solve(in.nextLong())))<SUB>5</SUB>>", "31": "<(IDENTIFIER,System,println(solve(in.nextLong())))<SUB>5</SUB>>", "33": "<(solve,solve(in.nextLong()))<SUB>5</SUB>>", "35": "<(nextLong,nextLong())<SUB>5</SUB>>", "37": "<(MODIFIER,PUBLIC)>", "39": "<(METHOD_RETURN,void)<SUB>1</SUB>>"}}