{"edges": [["19", "21"], ["19", "121"], ["19", "122"], ["19", "123"], ["21", "22"], ["21", "23"], ["21", "26"], ["21", "27"], ["21", "4"], ["21", "30"], ["21", "33"], ["21", "37"], ["21", "38"], ["21", "42"], ["21", "43"], ["21", "46"], ["21", "76"], ["21", "77"], ["21", "79"], ["21", "86"], ["21", "93"], ["21", "98"], ["21", "105"], ["21", "113"], ["21", "116"], ["23", "24"], ["23", "25"], ["27", "28"], ["27", "29"], ["30", "31"], ["30", "32"], ["33", "3"], ["33", "34"], ["34", "35"], ["34", "36"], ["38", "39"], ["38", "40"], ["40", "41"], ["43", "44"], ["43", "45"], ["46", "47"], ["46", "64"], ["47", "48"], ["47", "55"], ["47", "62"], ["48", "49"], ["48", "50"], ["50", "51"], ["50", "54"], ["51", "52"], ["51", "53"], ["55", "56"], ["55", "57"], ["57", "58"], ["57", "61"], ["58", "59"], ["58", "60"], ["62", "63"], ["64", "65"], ["64", "75"], ["65", "66"], ["65", "67"], ["67", "68"], ["67", "69"], ["69", "70"], ["69", "71"], ["69", "72"], ["72", "73"], ["72", "74"], ["77", "78"], ["79", "80"], ["79", "81"], ["81", "82"], ["81", "85"], ["82", "83"], ["82", "84"], ["86", "87"], ["86", "88"], ["88", "89"], ["88", "92"], ["89", "90"], ["89", "91"], ["93", "94"], ["93", "95"], ["95", "96"], ["95", "97"], ["98", "99"], ["98", "100"], ["100", "101"], ["100", "104"], ["101", "102"], ["101", "103"], ["105", "106"], ["105", "107"], ["107", "108"], ["107", "109"], ["109", "110"], ["109", "111"], ["109", "112"], ["113", "114"], ["113", "115"], ["116", "117"], ["116", "120"], ["117", "118"], ["117", "119"], ["23", "27"], ["27", "32"], ["30", "36"], ["33", "40"], ["38", "43"], ["43", "51"], ["77", "82"], ["79", "89"], ["86", "95"], ["93", "101"], ["98", "108"], ["105", "113"], ["113", "119"], ["116", "123"], ["32", "30"], ["34", "33"], ["40", "38"], ["64", "51"], ["64", "77"], ["81", "79"], ["88", "86"], ["95", "93"], ["100", "98"], ["107", "105"], ["117", "116"], ["36", "34"], ["48", "58"], ["55", "62"], ["62", "68"], ["65", "64"], ["82", "81"], ["89", "88"], ["101", "100"], ["108", "109"], ["109", "107"], ["119", "117"], ["50", "48"], ["57", "55"], ["67", "65"], ["51", "50"], ["58", "57"], ["68", "72"], ["69", "67"], ["72", "69"], ["19", "23"], ["20", "123"], ["23", "123"], ["27", "123"], ["30", "123"], ["33", "123"], ["33", "123"], ["40", "123"], ["38", "123"], ["38", "123"], ["43", "123"], ["50", "123"], ["48", "123"], ["48", "123"], ["57", "123"], ["55", "123"], ["55", "123"], ["62", "123"], ["69", "123"], ["67", "123"], ["65", "123"], ["64", "123"], ["64", "123"], ["77", "123"], ["81", "123"], ["79", "123"], ["79", "123"], ["88", "123"], ["86", "123"], ["86", "123"], ["95", "123"], ["93", "123"], ["93", "123"], ["101", "123"], ["100", "123"], ["98", "123"], ["98", "123"], ["109", "123"], ["109", "123"], ["107", "123"], ["105", "123"], ["105", "123"], ["116", "123"], ["116", "123"], ["116", "123"], ["19", "20"], ["19", "23"], ["19", "27"], ["19", "30"], ["40", "38"], ["19", "43"], ["81", "79"], ["81", "79"], ["88", "86"], ["88", "86"], ["95", "93"], ["95", "93"], ["100", "98"], ["100", "98"], ["19", "105"], ["109", "105"], ["109", "105"], ["109", "105"], ["19", "113"], ["30", "33"], ["19", "33"], ["72", "77"], ["19", "77"], ["89", "105"], ["105", "113"], ["113", "116"], ["19", "116"], ["33", "40"], ["19", "40"], ["50", "48"], ["50", "48"], ["58", "55"], ["58", "55"], ["19", "55"], ["65", "64"], ["65", "64"], ["19", "64"], ["82", "81"], ["82", "81"], ["19", "81"], ["89", "88"], ["89", "88"], ["79", "88"], ["19", "88"], ["19", "95"], ["38", "95"], ["86", "95"], ["101", "100"], ["101", "100"], ["19", "100"], ["19", "107"], ["109", "107"], ["109", "107"], ["109", "107"], ["50", "62"], ["19", "62"], ["48", "65"], ["19", "65"], ["69", "65"], ["69", "65"], ["69", "65"], ["55", "82"], ["19", "82"], ["77", "89"], ["19", "89"], ["65", "89"], ["89", "101"], ["19", "101"], ["93", "101"], ["69", "109"], ["19", "109"], ["98", "109"], ["38", "50"], ["19", "50"], ["23", "50"], ["55", "50"], ["43", "50"], ["72", "50"], ["58", "57"], ["58", "57"], ["19", "57"], ["19", "67"], ["69", "67"], ["69", "67"], ["69", "67"], ["38", "51"], ["19", "51"], ["23", "51"], ["55", "51"], ["19", "58"], ["23", "58"], ["55", "58"], ["19", "69"], ["72", "69"], ["72", "69"], ["62", "72"], ["19", "72"], ["64", "48"], ["64", "58"], ["64", "68"], ["64", "64"], ["64", "51"], ["64", "57"], ["64", "72"], ["64", "69"], ["64", "67"], ["64", "65"], ["64", "50"], ["64", "55"], ["64", "62"]], "features": {"19": "<(METHOD,main)<SUB>1</SUB>>", "21": "<(BLOCK,&lt;empty&gt;,&lt;empty&gt;)<SUB>1</SUB>>", "23": "<(&lt;operator&gt;.assignment,long b = 0)<SUB>2</SUB>>", "25": "<(LITERAL,0,long b = 0)<SUB>2</SUB>>", "27": "<(&lt;operator&gt;.assignment,long p = 1)<SUB>2</SUB>>", "29": "<(LITERAL,1,long p = 1)<SUB>2</SUB>>", "30": "<(&lt;operator&gt;.assignment,ANY s = new Scanner(System.in))<SUB>3</SUB>>", "32": "<(&lt;operator&gt;.alloc,new Scanner(System.in))<SUB>3</SUB>>", "3": "<(IDENTIFIER,s,new Scanner(System.in))<SUB>3</SUB>>", "35": "<(IDENTIFIER,System,new Scanner(System.in))<SUB>3</SUB>>", "37": "<(LOCAL,long m: long)<SUB>4</SUB>>", "39": "<(IDENTIFIER,m,long m = nextLong())<SUB>4</SUB>>", "41": "<(IDENTIFIER,s,nextLong())<SUB>4</SUB>>", "43": "<(&lt;operator&gt;.assignment,long x = 1)<SUB>5</SUB>>", "45": "<(LITERAL,1,long x = 1)<SUB>5</SUB>>", "47": "<(BLOCK,&lt;empty&gt;,&lt;empty&gt;)<SUB>6</SUB>>", "49": "<(IDENTIFIER,p,p = (m + b) / x)<SUB>7</SUB>>", "51": "<(&lt;operator&gt;.addition,m + b)<SUB>7</SUB>>", "53": "<(IDENTIFIER,b,m + b)<SUB>7</SUB>>", "55": "<(&lt;operator&gt;.assignment,b = 10 * b + 10)<SUB>8</SUB>>", "57": "<(&lt;operator&gt;.addition,10 * b + 10)<SUB>8</SUB>>", "59": "<(LITERAL,10,10 * b)<SUB>8</SUB>>", "61": "<(LITERAL,10,10 * b + 10)<SUB>8</SUB>>", "63": "<(IDENTIFIER,x,x++)<SUB>9</SUB>>", "65": "<(&lt;operator&gt;.division,p / (long) Math.pow(10, x - 1))<SUB>10</SUB>>", "67": "<(&lt;operator&gt;.cast,(long) Math.pow(10, x - 1))<SUB>10</SUB>>", "69": "<(pow,Math.pow(10, x - 1))<SUB>10</SUB>>", "71": "<(LITERAL,10,Math.pow(10, x - 1))<SUB>10</SUB>>", "73": "<(IDENTIFIER,x,x - 1)<SUB>10</SUB>>", "75": "<(LITERAL,0,p / (long) Math.pow(10, x - 1) != 0)<SUB>10</SUB>>", "77": "<(&lt;operator&gt;.postDecrement,x--)<SUB>12</SUB>>", "79": "<(&lt;operator&gt;.assignment,b = b / 10 - 1)<SUB>12</SUB>>", "81": "<(&lt;operator&gt;.subtraction,b / 10 - 1)<SUB>12</SUB>>", "83": "<(IDENTIFIER,b,b / 10)<SUB>12</SUB>>", "85": "<(LITERAL,1,b / 10 - 1)<SUB>12</SUB>>", "87": "<(IDENTIFIER,b,b = x * p - b)<SUB>13</SUB>>", "89": "<(&lt;operator&gt;.multiplication,x * p)<SUB>13</SUB>>", "91": "<(IDENTIFIER,p,x * p)<SUB>13</SUB>>", "93": "<(&lt;operator&gt;.assignment,b = m - b)<SUB>14</SUB>>", "95": "<(&lt;operator&gt;.subtraction,m - b)<SUB>14</SUB>>", "97": "<(IDENTIFIER,b,m - b)<SUB>14</SUB>>", "99": "<(IDENTIFIER,b,b = x - b - 1)<SUB>15</SUB>>", "101": "<(&lt;operator&gt;.subtraction,x - b)<SUB>15</SUB>>", "103": "<(IDENTIFIER,b,x - b)<SUB>15</SUB>>", "105": "<(&lt;operator&gt;.assignmentDivision,p /= (long) Math.pow(10, b))<SUB>16</SUB>>", "107": "<(&lt;operator&gt;.cast,(long) Math.pow(10, b))<SUB>16</SUB>>", "109": "<(pow,Math.pow(10, b))<SUB>16</SUB>>", "111": "<(LITERAL,10,Math.pow(10, b))<SUB>16</SUB>>", "113": "<(&lt;operators&gt;.assignmentModulo,p %= 10)<SUB>17</SUB>>", "115": "<(LITERAL,10,p %= 10)<SUB>17</SUB>>", "117": "<(&lt;operator&gt;.fieldAccess,System.out)<SUB>18</SUB>>", "119": "<(FIELD_IDENTIFIER,out,out)<SUB>18</SUB>>", "121": "<(MODIFIER,PUBLIC)>", "123": "<(METHOD_RETURN,void)<SUB>1</SUB>>"}}