{"edges": [["17", "18"], ["17", "19"], ["17", "34"], ["17", "35"], ["17", "36"], ["19", "20"], ["20", "21"], ["21", "22"], ["21", "25"], ["21", "33"], ["22", "23"], ["22", "24"], ["25", "26"], ["25", "27"], ["25", "28"], ["25", "29"], ["25", "30"], ["30", "31"], ["30", "32"], ["20", "36"], ["22", "30"], ["25", "20"], ["24", "22"], ["30", "25"], ["17", "24"], ["18", "36"], ["22", "36"], ["25", "36"], ["25", "36"], ["25", "36"], ["20", "36"], ["17", "18"], ["22", "20"], ["25", "20"], ["17", "20"], ["17", "22"], ["17", "33"], ["22", "25"], ["17", "25"], ["30", "25"], ["30", "25"], ["17", "30"]], "features": {"17": "<(METHOD,main)<SUB>1</SUB>>", "19": "<(BLOCK,&lt;empty&gt;,&lt;empty&gt;)<SUB>1</SUB>>", "21": "<(BLOCK,&lt;empty&gt;,&lt;empty&gt;)<SUB>3</SUB>>", "23": "<(IDENTIFIER,$obj0,&lt;empty&gt;)>", "25": "<(&lt;init&gt;,new Thread(null, null, &quot;Vengeance&quot;, 1 &lt;&lt; 25) {\\012\\012    public void run() {\\012        try {\\012            double s = System.currentTimeMillis();\\012            MainSolution();\\012            pw.flush();\\012            pw.close();\\012        } catch (Exception e) {\\012            e.printStackTrace();\\012            System.exit(1);\\012        }\\012    }\\012})<SUB>3</SUB>>", "27": "<(LITERAL,null,new Thread(null, null, &quot;Vengeance&quot;, 1 &lt;&lt; 25) {\\012\\012    public void run() {\\012        try {\\012            double s = System.currentTimeMillis();\\012            MainSolution();\\012            pw.flush();\\012            pw.close();\\012        } catch (Exception e) {\\012            e.printStackTrace();\\012            System.exit(1);\\012        }\\012    }\\012})<SUB>3</SUB>>", "29": "<(LITERAL,&quot;Vengeance&quot;,new Thread(null, null, &quot;Vengeance&quot;, 1 &lt;&lt; 25) {\\012\\012    public void run() {\\012        try {\\012            double s = System.currentTimeMillis();\\012            MainSolution();\\012            pw.flush();\\012            pw.close();\\012        } catch (Exception e) {\\012            e.printStackTrace();\\012            System.exit(1);\\012        }\\012    }\\012})<SUB>3</SUB>>", "31": "<(LITERAL,1,1 &lt;&lt; 25)<SUB>3</SUB>>", "33": "<(IDENTIFIER,$obj0,&lt;empty&gt;)>", "35": "<(MODIFIER,STATIC)>"}}