{"edges": [["19", "21"], ["19", "117"], ["19", "118"], ["19", "119"], ["21", "4"], ["21", "22"], ["21", "25"], ["21", "29"], ["21", "30"], ["21", "34"], ["21", "35"], ["21", "38"], ["21", "39"], ["21", "42"], ["21", "73"], ["21", "74"], ["21", "79"], ["21", "80"], ["21", "94"], ["21", "95"], ["21", "100"], ["21", "101"], ["21", "110"], ["22", "23"], ["22", "24"], ["25", "3"], ["25", "26"], ["26", "27"], ["26", "28"], ["30", "31"], ["30", "32"], ["32", "33"], ["35", "36"], ["35", "37"], ["39", "40"], ["39", "41"], ["42", "43"], ["42", "44"], ["44", "45"], ["44", "46"], ["44", "58"], ["46", "47"], ["46", "48"], ["48", "49"], ["48", "57"], ["49", "50"], ["49", "51"], ["51", "52"], ["51", "53"], ["51", "54"], ["54", "55"], ["54", "56"], ["58", "59"], ["58", "64"], ["58", "66"], ["59", "60"], ["59", "63"], ["60", "61"], ["60", "62"], ["64", "65"], ["66", "67"], ["67", "68"], ["67", "70"], ["68", "69"], ["70", "71"], ["70", "72"], ["74", "75"], ["74", "76"], ["76", "77"], ["76", "78"], ["80", "81"], ["80", "82"], ["82", "83"], ["82", "89"], ["83", "84"], ["83", "85"], ["83", "86"], ["86", "87"], ["86", "88"], ["89", "90"], ["89", "93"], ["90", "91"], ["90", "92"], ["95", "96"], ["95", "97"], ["97", "98"], ["97", "99"], ["101", "102"], ["101", "103"], ["103", "104"], ["103", "105"], ["105", "106"], ["105", "109"], ["106", "107"], ["106", "108"], ["110", "111"], ["110", "114"], ["111", "112"], ["111", "113"], ["114", "115"], ["114", "116"], ["22", "28"], ["25", "32"], ["30", "35"], ["35", "39"], ["39", "54"], ["39", "76"], ["74", "86"], ["80", "97"], ["95", "104"], ["101", "113"], ["110", "119"], ["24", "22"], ["26", "25"], ["32", "30"], ["76", "74"], ["82", "80"], ["97", "95"], ["103", "101"], ["111", "114"], ["114", "110"], ["28", "26"], ["46", "60"], ["83", "90"], ["89", "82"], ["104", "106"], ["105", "103"], ["113", "111"], ["48", "46"], ["59", "76"], ["59", "68"], ["86", "83"], ["90", "89"], ["106", "105"], ["49", "48"], ["60", "59"], ["51", "49"], ["68", "70"], ["70", "54"], ["70", "76"], ["54", "51"], ["19", "24"], ["20", "119"], ["22", "119"], ["25", "119"], ["25", "119"], ["32", "119"], ["30", "119"], ["30", "119"], ["35", "119"], ["39", "119"], ["48", "119"], ["46", "119"], ["46", "119"], ["60", "119"], ["59", "119"], ["59", "119"], ["68", "119"], ["70", "119"], ["70", "119"], ["76", "119"], ["76", "119"], ["74", "119"], ["74", "119"], ["83", "119"], ["83", "119"], ["82", "119"], ["82", "119"], ["80", "119"], ["80", "119"], ["97", "119"], ["95", "119"], ["95", "119"], ["106", "119"], ["105", "119"], ["105", "119"], ["103", "119"], ["101", "119"], ["101", "119"], ["110", "119"], ["114", "119"], ["114", "119"], ["110", "119"], ["110", "119"], ["19", "20"], ["19", "22"], ["32", "30"], ["19", "35"], ["19", "39"], ["76", "74"], ["76", "74"], ["83", "80"], ["83", "80"], ["83", "80"], ["89", "80"], ["89", "80"], ["19", "95"], ["80", "95"], ["19", "101"], ["105", "101"], ["105", "101"], ["22", "25"], ["19", "25"], ["19", "43"], ["114", "110"], ["114", "110"], ["25", "32"], ["19", "32"], ["48", "46"], ["48", "46"], ["30", "76"], ["59", "76"], ["19", "76"], ["35", "76"], ["70", "76"], ["83", "82"], ["83", "82"], ["83", "82"], ["89", "82"], ["89", "82"], ["19", "97"], ["80", "97"], ["19", "103"], ["105", "103"], ["105", "103"], ["95", "114"], ["19", "114"], ["101", "114"], ["51", "83"], ["19", "83"], ["86", "83"], ["86", "83"], ["90", "89"], ["90", "89"], ["86", "89"], ["19", "89"], ["106", "105"], ["106", "105"], ["89", "105"], ["19", "105"], ["49", "48"], ["49", "48"], ["54", "48"], ["19", "48"], ["35", "59"], ["70", "59"], ["19", "59"], ["46", "59"], ["30", "59"], ["39", "86"], ["48", "86"], ["68", "86"], ["19", "86"], ["74", "90"], ["19", "90"], ["90", "106"], ["19", "106"], ["19", "49"], ["51", "49"], ["51", "49"], ["51", "49"], ["35", "60"], ["70", "60"], ["19", "60"], ["46", "60"], ["19", "70"], ["46", "70"], ["19", "51"], ["54", "51"], ["54", "51"], ["48", "68"], ["19", "68"], ["35", "70"], ["39", "54"], ["68", "54"], ["19", "54"], ["59", "68"], ["59", "70"], ["59", "48"], ["59", "49"], ["59", "60"], ["59", "51"], ["59", "46"], ["59", "59"], ["59", "54"]], "features": {"19": "<(METHOD,main)<SUB>1</SUB>>", "21": "<(BLOCK,&lt;empty&gt;,&lt;empty&gt;)<SUB>1</SUB>>", "22": "<(&lt;operator&gt;.assignment,ANY scanner = new Scanner(System.in))<SUB>2</SUB>>", "24": "<(&lt;operator&gt;.alloc,new Scanner(System.in))<SUB>2</SUB>>", "3": "<(IDENTIFIER,scanner,new Scanner(System.in))<SUB>2</SUB>>", "27": "<(IDENTIFIER,System,new Scanner(System.in))<SUB>2</SUB>>", "29": "<(LOCAL,long k: long)<SUB>3</SUB>>", "31": "<(IDENTIFIER,k,long k = nextLong())<SUB>3</SUB>>", "33": "<(IDENTIFIER,scanner,nextLong())<SUB>3</SUB>>", "35": "<(&lt;operator&gt;.assignment,long sum = 0)<SUB>5</SUB>>", "37": "<(LITERAL,0,long sum = 0)<SUB>5</SUB>>", "39": "<(&lt;operator&gt;.assignment,long i = 1)<SUB>6</SUB>>", "41": "<(LITERAL,1,long i = 1)<SUB>6</SUB>>", "43": "<(LITERAL,true,while (true))<SUB>7</SUB>>", "45": "<(LOCAL,long interval: long)<SUB>8</SUB>>", "47": "<(IDENTIFIER,interval,long interval = 9 * exponential(10, i - 1) * i)<SUB>8</SUB>>", "49": "<(&lt;operator&gt;.multiplication,9 * exponential(10, i - 1))<SUB>8</SUB>>", "51": "<(exponential,exponential(10, i - 1))<SUB>8</SUB>>", "53": "<(LITERAL,10,exponential(10, i - 1))<SUB>8</SUB>>", "55": "<(IDENTIFIER,i,i - 1)<SUB>8</SUB>>", "57": "<(IDENTIFIER,i,9 * exponential(10, i - 1) * i)<SUB>8</SUB>>", "59": "<(&lt;operator&gt;.greaterEqualsThan,sum + interval &gt;= k)<SUB>9</SUB>>", "61": "<(IDENTIFIER,sum,sum + interval)<SUB>9</SUB>>", "63": "<(IDENTIFIER,k,sum + interval &gt;= k)<SUB>9</SUB>>", "65": "<(CONTROL_STRUCTURE,break;,break;)<SUB>10</SUB>>", "67": "<(BLOCK,&lt;empty&gt;,&lt;empty&gt;)<SUB>11</SUB>>", "69": "<(IDENTIFIER,i,i++)<SUB>12</SUB>>", "71": "<(IDENTIFIER,sum,sum += interval)<SUB>13</SUB>>", "73": "<(LOCAL,long t: long)<SUB>16</SUB>>", "75": "<(IDENTIFIER,t,long t = k - sum)<SUB>16</SUB>>", "77": "<(IDENTIFIER,k,k - sum)<SUB>16</SUB>>", "79": "<(LOCAL,long targetNumber: long)<SUB>17</SUB>>", "81": "<(IDENTIFIER,targetNumber,long targetNumber = exponential(10, i - 1) + (t - 1) / i)<SUB>17</SUB>>", "83": "<(exponential,exponential(10, i - 1))<SUB>17</SUB>>", "85": "<(LITERAL,10,exponential(10, i - 1))<SUB>17</SUB>>", "87": "<(IDENTIFIER,i,i - 1)<SUB>17</SUB>>", "89": "<(&lt;operator&gt;.division,(t - 1) / i)<SUB>17</SUB>>", "91": "<(IDENTIFIER,t,t - 1)<SUB>17</SUB>>", "93": "<(IDENTIFIER,i,(t - 1) / i)<SUB>17</SUB>>", "95": "<(&lt;operator&gt;.assignment,String s = &quot;&quot; + targetNumber)<SUB>18</SUB>>", "97": "<(&lt;operator&gt;.addition,&quot;&quot; + targetNumber)<SUB>18</SUB>>", "99": "<(IDENTIFIER,targetNumber,&quot;&quot; + targetNumber)<SUB>18</SUB>>", "101": "<(&lt;operator&gt;.assignment,int hedef = (int) ((t - 1) % i))<SUB>19</SUB>>", "103": "<(&lt;operator&gt;.cast,(int) ((t - 1) % i))<SUB>19</SUB>>", "105": "<(&lt;operator&gt;.modulo,(t - 1) % i)<SUB>19</SUB>>", "107": "<(IDENTIFIER,t,t - 1)<SUB>19</SUB>>", "109": "<(IDENTIFIER,i,(t - 1) % i)<SUB>19</SUB>>", "111": "<(&lt;operator&gt;.fieldAccess,System.out)<SUB>20</SUB>>", "113": "<(FIELD_IDENTIFIER,out,out)<SUB>20</SUB>>", "115": "<(IDENTIFIER,s,s.charAt(hedef))<SUB>20</SUB>>", "117": "<(MODIFIER,PUBLIC)>", "119": "<(METHOD_RETURN,void)<SUB>1</SUB>>"}}