{"edges": [["19", "21"], ["19", "113"], ["19", "114"], ["19", "115"], ["21", "4"], ["21", "22"], ["21", "25"], ["21", "29"], ["22", "23"], ["22", "24"], ["25", "3"], ["25", "26"], ["26", "27"], ["26", "28"], ["29", "30"], ["29", "109"], ["30", "31"], ["30", "32"], ["30", "36"], ["30", "37"], ["30", "40"], ["30", "78"], ["30", "80"], ["30", "81"], ["30", "95"], ["30", "98"], ["32", "33"], ["32", "34"], ["34", "35"], ["37", "38"], ["37", "39"], ["40", "41"], ["40", "58"], ["41", "42"], ["41", "57"], ["42", "43"], ["42", "44"], ["44", "45"], ["44", "56"], ["45", "46"], ["45", "50"], ["46", "47"], ["46", "48"], ["46", "49"], ["50", "51"], ["50", "52"], ["50", "53"], ["53", "54"], ["53", "55"], ["58", "59"], ["58", "76"], ["59", "60"], ["59", "61"], ["61", "62"], ["61", "63"], ["63", "64"], ["63", "75"], ["64", "65"], ["64", "69"], ["65", "66"], ["65", "67"], ["65", "68"], ["69", "70"], ["69", "71"], ["69", "72"], ["72", "73"], ["72", "74"], ["76", "77"], ["78", "79"], ["81", "82"], ["81", "83"], ["83", "84"], ["83", "92"], ["84", "85"], ["84", "86"], ["86", "87"], ["86", "88"], ["86", "89"], ["89", "90"], ["89", "91"], ["92", "93"], ["92", "94"], ["95", "96"], ["95", "97"], ["98", "99"], ["98", "102"], ["99", "100"], ["99", "101"], ["102", "103"], ["102", "106"], ["103", "104"], ["103", "105"], ["106", "107"], ["106", "108"], ["109", "110"], ["110", "111"], ["111", "112"], ["22", "28"], ["25", "34"], ["24", "22"], ["26", "25"], ["28", "26"], ["32", "37"], ["37", "43"], ["78", "85"], ["81", "95"], ["95", "101"], ["98", "115"], ["98", "111"], ["34", "32"], ["41", "62"], ["41", "78"], ["83", "81"], ["99", "103"], ["102", "98"], ["111", "115"], ["42", "41"], ["59", "76"], ["76", "43"], ["84", "92"], ["92", "83"], ["101", "99"], ["103", "107"], ["106", "102"], ["43", "46"], ["44", "42"], ["61", "59"], ["85", "89"], ["86", "84"], ["107", "106"], ["45", "44"], ["62", "65"], ["63", "61"], ["89", "86"], ["46", "53"], ["50", "45"], ["64", "63"], ["53", "50"], ["65", "72"], ["69", "64"], ["72", "69"], ["19", "24"], ["20", "115"], ["22", "115"], ["25", "115"], ["25", "115"], ["34", "115"], ["32", "115"], ["32", "115"], ["37", "115"], ["45", "115"], ["44", "115"], ["42", "115"], ["41", "115"], ["41", "115"], ["78", "115"], ["86", "115"], ["86", "115"], ["84", "115"], ["83", "115"], ["83", "115"], ["81", "115"], ["81", "115"], ["95", "115"], ["98", "115"], ["103", "115"], ["102", "115"], ["106", "115"], ["102", "115"], ["98", "115"], ["98", "115"], ["59", "115"], ["76", "115"], ["111", "115"], ["103", "115"], ["19", "20"], ["19", "22"], ["22", "25"], ["19", "25"], ["34", "32"], ["19", "37"], ["19", "81"], ["86", "81"], ["86", "81"], ["86", "81"], ["92", "81"], ["92", "81"], ["92", "95"], ["19", "95"], ["19", "110"], ["41", "78"], ["19", "78"], ["92", "95"], ["102", "98"], ["102", "98"], ["25", "34"], ["19", "34"], ["19", "41"], ["44", "41"], ["44", "41"], ["32", "41"], ["59", "41"], ["19", "59"], ["63", "59"], ["63", "59"], ["19", "83"], ["86", "83"], ["86", "83"], ["86", "83"], ["92", "83"], ["92", "83"], ["103", "102"], ["103", "102"], ["19", "102"], ["95", "102"], ["19", "111"], ["19", "42"], ["44", "42"], ["44", "42"], ["41", "59"], ["63", "76"], ["19", "76"], ["19", "84"], ["86", "84"], ["86", "84"], ["86", "84"], ["78", "92"], ["19", "92"], ["89", "92"], ["19", "103"], ["81", "103"], ["19", "106"], ["95", "106"], ["45", "44"], ["45", "44"], ["53", "44"], ["19", "44"], ["19", "61"], ["63", "61"], ["63", "61"], ["50", "86"], ["19", "86"], ["89", "86"], ["89", "86"], ["46", "45"], ["46", "45"], ["46", "45"], ["50", "45"], ["50", "45"], ["50", "45"], ["64", "63"], ["64", "63"], ["72", "63"], ["19", "63"], ["44", "89"], ["19", "89"], ["69", "46"], ["19", "46"], ["37", "46"], ["76", "46"], ["46", "50"], ["19", "50"], ["53", "50"], ["53", "50"], ["65", "64"], ["65", "64"], ["65", "64"], ["69", "64"], ["69", "64"], ["69", "64"], ["46", "53"], ["19", "53"], ["50", "65"], ["19", "65"], ["44", "65"], ["65", "69"], ["19", "69"], ["72", "69"], ["72", "69"], ["65", "72"], ["19", "72"], ["98", "111"], ["41", "61"], ["41", "64"], ["41", "42"], ["41", "46"], ["41", "53"], ["41", "72"], ["41", "69"], ["41", "41"], ["41", "45"], ["41", "63"], ["41", "76"], ["41", "65"], ["41", "50"], ["41", "59"], ["41", "44"], ["41", "62"], ["41", "43"]], "features": {"19": "<(METHOD,main)<SUB>1</SUB>>", "21": "<(BLOCK,&lt;empty&gt;,&lt;empty&gt;)<SUB>1</SUB>>", "22": "<(&lt;operator&gt;.assignment,ANY sc = new Scanner(System.in))<SUB>3</SUB>>", "24": "<(&lt;operator&gt;.alloc,new Scanner(System.in))<SUB>3</SUB>>", "3": "<(IDENTIFIER,sc,new Scanner(System.in))<SUB>3</SUB>>", "27": "<(IDENTIFIER,System,new Scanner(System.in))<SUB>3</SUB>>", "29": "<(CONTROL_STRUCTURE,try,try)<SUB>3</SUB>>", "31": "<(LOCAL,long k: long)<SUB>5</SUB>>", "33": "<(IDENTIFIER,k,long k = nextLong())<SUB>5</SUB>>", "35": "<(IDENTIFIER,sc,nextLong())<SUB>5</SUB>>", "37": "<(&lt;operator&gt;.assignment,int pow = 1)<SUB>6</SUB>>", "39": "<(LITERAL,1,int pow = 1)<SUB>6</SUB>>", "41": "<(&lt;operator&gt;.lessThan,(long) ((Math.pow(10, pow) - Math.pow(10, pow - 1)) * pow) &lt; k)<SUB>8</SUB>>", "43": "<(TYPE_REF,long,long)<SUB>8</SUB>>", "45": "<(&lt;operator&gt;.subtraction,Math.pow(10, pow) - Math.pow(10, pow - 1))<SUB>8</SUB>>", "47": "<(IDENTIFIER,Math,Math.pow(10, pow))<SUB>8</SUB>>", "49": "<(IDENTIFIER,pow,Math.pow(10, pow))<SUB>8</SUB>>", "51": "<(IDENTIFIER,Math,Math.pow(10, pow - 1))<SUB>8</SUB>>", "53": "<(&lt;operator&gt;.subtraction,pow - 1)<SUB>8</SUB>>", "55": "<(LITERAL,1,pow - 1)<SUB>8</SUB>>", "57": "<(IDENTIFIER,k,(long) ((Math.pow(10, pow) - Math.pow(10, pow - 1)) * pow) &lt; k)<SUB>8</SUB>>", "59": "<(&lt;operator&gt;.assignmentMinus,k -= (long) ((Math.pow(10, pow) - Math.pow(10, pow - 1)) * pow))<SUB>9</SUB>>", "61": "<(&lt;operator&gt;.cast,(long) ((Math.pow(10, pow) - Math.pow(10, pow - 1)) * pow))<SUB>9</SUB>>", "63": "<(&lt;operator&gt;.multiplication,(Math.pow(10, pow) - Math.pow(10, pow - 1)) * pow)<SUB>9</SUB>>", "65": "<(pow,Math.pow(10, pow))<SUB>9</SUB>>", "67": "<(LITERAL,10,Math.pow(10, pow))<SUB>9</SUB>>", "69": "<(pow,Math.pow(10, pow - 1))<SUB>9</SUB>>", "71": "<(LITERAL,10,Math.pow(10, pow - 1))<SUB>9</SUB>>", "73": "<(IDENTIFIER,pow,pow - 1)<SUB>9</SUB>>", "75": "<(IDENTIFIER,pow,(Math.pow(10, pow) - Math.pow(10, pow - 1)) * pow)<SUB>9</SUB>>", "77": "<(IDENTIFIER,pow,pow++)<SUB>10</SUB>>", "79": "<(IDENTIFIER,k,k--)<SUB>14</SUB>>", "81": "<(&lt;operator&gt;.assignment,long n = (long) Math.pow(10, pow - 1) + k / pow)<SUB>15</SUB>>", "83": "<(&lt;operator&gt;.addition,(long) Math.pow(10, pow - 1) + k / pow)<SUB>15</SUB>>", "85": "<(TYPE_REF,long,long)<SUB>15</SUB>>", "87": "<(IDENTIFIER,Math,Math.pow(10, pow - 1))<SUB>15</SUB>>", "89": "<(&lt;operator&gt;.subtraction,pow - 1)<SUB>15</SUB>>", "91": "<(LITERAL,1,pow - 1)<SUB>15</SUB>>", "93": "<(IDENTIFIER,k,k / pow)<SUB>15</SUB>>", "95": "<(&lt;operators&gt;.assignmentModulo,k %= pow)<SUB>16</SUB>>", "97": "<(IDENTIFIER,pow,k %= pow)<SUB>16</SUB>>", "99": "<(&lt;operator&gt;.fieldAccess,System.out)<SUB>19</SUB>>", "101": "<(FIELD_IDENTIFIER,out,out)<SUB>19</SUB>>", "103": "<(valueOf,String.valueOf(n))<SUB>19</SUB>>", "105": "<(IDENTIFIER,n,String.valueOf(n))<SUB>19</SUB>>", "107": "<(TYPE_REF,int,int)<SUB>19</SUB>>", "109": "<(BLOCK,catch,catch)>", "111": "<(printStackTrace,e.printStackTrace())<SUB>23</SUB>>", "113": "<(MODIFIER,PUBLIC)>", "115": "<(METHOD_RETURN,void)<SUB>1</SUB>>"}}