{"edges": [["19", "21"], ["19", "37"], ["19", "38"], ["19", "39"], ["21", "4"], ["21", "22"], ["21", "25"], ["21", "29"], ["21", "30"], ["21", "34"], ["22", "23"], ["22", "24"], ["25", "3"], ["25", "26"], ["26", "27"], ["26", "28"], ["30", "31"], ["30", "32"], ["32", "33"], ["34", "35"], ["34", "36"], ["22", "28"], ["25", "32"], ["30", "34"], ["34", "39"], ["24", "22"], ["26", "25"], ["32", "30"], ["28", "26"], ["19", "24"], ["20", "39"], ["22", "39"], ["25", "39"], ["25", "39"], ["32", "39"], ["30", "39"], ["30", "39"], ["34", "39"], ["34", "39"], ["34", "39"], ["19", "20"], ["19", "22"], ["32", "30"], ["22", "25"], ["19", "25"], ["19", "34"], ["30", "34"], ["25", "32"], ["19", "32"]], "features": {"19": "<(METHOD,main)<SUB>1</SUB>>", "21": "<(BLOCK,&lt;empty&gt;,&lt;empty&gt;)<SUB>1</SUB>>", "22": "<(&lt;operator&gt;.assignment,ANY sc = new Scanner(System.in))<SUB>3</SUB>>", "24": "<(&lt;operator&gt;.alloc,new Scanner(System.in))<SUB>3</SUB>>", "3": "<(IDENTIFIER,sc,new Scanner(System.in))<SUB>3</SUB>>", "27": "<(IDENTIFIER,System,new Scanner(System.in))<SUB>3</SUB>>", "29": "<(LOCAL,long n: long)<SUB>5</SUB>>", "31": "<(IDENTIFIER,n,long n = nextLong())<SUB>5</SUB>>", "33": "<(IDENTIFIER,sc,nextLong())<SUB>5</SUB>>", "35": "<(IDENTIFIER,this,getLen(n))<SUB>7</SUB>>", "37": "<(MODIFIER,PUBLIC)>", "39": "<(METHOD_RETURN,void)<SUB>1</SUB>>"}}