{"edges": [["19", "21"], ["19", "103"], ["19", "104"], ["19", "105"], ["21", "4"], ["21", "22"], ["21", "25"], ["21", "29"], ["21", "30"], ["21", "34"], ["21", "35"], ["21", "38"], ["21", "39"], ["21", "42"], ["21", "59"], ["21", "60"], ["21", "71"], ["21", "72"], ["21", "88"], ["22", "23"], ["22", "24"], ["25", "3"], ["25", "26"], ["26", "27"], ["26", "28"], ["30", "31"], ["30", "32"], ["32", "33"], ["35", "36"], ["35", "37"], ["39", "40"], ["39", "41"], ["42", "43"], ["42", "48"], ["43", "44"], ["43", "45"], ["45", "46"], ["45", "47"], ["48", "49"], ["48", "54"], ["48", "57"], ["49", "50"], ["49", "51"], ["51", "52"], ["51", "53"], ["54", "55"], ["54", "56"], ["57", "58"], ["60", "61"], ["60", "62"], ["62", "63"], ["62", "64"], ["64", "65"], ["64", "66"], ["66", "67"], ["66", "70"], ["67", "68"], ["67", "69"], ["72", "73"], ["72", "74"], ["74", "75"], ["74", "76"], ["76", "77"], ["76", "87"], ["77", "78"], ["77", "86"], ["78", "79"], ["78", "80"], ["80", "81"], ["80", "82"], ["80", "83"], ["83", "84"], ["83", "85"], ["88", "89"], ["88", "92"], ["89", "90"], ["89", "91"], ["92", "93"], ["92", "94"], ["94", "95"], ["94", "96"], ["96", "97"], ["96", "102"], ["97", "98"], ["97", "101"], ["98", "99"], ["98", "100"], ["22", "28"], ["25", "32"], ["30", "35"], ["35", "39"], ["39", "45"], ["60", "79"], ["72", "91"], ["88", "105"], ["24", "22"], ["26", "25"], ["32", "30"], ["43", "51"], ["43", "63"], ["62", "60"], ["74", "72"], ["89", "95"], ["92", "88"], ["28", "26"], ["45", "43"], ["49", "54"], ["54", "57"], ["57", "45"], ["63", "68"], ["64", "62"], ["76", "74"], ["91", "89"], ["94", "92"], ["51", "49"], ["66", "64"], ["77", "76"], ["95", "98"], ["96", "94"], ["67", "66"], ["78", "77"], ["97", "96"], ["68", "67"], ["79", "83"], ["80", "78"], ["98", "97"], ["83", "80"], ["19", "24"], ["20", "105"], ["22", "105"], ["25", "105"], ["25", "105"], ["32", "105"], ["30", "105"], ["30", "105"], ["35", "105"], ["39", "105"], ["45", "105"], ["43", "105"], ["43", "105"], ["66", "105"], ["64", "105"], ["62", "105"], ["60", "105"], ["60", "105"], ["80", "105"], ["80", "105"], ["78", "105"], ["77", "105"], ["76", "105"], ["76", "105"], ["74", "105"], ["72", "105"], ["72", "105"], ["88", "105"], ["92", "105"], ["98", "105"], ["97", "105"], ["96", "105"], ["96", "105"], ["94", "105"], ["92", "105"], ["88", "105"], ["88", "105"], ["49", "105"], ["54", "105"], ["57", "105"], ["74", "105"], ["19", "20"], ["19", "22"], ["32", "30"], ["19", "35"], ["19", "39"], ["19", "60"], ["64", "60"], ["64", "60"], ["74", "72"], ["74", "72"], ["22", "25"], ["19", "25"], ["92", "88"], ["92", "88"], ["25", "32"], ["19", "32"], ["30", "43"], ["49", "43"], ["19", "43"], ["45", "43"], ["45", "43"], ["51", "49"], ["51", "49"], ["19", "54"], ["19", "62"], ["64", "62"], ["64", "62"], ["19", "74"], ["77", "74"], ["77", "74"], ["60", "74"], ["72", "92"], ["19", "92"], ["96", "92"], ["96", "92"], ["39", "45"], ["54", "45"], ["19", "45"], ["35", "45"], ["57", "45"], ["43", "49"], ["19", "49"], ["51", "54"], ["51", "57"], ["19", "57"], ["19", "64"], ["66", "64"], ["66", "64"], ["77", "76"], ["77", "76"], ["60", "76"], ["19", "76"], ["19", "94"], ["96", "94"], ["96", "94"], ["45", "51"], ["19", "51"], ["45", "51"], ["19", "66"], ["43", "66"], ["45", "66"], ["19", "77"], ["80", "77"], ["80", "77"], ["80", "77"], ["97", "96"], ["97", "96"], ["19", "96"], ["83", "96"], ["19", "67"], ["43", "67"], ["19", "78"], ["80", "78"], ["80", "78"], ["80", "78"], ["19", "97"], ["43", "97"], ["83", "97"], ["64", "80"], ["19", "80"], ["83", "80"], ["83", "80"], ["19", "98"], ["43", "98"], ["83", "98"], ["66", "83"], ["19", "83"], ["43", "49"], ["43", "51"], ["43", "57"], ["43", "54"], ["43", "45"], ["43", "43"]], "features": {"19": "<(METHOD,main)<SUB>1</SUB>>", "21": "<(BLOCK,&lt;empty&gt;,&lt;empty&gt;)<SUB>1</SUB>>", "22": "<(&lt;operator&gt;.assignment,ANY scan = new Scanner(System.in))<SUB>2</SUB>>", "24": "<(&lt;operator&gt;.alloc,new Scanner(System.in))<SUB>2</SUB>>", "3": "<(IDENTIFIER,scan,new Scanner(System.in))<SUB>2</SUB>>", "27": "<(IDENTIFIER,System,new Scanner(System.in))<SUB>2</SUB>>", "29": "<(LOCAL,long k: long)<SUB>3</SUB>>", "31": "<(IDENTIFIER,k,long k = nextLong())<SUB>3</SUB>>", "33": "<(IDENTIFIER,scan,nextLong())<SUB>3</SUB>>", "35": "<(&lt;operator&gt;.assignment,long digits = 1)<SUB>5</SUB>>", "37": "<(LITERAL,1,long digits = 1)<SUB>5</SUB>>", "39": "<(&lt;operator&gt;.assignment,long counter = 9L)<SUB>6</SUB>>", "41": "<(LITERAL,9L,long counter = 9L)<SUB>6</SUB>>", "43": "<(&lt;operator&gt;.greaterThan,k &gt; counter * digits)<SUB>8</SUB>>", "45": "<(&lt;operator&gt;.multiplication,counter * digits)<SUB>8</SUB>>", "47": "<(IDENTIFIER,digits,counter * digits)<SUB>8</SUB>>", "49": "<(&lt;operator&gt;.assignmentMinus,k -= counter * digits)<SUB>9</SUB>>", "51": "<(&lt;operator&gt;.multiplication,counter * digits)<SUB>9</SUB>>", "53": "<(IDENTIFIER,digits,counter * digits)<SUB>9</SUB>>", "55": "<(IDENTIFIER,counter,counter *= 10)<SUB>10</SUB>>", "57": "<(&lt;operator&gt;.postIncrement,digits++)<SUB>11</SUB>>", "59": "<(LOCAL,long num: long)<SUB>14</SUB>>", "61": "<(IDENTIFIER,num,long num = (long) (Math.ceil((double) k / digits)))<SUB>14</SUB>>", "63": "<(TYPE_REF,long,long)<SUB>14</SUB>>", "65": "<(IDENTIFIER,Math,Math.ceil((double) k / digits))<SUB>14</SUB>>", "67": "<(&lt;operator&gt;.cast,(double) k)<SUB>14</SUB>>", "69": "<(IDENTIFIER,k,(double) k)<SUB>14</SUB>>", "71": "<(LOCAL,String s: java.lang.String)<SUB>15</SUB>>", "73": "<(IDENTIFIER,s,String s = String.valueOf((long) Math.pow(10, digits - 1) - 1 + num))<SUB>15</SUB>>", "75": "<(IDENTIFIER,String,String.valueOf((long) Math.pow(10, digits - 1) - 1 + num))<SUB>15</SUB>>", "77": "<(&lt;operator&gt;.subtraction,(long) Math.pow(10, digits - 1) - 1)<SUB>15</SUB>>", "79": "<(TYPE_REF,long,long)<SUB>15</SUB>>", "81": "<(IDENTIFIER,Math,Math.pow(10, digits - 1))<SUB>15</SUB>>", "83": "<(&lt;operator&gt;.subtraction,digits - 1)<SUB>15</SUB>>", "85": "<(LITERAL,1,digits - 1)<SUB>15</SUB>>", "87": "<(IDENTIFIER,num,(long) Math.pow(10, digits - 1) - 1 + num)<SUB>15</SUB>>", "89": "<(&lt;operator&gt;.fieldAccess,System.out)<SUB>17</SUB>>", "91": "<(FIELD_IDENTIFIER,out,out)<SUB>17</SUB>>", "93": "<(IDENTIFIER,s,s.charAt((int) ((k + digits - 1) % digits)))<SUB>17</SUB>>", "95": "<(TYPE_REF,int,int)<SUB>17</SUB>>", "97": "<(&lt;operator&gt;.subtraction,k + digits - 1)<SUB>17</SUB>>", "99": "<(IDENTIFIER,k,k + digits)<SUB>17</SUB>>", "101": "<(LITERAL,1,k + digits - 1)<SUB>17</SUB>>", "103": "<(MODIFIER,PUBLIC)>", "105": "<(METHOD_RETURN,void)<SUB>1</SUB>>"}}