{"edges": [["21", "22"], ["21", "23"], ["21", "158"], ["21", "159"], ["21", "160"], ["23", "4"], ["23", "24"], ["23", "27"], ["23", "6"], ["23", "31"], ["23", "34"], ["23", "35"], ["23", "36"], ["23", "40"], ["23", "51"], ["23", "52"], ["23", "55"], ["23", "56"], ["23", "59"], ["23", "60"], ["23", "63"], ["23", "64"], ["23", "67"], ["23", "103"], ["23", "104"], ["23", "109"], ["23", "114"], ["23", "154"], ["23", "156"], ["24", "25"], ["24", "26"], ["27", "3"], ["27", "28"], ["28", "29"], ["28", "30"], ["31", "32"], ["31", "33"], ["34", "5"], ["36", "37"], ["36", "38"], ["38", "39"], ["40", "41"], ["40", "44"], ["41", "42"], ["41", "43"], ["44", "45"], ["44", "50"], ["45", "46"], ["45", "49"], ["46", "47"], ["46", "48"], ["52", "53"], ["52", "54"], ["56", "57"], ["56", "58"], ["60", "61"], ["60", "62"], ["64", "65"], ["64", "66"], ["67", "68"], ["67", "71"], ["68", "69"], ["68", "70"], ["71", "72"], ["71", "77"], ["71", "84"], ["71", "87"], ["71", "101"], ["72", "73"], ["72", "74"], ["74", "75"], ["74", "76"], ["77", "78"], ["77", "79"], ["79", "80"], ["79", "81"], ["81", "82"], ["81", "83"], ["84", "85"], ["84", "86"], ["87", "88"], ["87", "89"], ["89", "90"], ["89", "95"], ["90", "91"], ["90", "92"], ["92", "93"], ["92", "94"], ["95", "96"], ["95", "97"], ["97", "98"], ["97", "99"], ["97", "100"], ["101", "102"], ["104", "105"], ["104", "106"], ["106", "107"], ["106", "108"], ["109", "110"], ["109", "111"], ["111", "112"], ["111", "113"], ["114", "115"], ["114", "120"], ["114", "128"], ["115", "116"], ["115", "119"], ["116", "117"], ["116", "118"], ["120", "121"], ["121", "122"], ["121", "125"], ["122", "123"], ["122", "124"], ["125", "126"], ["125", "127"], ["128", "129"], ["129", "130"], ["129", "132"], ["129", "137"], ["129", "138"], ["129", "143"], ["130", "131"], ["132", "133"], ["132", "134"], ["134", "135"], ["134", "136"], ["138", "139"], ["138", "140"], ["140", "141"], ["140", "142"], ["143", "144"], ["143", "147"], ["144", "145"], ["144", "146"], ["147", "148"], ["147", "149"], ["149", "150"], ["149", "153"], ["150", "151"], ["150", "152"], ["154", "155"], ["156", "157"], ["24", "30"], ["27", "33"], ["31", "34"], ["34", "38"], ["36", "41"], ["52", "56"], ["56", "60"], ["60", "64"], ["64", "68"], ["104", "111"], ["109", "116"], ["154", "156"], ["156", "160"], ["26", "24"], ["28", "27"], ["33", "31"], ["38", "36"], ["41", "48"], ["41", "52"], ["68", "74"], ["68", "106"], ["106", "104"], ["111", "109"], ["115", "124"], ["115", "130"], ["30", "28"], ["45", "50"], ["50", "160"], ["72", "81"], ["77", "84"], ["84", "92"], ["87", "101"], ["101", "68"], ["116", "115"], ["121", "154"], ["46", "45"], ["74", "72"], ["79", "77"], ["89", "87"], ["122", "125"], ["125", "121"], ["130", "134"], ["132", "140"], ["138", "146"], ["143", "154"], ["48", "46"], ["81", "79"], ["90", "96"], ["95", "89"], ["124", "122"], ["134", "132"], ["140", "138"], ["144", "151"], ["147", "143"], ["92", "90"], ["96", "97"], ["97", "95"], ["146", "144"], ["149", "147"], ["150", "149"], ["151", "150"], ["21", "26"], ["50", "160"], ["22", "160"], ["24", "160"], ["27", "160"], ["27", "160"], ["31", "160"], ["34", "160"], ["38", "160"], ["36", "160"], ["36", "160"], ["41", "160"], ["45", "160"], ["45", "160"], ["45", "160"], ["140", "160"], ["97", "160"], ["21", "22"], ["21", "24"], ["21", "31"], ["38", "36"], ["21", "52"], ["21", "56"], ["21", "60"], ["21", "64"], ["106", "104"], ["106", "104"], ["52", "109"], ["77", "109"], ["21", "109"], ["104", "109"], ["24", "27"], ["21", "27"], ["31", "34"], ["21", "34"], ["27", "154"], ["21", "154"], ["154", "156"], ["21", "156"], ["34", "38"], ["21", "38"], ["36", "41"], ["21", "41"], ["21", "50"], ["41", "68"], ["72", "68"], ["21", "68"], ["56", "68"], ["87", "68"], ["74", "72"], ["74", "72"], ["52", "77"], ["21", "77"], ["81", "77"], ["81", "77"], ["81", "84"], ["21", "84"], ["89", "87"], ["89", "87"], ["68", "106"], ["21", "106"], ["64", "106"], ["101", "106"], ["52", "111"], ["77", "111"], ["21", "111"], ["104", "111"], ["116", "115"], ["116", "115"], ["21", "115"], ["27", "45"], ["41", "45"], ["21", "45"], ["97", "101"], ["21", "101"], ["106", "116"], ["21", "116"], ["106", "116"], ["27", "121"], ["125", "121"], ["125", "121"], ["134", "132"], ["134", "132"], ["140", "138"], ["140", "138"], ["68", "74"], ["21", "74"], ["68", "74"], ["52", "79"], ["77", "79"], ["21", "79"], ["81", "79"], ["81", "79"], ["90", "89"], ["90", "89"], ["21", "89"], ["97", "89"], ["97", "89"], ["97", "89"], ["109", "125"], ["21", "125"], ["109", "130"], ["21", "130"], ["27", "143"], ["147", "143"], ["147", "143"], ["74", "81"], ["21", "81"], ["64", "81"], ["101", "81"], ["21", "90"], ["81", "90"], ["21", "95"], ["97", "95"], ["97", "95"], ["97", "95"], ["116", "134"], ["21", "134"], ["116", "134"], ["21", "140"], ["130", "140"], ["138", "147"], ["21", "147"], ["149", "147"], ["149", "147"], ["81", "92"], ["21", "92"], ["21", "97"], ["81", "97"], ["21", "149"], ["132", "149"], ["21", "150"], ["132", "150"], ["41", "115"], ["41", "68"], ["41", "60"], ["41", "64"], ["41", "154"], ["41", "52"], ["41", "56"], ["41", "104"], ["41", "50"], ["41", "111"], ["41", "48"], ["41", "116"], ["41", "46"], ["41", "45"], ["41", "106"], ["41", "156"], ["41", "109"], ["68", "68"], ["68", "96"], ["68", "77"], ["68", "81"], ["68", "84"], ["68", "74"], ["68", "95"], ["68", "92"], ["68", "87"], ["68", "97"], ["68", "101"], ["68", "90"], ["68", "79"], ["68", "89"], ["68", "72"], ["115", "146"], ["115", "149"], ["115", "132"], ["115", "150"], ["115", "151"], ["115", "121"], ["115", "144"], ["115", "134"], ["115", "138"], ["115", "130"], ["115", "122"], ["115", "140"], ["115", "143"], ["115", "147"], ["115", "124"], ["115", "125"]], "features": {"21": "<(METHOD,main)<SUB>1</SUB>>", "23": "<(BLOCK,&lt;empty&gt;,&lt;empty&gt;)<SUB>1</SUB>>", "24": "<(&lt;operator&gt;.assignment,ANY out = new PrintWriter(System.out))<SUB>3</SUB>>", "26": "<(&lt;operator&gt;.alloc,new PrintWriter(System.out))<SUB>3</SUB>>", "3": "<(IDENTIFIER,out,new PrintWriter(System.out))<SUB>3</SUB>>", "29": "<(IDENTIFIER,System,new PrintWriter(System.out))<SUB>3</SUB>>", "6": "<(LOCAL,Reader in: ANY)<SUB>4</SUB>>", "32": "<(IDENTIFIER,in,ANY in = new Reader())<SUB>4</SUB>>", "34": "<(&lt;init&gt;,new Reader())<SUB>4</SUB>>", "35": "<(LOCAL,long k: long)<SUB>5</SUB>>", "37": "<(IDENTIFIER,k,long k = nextLong())<SUB>5</SUB>>", "39": "<(IDENTIFIER,in,nextLong())<SUB>5</SUB>>", "41": "<(&lt;operator&gt;.lessThan,k &lt; 10)<SUB>6</SUB>>", "43": "<(LITERAL,10,k &lt; 10)<SUB>6</SUB>>", "45": "<(println,System.out.println(k))<SUB>7</SUB>>", "47": "<(IDENTIFIER,System,System.out.println(k))<SUB>7</SUB>>", "49": "<(IDENTIFIER,k,System.out.println(k))<SUB>7</SUB>>", "51": "<(LOCAL,long sum: long)<SUB>10</SUB>>", "53": "<(IDENTIFIER,sum,long sum = 0)<SUB>10</SUB>>", "55": "<(LOCAL,long cur: long)<SUB>11</SUB>>", "57": "<(IDENTIFIER,cur,long cur = 9)<SUB>11</SUB>>", "59": "<(LOCAL,long prev: long)<SUB>12</SUB>>", "61": "<(IDENTIFIER,prev,long prev = 0)<SUB>12</SUB>>", "63": "<(LOCAL,int count: int)<SUB>13</SUB>>", "65": "<(IDENTIFIER,count,int count = 1)<SUB>13</SUB>>", "67": "<(CONTROL_STRUCTURE,while (k &gt; cur),while (k &gt; cur))<SUB>14</SUB>>", "69": "<(IDENTIFIER,k,k &gt; cur)<SUB>14</SUB>>", "71": "<(BLOCK,&lt;empty&gt;,&lt;empty&gt;)<SUB>14</SUB>>", "73": "<(IDENTIFIER,k,k = k - cur)<SUB>15</SUB>>", "75": "<(IDENTIFIER,k,k - cur)<SUB>15</SUB>>", "77": "<(&lt;operator&gt;.assignment,sum = sum + cur / count)<SUB>16</SUB>>", "79": "<(&lt;operator&gt;.addition,sum + cur / count)<SUB>16</SUB>>", "81": "<(&lt;operator&gt;.division,cur / count)<SUB>16</SUB>>", "83": "<(IDENTIFIER,count,cur / count)<SUB>16</SUB>>", "85": "<(IDENTIFIER,prev,prev = cur)<SUB>17</SUB>>", "87": "<(&lt;operator&gt;.assignment,cur = 9 * (count + 1) * (long) Math.pow(10, count))<SUB>18</SUB>>", "89": "<(&lt;operator&gt;.multiplication,9 * (count + 1) * (long) Math.pow(10, count))<SUB>18</SUB>>", "91": "<(LITERAL,9,9 * (count + 1))<SUB>18</SUB>>", "93": "<(IDENTIFIER,count,count + 1)<SUB>18</SUB>>", "95": "<(&lt;operator&gt;.cast,(long) Math.pow(10, count))<SUB>18</SUB>>", "97": "<(pow,Math.pow(10, count))<SUB>18</SUB>>", "99": "<(LITERAL,10,Math.pow(10, count))<SUB>18</SUB>>", "101": "<(&lt;operator&gt;.postIncrement,count++)<SUB>19</SUB>>", "103": "<(LOCAL,long num: long)<SUB>22</SUB>>", "105": "<(IDENTIFIER,num,long num = k / (count))<SUB>22</SUB>>", "107": "<(IDENTIFIER,k,k / (count))<SUB>22</SUB>>", "109": "<(&lt;operator&gt;.assignment,sum = sum + num)<SUB>23</SUB>>", "111": "<(&lt;operator&gt;.addition,sum + num)<SUB>23</SUB>>", "113": "<(IDENTIFIER,num,sum + num)<SUB>23</SUB>>", "115": "<(&lt;operator&gt;.equals,k % count == 0)<SUB>25</SUB>>", "117": "<(IDENTIFIER,k,k % count)<SUB>25</SUB>>", "119": "<(LITERAL,0,k % count == 0)<SUB>25</SUB>>", "121": "<(println,System.out.println(sum % 10))<SUB>26</SUB>>", "123": "<(IDENTIFIER,System,System.out.println(sum % 10))<SUB>26</SUB>>", "125": "<(&lt;operator&gt;.modulo,sum % 10)<SUB>26</SUB>>", "127": "<(LITERAL,10,sum % 10)<SUB>26</SUB>>", "129": "<(BLOCK,&lt;empty&gt;,&lt;empty&gt;)<SUB>28</SUB>>", "131": "<(IDENTIFIER,sum,sum++)<SUB>29</SUB>>", "133": "<(IDENTIFIER,k,k = k % (count))<SUB>30</SUB>>", "135": "<(IDENTIFIER,k,k % (count))<SUB>30</SUB>>", "137": "<(LOCAL,String str: java.lang.String)<SUB>31</SUB>>", "139": "<(IDENTIFIER,str,String str = String.valueOf(sum))<SUB>31</SUB>>", "141": "<(IDENTIFIER,String,String.valueOf(sum))<SUB>31</SUB>>", "143": "<(println,System.out.println(str.charAt((int) k - 1)))<SUB>32</SUB>>", "145": "<(IDENTIFIER,System,System.out.println(str.charAt((int) k - 1)))<SUB>32</SUB>>", "147": "<(charAt,str.charAt((int) k - 1))<SUB>32</SUB>>", "149": "<(&lt;operator&gt;.subtraction,(int) k - 1)<SUB>32</SUB>>", "151": "<(TYPE_REF,int,int)<SUB>32</SUB>>", "153": "<(LITERAL,1,(int) k - 1)<SUB>32</SUB>>", "155": "<(IDENTIFIER,out,flush())<SUB>40</SUB>>", "157": "<(IDENTIFIER,out,close())<SUB>41</SUB>>", "159": "<(MODIFIER,STATIC)>"}}