{"edges": [["19", "21"], ["19", "93"], ["19", "94"], ["19", "95"], ["21", "4"], ["21", "22"], ["21", "25"], ["21", "29"], ["21", "30"], ["21", "31"], ["21", "32"], ["21", "33"], ["21", "36"], ["21", "39"], ["21", "42"], ["21", "46"], ["21", "66"], ["21", "73"], ["21", "74"], ["21", "80"], ["22", "23"], ["22", "24"], ["25", "3"], ["25", "26"], ["26", "27"], ["26", "28"], ["33", "34"], ["33", "35"], ["36", "37"], ["36", "38"], ["39", "40"], ["39", "41"], ["42", "43"], ["42", "44"], ["44", "45"], ["46", "47"], ["46", "52"], ["47", "48"], ["47", "49"], ["49", "50"], ["49", "51"], ["52", "53"], ["52", "58"], ["52", "61"], ["52", "64"], ["53", "54"], ["53", "55"], ["55", "56"], ["55", "57"], ["58", "59"], ["58", "60"], ["61", "62"], ["61", "63"], ["64", "65"], ["66", "67"], ["66", "68"], ["68", "69"], ["68", "72"], ["69", "70"], ["69", "71"], ["74", "75"], ["74", "76"], ["76", "77"], ["77", "78"], ["77", "79"], ["80", "81"], ["80", "84"], ["81", "82"], ["81", "83"], ["84", "85"], ["84", "86"], ["86", "87"], ["86", "88"], ["88", "89"], ["88", "92"], ["89", "90"], ["89", "91"], ["22", "28"], ["25", "33"], ["33", "36"], ["36", "39"], ["39", "44"], ["42", "49"], ["66", "77"], ["74", "83"], ["80", "95"], ["24", "22"], ["26", "25"], ["44", "42"], ["47", "55"], ["47", "69"], ["68", "66"], ["76", "74"], ["81", "87"], ["84", "80"], ["28", "26"], ["49", "47"], ["53", "58"], ["58", "61"], ["61", "64"], ["64", "49"], ["69", "68"], ["77", "76"], ["83", "81"], ["86", "84"], ["55", "53"], ["87", "89"], ["88", "86"], ["89", "88"], ["19", "24"], ["20", "95"], ["22", "95"], ["25", "95"], ["25", "95"], ["33", "95"], ["36", "95"], ["39", "95"], ["44", "95"], ["42", "95"], ["42", "95"], ["49", "95"], ["47", "95"], ["47", "95"], ["66", "95"], ["66", "95"], ["74", "95"], ["77", "95"], ["76", "95"], ["74", "95"], ["74", "95"], ["80", "95"], ["89", "95"], ["88", "95"], ["88", "95"], ["86", "95"], ["80", "95"], ["80", "95"], ["53", "95"], ["58", "95"], ["61", "95"], ["64", "95"], ["77", "95"], ["19", "20"], ["19", "22"], ["19", "33"], ["19", "36"], ["19", "39"], ["44", "42"], ["68", "66"], ["68", "66"], ["76", "74"], ["22", "25"], ["19", "25"], ["39", "66"], ["58", "66"], ["19", "66"], ["74", "80"], ["25", "44"], ["19", "44"], ["42", "47"], ["53", "47"], ["19", "47"], ["49", "47"], ["49", "47"], ["55", "53"], ["55", "53"], ["19", "58"], ["19", "61"], ["69", "68"], ["69", "68"], ["49", "68"], ["19", "68"], ["77", "76"], ["77", "76"], ["33", "49"], ["64", "49"], ["19", "49"], ["36", "49"], ["61", "49"], ["47", "53"], ["19", "53"], ["39", "58"], ["55", "61"], ["55", "64"], ["19", "64"], ["47", "69"], ["19", "69"], ["19", "77"], ["66", "77"], ["19", "86"], ["88", "86"], ["88", "86"], ["49", "55"], ["19", "55"], ["49", "55"], ["89", "88"], ["89", "88"], ["68", "88"], ["19", "88"], ["69", "89"], ["19", "89"], ["47", "47"], ["47", "58"], ["47", "49"], ["47", "61"], ["47", "64"], ["47", "55"], ["47", "53"]], "features": {"19": "<(METHOD,main)<SUB>1</SUB>>", "21": "<(BLOCK,&lt;empty&gt;,&lt;empty&gt;)<SUB>1</SUB>>", "22": "<(&lt;operator&gt;.assignment,ANY sc = new Scanner(System.in))<SUB>3</SUB>>", "24": "<(&lt;operator&gt;.alloc,new Scanner(System.in))<SUB>3</SUB>>", "3": "<(IDENTIFIER,sc,new Scanner(System.in))<SUB>3</SUB>>", "27": "<(IDENTIFIER,System,new Scanner(System.in))<SUB>3</SUB>>", "29": "<(LOCAL,long k: long)<SUB>4</SUB>>", "31": "<(LOCAL,long n: long)<SUB>4</SUB>>", "33": "<(&lt;operator&gt;.assignment,c = 1)<SUB>5</SUB>>", "35": "<(LITERAL,1,c = 1)<SUB>5</SUB>>", "37": "<(IDENTIFIER,d,d = 9)<SUB>6</SUB>>", "39": "<(&lt;operator&gt;.assignment,n = 1)<SUB>7</SUB>>", "41": "<(LITERAL,1,n = 1)<SUB>7</SUB>>", "43": "<(IDENTIFIER,k,k = nextLong())<SUB>8</SUB>>", "45": "<(IDENTIFIER,sc,nextLong())<SUB>8</SUB>>", "47": "<(&lt;operator&gt;.greaterThan,k &gt; (c * d))<SUB>9</SUB>>", "49": "<(&lt;operator&gt;.multiplication,c * d)<SUB>9</SUB>>", "51": "<(IDENTIFIER,d,c * d)<SUB>9</SUB>>", "53": "<(&lt;operator&gt;.assignmentMinus,k -= c * d)<SUB>10</SUB>>", "55": "<(&lt;operator&gt;.multiplication,c * d)<SUB>10</SUB>>", "57": "<(IDENTIFIER,d,c * d)<SUB>10</SUB>>", "59": "<(IDENTIFIER,n,n *= 10)<SUB>11</SUB>>", "61": "<(&lt;operator&gt;.assignmentMultiplication,d *= 10)<SUB>12</SUB>>", "63": "<(LITERAL,10,d *= 10)<SUB>12</SUB>>", "65": "<(IDENTIFIER,c,c++)<SUB>13</SUB>>", "67": "<(IDENTIFIER,n,n += (k - 1) / c)<SUB>15</SUB>>", "69": "<(&lt;operator&gt;.subtraction,k - 1)<SUB>15</SUB>>", "71": "<(LITERAL,1,k - 1)<SUB>15</SUB>>", "73": "<(LOCAL,char[] num: char[])<SUB>16</SUB>>", "75": "<(IDENTIFIER,num,char[] num = String.valueOf(n).toCharArray())<SUB>16</SUB>>", "77": "<(valueOf,String.valueOf(n))<SUB>16</SUB>>", "79": "<(IDENTIFIER,n,String.valueOf(n))<SUB>16</SUB>>", "81": "<(&lt;operator&gt;.fieldAccess,System.out)<SUB>17</SUB>>", "83": "<(FIELD_IDENTIFIER,out,out)<SUB>17</SUB>>", "85": "<(IDENTIFIER,num,System.out.println(num[(int) ((k - 1) % c)]))<SUB>17</SUB>>", "87": "<(TYPE_REF,int,int)<SUB>17</SUB>>", "89": "<(&lt;operator&gt;.subtraction,k - 1)<SUB>17</SUB>>", "91": "<(LITERAL,1,k - 1)<SUB>17</SUB>>", "93": "<(MODIFIER,PUBLIC)>", "95": "<(METHOD_RETURN,void)<SUB>1</SUB>>"}}