{"edges": [["21", "22"], ["21", "23"], ["21", "90"], ["21", "91"], ["21", "92"], ["23", "4"], ["23", "24"], ["23", "27"], ["23", "6"], ["23", "38"], ["23", "41"], ["23", "43"], ["23", "44"], ["23", "50"], ["23", "51"], ["23", "58"], ["23", "61"], ["23", "73"], ["23", "88"], ["24", "25"], ["24", "26"], ["27", "3"], ["27", "28"], ["28", "29"], ["28", "32"], ["28", "37"], ["29", "30"], ["29", "31"], ["32", "33"], ["32", "34"], ["34", "35"], ["34", "36"], ["38", "39"], ["38", "40"], ["41", "5"], ["41", "42"], ["44", "45"], ["44", "46"], ["46", "47"], ["46", "49"], ["47", "48"], ["51", "52"], ["51", "53"], ["53", "54"], ["53", "55"], ["55", "56"], ["55", "57"], ["58", "59"], ["58", "60"], ["61", "62"], ["61", "63"], ["63", "64"], ["63", "67"], ["63", "72"], ["64", "65"], ["64", "66"], ["67", "68"], ["67", "69"], ["69", "70"], ["69", "71"], ["73", "74"], ["73", "77"], ["73", "81"], ["74", "75"], ["74", "76"], ["77", "78"], ["78", "79"], ["78", "80"], ["81", "82"], ["82", "83"], ["83", "84"], ["83", "85"], ["85", "86"], ["85", "87"], ["88", "89"], ["24", "31"], ["27", "40"], ["38", "41"], ["41", "47"], ["44", "55"], ["51", "60"], ["58", "66"], ["61", "74"], ["88", "92"], ["26", "24"], ["40", "38"], ["46", "44"], ["53", "51"], ["60", "58"], ["74", "78"], ["74", "85"], ["29", "36"], ["32", "27"], ["47", "46"], ["55", "53"], ["64", "71"], ["67", "61"], ["78", "88"], ["31", "29"], ["34", "32"], ["66", "64"], ["69", "67"], ["83", "88"], ["36", "34"], ["71", "69"], ["85", "83"], ["21", "26"], ["22", "92"], ["24", "92"], ["32", "92"], ["32", "92"], ["32", "92"], ["27", "92"], ["38", "92"], ["41", "92"], ["41", "92"], ["44", "92"], ["47", "92"], ["46", "92"], ["44", "92"], ["44", "92"], ["53", "92"], ["51", "92"], ["51", "92"], ["58", "92"], ["64", "92"], ["67", "92"], ["67", "92"], ["67", "92"], ["61", "92"], ["74", "92"], ["85", "92"], ["83", "92"], ["83", "92"], ["78", "92"], ["78", "92"], ["88", "92"], ["88", "92"], ["85", "92"], ["53", "92"], ["21", "22"], ["21", "24"], ["21", "38"], ["46", "44"], ["46", "44"], ["53", "51"], ["53", "51"], ["21", "58"], ["24", "27"], ["21", "27"], ["29", "27"], ["32", "27"], ["38", "41"], ["21", "41"], ["58", "61"], ["21", "61"], ["64", "61"], ["67", "61"], ["83", "88"], ["78", "88"], ["21", "88"], ["21", "29"], ["21", "37"], ["47", "46"], ["21", "46"], ["21", "53"], ["44", "53"], ["21", "64"], ["21", "72"], ["51", "74"], ["21", "74"], ["29", "32"], ["21", "32"], ["27", "47"], ["21", "47"], ["64", "67"], ["21", "67"], ["61", "78"], ["21", "78"], ["74", "78"], ["61", "83"], ["21", "83"], ["85", "83"], ["85", "83"], ["21", "85"], ["74", "85"], ["74", "85"], ["74", "83"], ["74", "78"]], "features": {"21": "<(METHOD,main)<SUB>1</SUB>>", "23": "<(BLOCK,&lt;empty&gt;,&lt;empty&gt;)<SUB>2</SUB>>", "24": "<(&lt;operator&gt;.assignment,ANY br = new BufferedReader(new InputStreamReader(System.in)))<SUB>3</SUB>>", "26": "<(&lt;operator&gt;.alloc,new BufferedReader(new InputStreamReader(System.in)))<SUB>3</SUB>>", "3": "<(IDENTIFIER,br,new BufferedReader(new InputStreamReader(System.in)))<SUB>3</SUB>>", "29": "<(&lt;operator&gt;.assignment,&lt;empty&gt;)>", "31": "<(&lt;operator&gt;.alloc,new InputStreamReader(System.in))<SUB>3</SUB>>", "33": "<(IDENTIFIER,$obj0,new InputStreamReader(System.in))>", "35": "<(IDENTIFIER,System,new InputStreamReader(System.in))<SUB>3</SUB>>", "37": "<(IDENTIFIER,$obj0,&lt;empty&gt;)>", "38": "<(&lt;operator&gt;.assignment,ANY token = new StringTokenizer(&quot;&quot;))<SUB>4</SUB>>", "40": "<(&lt;operator&gt;.alloc,new StringTokenizer(&quot;&quot;))<SUB>4</SUB>>", "5": "<(IDENTIFIER,token,new StringTokenizer(&quot;&quot;))<SUB>4</SUB>>", "43": "<(LOCAL,String[] temp: java.lang.String[])<SUB>5</SUB>>", "45": "<(IDENTIFIER,temp,String[] temp = split(&quot; &quot;))<SUB>5</SUB>>", "47": "<(readLine,readLine())<SUB>5</SUB>>", "49": "<(LITERAL,&quot; &quot;,split(&quot; &quot;))<SUB>5</SUB>>", "51": "<(&lt;operator&gt;.assignment,long pos = Long.parseLong(temp[0]))<SUB>6</SUB>>", "53": "<(parseLong,Long.parseLong(temp[0]))<SUB>6</SUB>>", "55": "<(&lt;operator&gt;.indexAccess,temp[0])<SUB>6</SUB>>", "57": "<(LITERAL,0,Long.parseLong(temp[0]))<SUB>6</SUB>>", "59": "<(IDENTIFIER,out,out = new PrintWriter(new BufferedOutputStream(System.out)))<SUB>7</SUB>>", "61": "<(&lt;init&gt;,new PrintWriter(new BufferedOutputStream(System.out)))<SUB>7</SUB>>", "63": "<(BLOCK,&lt;empty&gt;,&lt;empty&gt;)<SUB>7</SUB>>", "65": "<(IDENTIFIER,$obj3,&lt;empty&gt;)>", "67": "<(&lt;init&gt;,new BufferedOutputStream(System.out))<SUB>7</SUB>>", "69": "<(&lt;operator&gt;.fieldAccess,System.out)<SUB>7</SUB>>", "71": "<(FIELD_IDENTIFIER,out,out)<SUB>7</SUB>>", "73": "<(CONTROL_STRUCTURE,if (pos &lt; 10),if (pos &lt; 10))<SUB>8</SUB>>", "75": "<(IDENTIFIER,pos,pos &lt; 10)<SUB>8</SUB>>", "77": "<(BLOCK,&lt;empty&gt;,&lt;empty&gt;)<SUB>9</SUB>>", "79": "<(IDENTIFIER,out,println(pos))<SUB>10</SUB>>", "81": "<(CONTROL_STRUCTURE,else,else)<SUB>13</SUB>>", "83": "<(println,println(findDigitSequence(pos)))<SUB>14</SUB>>", "85": "<(findDigitSequence,findDigitSequence(pos))<SUB>14</SUB>>", "87": "<(IDENTIFIER,pos,findDigitSequence(pos))<SUB>14</SUB>>", "89": "<(IDENTIFIER,out,close())<SUB>16</SUB>>", "91": "<(MODIFIER,STATIC)>"}}