{"edges": [["17", "18"], ["17", "19"], ["17", "118"], ["17", "119"], ["17", "120"], ["19", "20"], ["19", "23"], ["19", "35"], ["19", "38"], ["19", "50"], ["19", "58"], ["19", "60"], ["19", "62"], ["19", "74"], ["19", "75"], ["19", "76"], ["19", "79"], ["19", "82"], ["19", "83"], ["19", "88"], ["19", "105"], ["20", "21"], ["20", "22"], ["23", "24"], ["23", "25"], ["25", "26"], ["25", "29"], ["25", "34"], ["26", "27"], ["26", "28"], ["29", "30"], ["29", "31"], ["31", "32"], ["31", "33"], ["35", "36"], ["35", "37"], ["38", "39"], ["38", "40"], ["40", "41"], ["40", "44"], ["40", "49"], ["41", "42"], ["41", "43"], ["44", "45"], ["44", "46"], ["46", "47"], ["46", "48"], ["50", "51"], ["51", "52"], ["51", "55"], ["51", "57"], ["52", "53"], ["52", "54"], ["55", "56"], ["58", "59"], ["60", "61"], ["62", "63"], ["62", "66"], ["63", "64"], ["63", "65"], ["66", "67"], ["66", "73"], ["67", "68"], ["67", "69"], ["69", "70"], ["69", "72"], ["70", "71"], ["76", "77"], ["76", "78"], ["79", "80"], ["79", "81"], ["83", "84"], ["83", "85"], ["85", "86"], ["86", "87"], ["88", "89"], ["88", "91"], ["89", "90"], ["91", "92"], ["91", "93"], ["91", "97"], ["91", "101"], ["93", "94"], ["93", "95"], ["95", "96"], ["97", "98"], ["97", "99"], ["99", "100"], ["101", "102"], ["101", "103"], ["103", "104"], ["105", "106"], ["105", "109"], ["106", "107"], ["106", "108"], ["109", "110"], ["109", "117"], ["110", "111"], ["110", "116"], ["111", "112"], ["111", "115"], ["112", "113"], ["112", "114"], ["20", "28"], ["23", "37"], ["35", "43"], ["38", "54"], ["50", "58"], ["58", "60"], ["60", "65"], ["62", "76"], ["76", "79"], ["79", "86"], ["83", "89"], ["105", "120"], ["22", "20"], ["37", "35"], ["63", "70"], ["66", "62"], ["85", "83"], ["89", "95"], ["89", "108"], ["106", "112"], ["109", "105"], ["26", "33"], ["29", "23"], ["41", "48"], ["44", "38"], ["52", "55"], ["55", "50"], ["65", "63"], ["67", "66"], ["86", "85"], ["93", "99"], ["97", "103"], ["101", "89"], ["108", "106"], ["110", "109"], ["28", "26"], ["31", "29"], ["43", "41"], ["46", "44"], ["54", "52"], ["69", "67"], ["95", "93"], ["99", "97"], ["103", "101"], ["111", "110"], ["33", "31"], ["48", "46"], ["70", "69"], ["112", "111"], ["17", "22"], ["18", "120"], ["20", "120"], ["29", "120"], ["29", "120"], ["23", "120"], ["35", "120"], ["44", "120"], ["44", "120"], ["38", "120"], ["55", "120"], ["55", "120"], ["50", "120"], ["58", "120"], ["60", "120"], ["60", "120"], ["70", "120"], ["69", "120"], ["67", "120"], ["66", "120"], ["62", "120"], ["62", "120"], ["76", "120"], ["79", "120"], ["85", "120"], ["83", "120"], ["89", "120"], ["89", "120"], ["105", "120"], ["112", "120"], ["111", "120"], ["110", "120"], ["110", "120"], ["109", "120"], ["105", "120"], ["97", "120"], ["97", "120"], ["103", "120"], ["101", "120"], ["101", "120"], ["86", "120"], ["69", "120"], ["17", "18"], ["17", "20"], ["17", "35"], ["17", "76"], ["17", "79"], ["85", "83"], ["20", "23"], ["17", "23"], ["26", "23"], ["29", "23"], ["35", "38"], ["17", "38"], ["41", "38"], ["44", "38"], ["52", "50"], ["55", "50"], ["17", "50"], ["23", "58"], ["17", "58"], ["38", "60"], ["17", "60"], ["70", "62"], ["17", "62"], ["69", "62"], ["69", "62"], ["62", "105"], ["70", "105"], ["17", "105"], ["76", "105"], ["97", "105"], ["79", "105"], ["101", "105"], ["17", "26"], ["17", "34"], ["17", "41"], ["17", "49"], ["17", "52"], ["17", "57"], ["17", "66"], ["69", "66"], ["69", "66"], ["86", "85"], ["83", "89"], ["95", "89"], ["17", "89"], ["95", "93"], ["99", "97"], ["103", "101"], ["17", "109"], ["76", "109"], ["97", "109"], ["79", "109"], ["101", "109"], ["26", "29"], ["17", "29"], ["41", "44"], ["17", "44"], ["52", "55"], ["17", "55"], ["17", "67"], ["69", "67"], ["69", "67"], ["17", "86"], ["76", "97"], ["17", "97"], ["79", "101"], ["17", "101"], ["17", "110"], ["76", "110"], ["97", "110"], ["79", "110"], ["101", "110"], ["70", "69"], ["17", "69"], ["89", "95"], ["17", "95"], ["93", "99"], ["17", "99"], ["99", "103"], ["17", "103"], ["17", "111"], ["76", "111"], ["97", "111"], ["29", "70"], ["44", "70"], ["17", "70"], ["17", "112"], ["76", "112"], ["97", "112"], ["89", "97"], ["89", "89"], ["89", "99"], ["89", "93"], ["89", "101"], ["89", "103"], ["89", "95"]], "features": {"17": "<(METHOD,main)<SUB>1</SUB>>", "19": "<(BLOCK,&lt;empty&gt;,&lt;empty&gt;)<SUB>1</SUB>>", "21": "<(IDENTIFIER,br,br = new BufferedReader(new InputStreamReader(System.in)))<SUB>2</SUB>>", "23": "<(&lt;init&gt;,new BufferedReader(new InputStreamReader(System.in)))<SUB>2</SUB>>", "25": "<(BLOCK,&lt;empty&gt;,&lt;empty&gt;)<SUB>2</SUB>>", "27": "<(IDENTIFIER,$obj0,&lt;empty&gt;)>", "29": "<(&lt;init&gt;,new InputStreamReader(System.in))<SUB>2</SUB>>", "31": "<(&lt;operator&gt;.fieldAccess,System.in)<SUB>2</SUB>>", "33": "<(FIELD_IDENTIFIER,in,in)<SUB>2</SUB>>", "35": "<(&lt;operator&gt;.assignment,pw = new PrintWriter(new BufferedOutputStream(System.out)))<SUB>3</SUB>>", "37": "<(&lt;operator&gt;.alloc,new PrintWriter(new BufferedOutputStream(System.out)))<SUB>3</SUB>>", "39": "<(IDENTIFIER,pw,new PrintWriter(new BufferedOutputStream(System.out)))<SUB>3</SUB>>", "41": "<(&lt;operator&gt;.assignment,&lt;empty&gt;)>", "43": "<(&lt;operator&gt;.alloc,new BufferedOutputStream(System.out))<SUB>3</SUB>>", "45": "<(IDENTIFIER,$obj2,new BufferedOutputStream(System.out))>", "47": "<(IDENTIFIER,System,new BufferedOutputStream(System.out))<SUB>3</SUB>>", "49": "<(IDENTIFIER,$obj2,&lt;empty&gt;)>", "51": "<(BLOCK,&lt;empty&gt;,&lt;empty&gt;)<SUB>4</SUB>>", "53": "<(IDENTIFIER,$obj4,&lt;empty&gt;)>", "55": "<(&lt;init&gt;,new P1177B())<SUB>4</SUB>>", "57": "<(IDENTIFIER,$obj4,&lt;empty&gt;)>", "59": "<(IDENTIFIER,br,close())<SUB>5</SUB>>", "61": "<(IDENTIFIER,pw,close())<SUB>6</SUB>>", "63": "<(&lt;operator&gt;.fieldAccess,System.err)<SUB>7</SUB>>", "65": "<(FIELD_IDENTIFIER,err,err)<SUB>7</SUB>>", "67": "<(&lt;operator&gt;.addition,&quot;\\n[Time : &quot; + (System.currentTimeMillis() - startTime))<SUB>7</SUB>>", "69": "<(&lt;operator&gt;.subtraction,System.currentTimeMillis() - startTime)<SUB>7</SUB>>", "71": "<(IDENTIFIER,System,System.currentTimeMillis())<SUB>7</SUB>>", "73": "<(LITERAL,&quot; ms]&quot;,&quot;\\n[Time : &quot; + (System.currentTimeMillis() - startTime) + &quot; ms]&quot;)<SUB>7</SUB>>", "75": "<(LOCAL,long gcc: long)<SUB>8</SUB>>", "77": "<(IDENTIFIER,gct,long gct = 0)<SUB>8</SUB>>", "79": "<(&lt;operator&gt;.assignment,long gcc = 0)<SUB>8</SUB>>", "81": "<(LITERAL,0,long gcc = 0)<SUB>8</SUB>>", "83": "<(&lt;operator&gt;.assignment,)<SUB>9</SUB>>", "85": "<(iterator,&lt;empty&gt;)<SUB>9</SUB>>", "87": "<(IDENTIFIER,ManagementFactory,getGarbageCollectorMXBeans())<SUB>9</SUB>>", "89": "<(hasNext,&lt;empty&gt;)<SUB>9</SUB>>", "91": "<(BLOCK,&lt;empty&gt;,&lt;empty&gt;)<SUB>9</SUB>>", "93": "<(&lt;operator&gt;.assignment,&lt;empty&gt;)<SUB>9</SUB>>", "95": "<(next,&lt;empty&gt;)<SUB>9</SUB>>", "97": "<(&lt;operator&gt;.assignmentPlus,gct += getCollectionTime())<SUB>10</SUB>>", "99": "<(getCollectionTime,getCollectionTime())<SUB>10</SUB>>", "101": "<(&lt;operator&gt;.assignmentPlus,gcc += getCollectionCount())<SUB>11</SUB>>", "103": "<(getCollectionCount,getCollectionCount())<SUB>11</SUB>>", "105": "<(println,System.err.println(&quot;[GC time : &quot; + gct + &quot; ms, count = &quot; + gcc + &quot;]&quot;))<SUB>13</SUB>>", "107": "<(IDENTIFIER,System,System.err.println(&quot;[GC time : &quot; + gct + &quot; ms, count = &quot; + gcc + &quot;]&quot;))<SUB>13</SUB>>", "109": "<(&lt;operator&gt;.addition,&quot;[GC time : &quot; + gct + &quot; ms, count = &quot; + gcc + &quot;]&quot;)<SUB>13</SUB>>", "111": "<(&lt;operator&gt;.addition,&quot;[GC time : &quot; + gct + &quot; ms, count = &quot;)<SUB>13</SUB>>", "113": "<(LITERAL,&quot;[GC time : &quot;,&quot;[GC time : &quot; + gct)<SUB>13</SUB>>", "115": "<(LITERAL,&quot; ms, count = &quot;,&quot;[GC time : &quot; + gct + &quot; ms, count = &quot;)<SUB>13</SUB>>", "117": "<(LITERAL,&quot;]&quot;,&quot;[GC time : &quot; + gct + &quot; ms, count = &quot; + gcc + &quot;]&quot;)<SUB>13</SUB>>", "119": "<(MODIFIER,STATIC)>"}}