{"edges": [["21", "22"], ["21", "23"], ["21", "38"], ["21", "39"], ["21", "40"], ["23", "4"], ["23", "24"], ["23", "27"], ["23", "6"], ["23", "31"], ["23", "34"], ["23", "35"], ["24", "25"], ["24", "26"], ["27", "3"], ["27", "28"], ["28", "29"], ["28", "30"], ["31", "32"], ["31", "33"], ["34", "5"], ["35", "36"], ["35", "37"], ["24", "30"], ["27", "33"], ["31", "34"], ["34", "35"], ["35", "40"], ["26", "24"], ["28", "27"], ["33", "31"], ["30", "28"], ["21", "26"], ["22", "40"], ["24", "40"], ["27", "40"], ["27", "40"], ["31", "40"], ["34", "40"], ["35", "40"], ["35", "40"], ["35", "40"], ["21", "22"], ["21", "24"], ["21", "31"], ["24", "27"], ["21", "27"], ["31", "34"], ["21", "34"], ["34", "35"], ["21", "35"], ["27", "35"]], "features": {"21": "<(METHOD,main)<SUB>1</SUB>>", "23": "<(BLOCK,&lt;empty&gt;,&lt;empty&gt;)<SUB>1</SUB>>", "24": "<(&lt;operator&gt;.assignment,ANY scanner = new Scanner(System.in))<SUB>20</SUB>>", "26": "<(&lt;operator&gt;.alloc,new Scanner(System.in))<SUB>20</SUB>>", "3": "<(IDENTIFIER,scanner,new Scanner(System.in))<SUB>20</SUB>>", "29": "<(IDENTIFIER,System,new Scanner(System.in))<SUB>20</SUB>>", "6": "<(LOCAL,CodeForces jam: ANY)<SUB>24</SUB>>", "32": "<(IDENTIFIER,jam,ANY jam = new CodeForces())<SUB>24</SUB>>", "34": "<(&lt;init&gt;,new CodeForces())<SUB>24</SUB>>", "35": "<(run,run(scanner))<SUB>25</SUB>>", "37": "<(IDENTIFIER,scanner,run(scanner))<SUB>25</SUB>>", "39": "<(MODIFIER,STATIC)>"}}