{"edges": [["19", "20"], ["19", "21"], ["19", "32"], ["19", "33"], ["19", "34"], ["21", "4"], ["21", "22"], ["21", "25"], ["21", "26"], ["22", "23"], ["22", "24"], ["25", "3"], ["26", "27"], ["26", "30"], ["27", "28"], ["27", "29"], ["30", "31"], ["22", "25"], ["25", "29"], ["26", "34"], ["24", "22"], ["27", "30"], ["30", "26"], ["29", "27"], ["19", "24"], ["20", "34"], ["22", "34"], ["25", "34"], ["26", "34"], ["30", "34"], ["26", "34"], ["26", "34"], ["19", "20"], ["19", "22"], ["22", "25"], ["19", "25"], ["30", "26"], ["25", "30"], ["19", "30"]], "features": {"19": "<(METHOD,main)<SUB>1</SUB>>", "21": "<(BLOCK,&lt;empty&gt;,&lt;empty&gt;)<SUB>1</SUB>>", "22": "<(&lt;operator&gt;.assignment,ANY solution = new Solution())<SUB>2</SUB>>", "24": "<(&lt;operator&gt;.alloc,new Solution())<SUB>2</SUB>>", "3": "<(IDENTIFIER,solution,new Solution())<SUB>2</SUB>>", "27": "<(&lt;operator&gt;.fieldAccess,System.out)<SUB>3</SUB>>", "29": "<(FIELD_IDENTIFIER,out,out)<SUB>3</SUB>>", "31": "<(IDENTIFIER,solution,solve())<SUB>3</SUB>>", "33": "<(MODIFIER,STATIC)>"}}