{"edges": [["17", "19"], ["17", "29"], ["17", "30"], ["17", "31"], ["19", "20"], ["19", "25"], ["19", "27"], ["20", "21"], ["20", "22"], ["22", "23"], ["22", "24"], ["25", "26"], ["27", "28"], ["20", "25"], ["25", "27"], ["27", "31"], ["22", "20"], ["24", "22"], ["17", "24"], ["18", "31"], ["20", "31"], ["20", "31"], ["25", "31"], ["25", "31"], ["27", "31"], ["27", "31"], ["17", "18"], ["17", "20"], ["20", "25"], ["17", "25"], ["17", "27"]], "features": {"17": "<(METHOD,main)<SUB>1</SUB>>", "19": "<(BLOCK,&lt;empty&gt;,&lt;empty&gt;)<SUB>1</SUB>>", "21": "<(IDENTIFIER,this,initReader(System.in))<SUB>2</SUB>>", "23": "<(IDENTIFIER,System,initReader(System.in))<SUB>2</SUB>>", "25": "<(solve,solve())<SUB>7</SUB>>", "27": "<(flush,flush())<SUB>9</SUB>>", "29": "<(MODIFIER,PUBLIC)>", "31": "<(METHOD_RETURN,void)<SUB>1</SUB>>"}}