{"edges": [["19", "21"], ["19", "39"], ["19", "40"], ["19", "41"], ["21", "4"], ["21", "22"], ["21", "25"], ["21", "29"], ["21", "30"], ["21", "34"], ["21", "37"], ["22", "23"], ["22", "24"], ["25", "3"], ["25", "26"], ["26", "27"], ["26", "28"], ["30", "31"], ["30", "32"], ["32", "33"], ["34", "35"], ["34", "36"], ["37", "38"], ["22", "28"], ["25", "32"], ["30", "34"], ["34", "37"], ["37", "41"], ["24", "22"], ["26", "25"], ["32", "30"], ["28", "26"], ["19", "24"], ["20", "41"], ["22", "41"], ["25", "41"], ["25", "41"], ["30", "41"], ["30", "41"], ["34", "41"], ["34", "41"], ["37", "41"], ["37", "41"], ["34", "41"], ["19", "20"], ["19", "22"], ["32", "30"], ["22", "25"], ["19", "25"], ["19", "34"], ["30", "34"], ["32", "37"], ["19", "37"], ["25", "32"], ["19", "32"]], "features": {"19": "<(METHOD,main)<SUB>1</SUB>>", "21": "<(BLOCK,&lt;empty&gt;,&lt;empty&gt;)<SUB>1</SUB>>", "22": "<(&lt;operator&gt;.assignment,ANY sc = new Scanner(System.in))<SUB>2</SUB>>", "24": "<(&lt;operator&gt;.alloc,new Scanner(System.in))<SUB>2</SUB>>", "3": "<(IDENTIFIER,sc,new Scanner(System.in))<SUB>2</SUB>>", "27": "<(IDENTIFIER,System,new Scanner(System.in))<SUB>2</SUB>>", "29": "<(LOCAL,long k: long)<SUB>3</SUB>>", "31": "<(IDENTIFIER,k,long k = nextLong())<SUB>3</SUB>>", "33": "<(IDENTIFIER,sc,nextLong())<SUB>3</SUB>>", "35": "<(IDENTIFIER,this,getResult(k))<SUB>4</SUB>>", "37": "<(close,close())<SUB>5</SUB>>", "39": "<(MODIFIER,PUBLIC)>", "41": "<(METHOD_RETURN,void)<SUB>1</SUB>>"}}