{"edges": [["19", "21"], ["19", "157"], ["19", "158"], ["19", "159"], ["21", "4"], ["21", "22"], ["21", "25"], ["21", "29"], ["21", "30"], ["21", "34"], ["21", "35"], ["21", "39"], ["21", "40"], ["21", "43"], ["21", "44"], ["21", "47"], ["21", "48"], ["21", "51"], ["21", "52"], ["21", "55"], ["21", "99"], ["21", "110"], ["21", "117"], ["21", "118"], ["21", "128"], ["21", "129"], ["21", "134"], ["21", "142"], ["21", "147"], ["22", "23"], ["22", "24"], ["25", "3"], ["25", "26"], ["26", "27"], ["26", "28"], ["30", "31"], ["30", "32"], ["32", "33"], ["35", "36"], ["35", "37"], ["37", "38"], ["40", "41"], ["40", "42"], ["44", "45"], ["44", "46"], ["48", "49"], ["48", "50"], ["52", "53"], ["52", "54"], ["55", "56"], ["55", "59"], ["55", "61"], ["56", "57"], ["56", "58"], ["59", "60"], ["61", "62"], ["61", "75"], ["61", "78"], ["61", "92"], ["62", "63"], ["62", "66"], ["63", "64"], ["63", "65"], ["66", "67"], ["66", "72"], ["67", "68"], ["67", "69"], ["69", "70"], ["69", "71"], ["72", "73"], ["72", "74"], ["75", "76"], ["75", "77"], ["78", "79"], ["78", "84"], ["79", "80"], ["79", "81"], ["81", "82"], ["81", "83"], ["84", "85"], ["84", "88"], ["84", "91"], ["85", "86"], ["85", "87"], ["88", "89"], ["88", "90"], ["92", "93"], ["92", "98"], ["93", "94"], ["93", "97"], ["94", "95"], ["94", "96"], ["99", "100"], ["99", "103"], ["100", "101"], ["100", "102"], ["103", "104"], ["103", "109"], ["104", "105"], ["104", "108"], ["105", "106"], ["105", "107"], ["110", "111"], ["110", "112"], ["112", "113"], ["112", "114"], ["114", "115"], ["114", "116"], ["118", "119"], ["118", "120"], ["120", "121"], ["120", "122"], ["122", "123"], ["122", "124"], ["122", "125"], ["125", "126"], ["125", "127"], ["129", "130"], ["129", "131"], ["131", "132"], ["131", "133"], ["134", "135"], ["134", "140"], ["135", "136"], ["135", "139"], ["136", "137"], ["136", "138"], ["140", "141"], ["142", "143"], ["142", "144"], ["144", "145"], ["144", "146"], ["147", "148"], ["147", "151"], ["148", "149"], ["148", "150"], ["151", "152"], ["151", "153"], ["151", "156"], ["153", "154"], ["153", "155"], ["22", "28"], ["25", "32"], ["30", "37"], ["35", "40"], ["40", "44"], ["44", "48"], ["48", "52"], ["52", "56"], ["110", "121"], ["118", "131"], ["129", "136"], ["142", "150"], ["147", "159"], ["24", "22"], ["26", "25"], ["32", "30"], ["37", "35"], ["56", "59"], ["59", "63"], ["59", "100"], ["100", "107"], ["100", "114"], ["112", "110"], ["120", "118"], ["131", "129"], ["135", "140"], ["135", "144"], ["140", "144"], ["144", "142"], ["148", "153"], ["151", "147"], ["28", "26"], ["62", "75"], ["75", "81"], ["104", "109"], ["109", "159"], ["114", "112"], ["121", "125"], ["122", "120"], ["136", "135"], ["150", "148"], ["153", "151"], ["63", "69"], ["66", "62"], ["79", "85"], ["79", "94"], ["93", "59"], ["105", "104"], ["125", "122"], ["67", "72"], ["72", "66"], ["81", "79"], ["85", "88"], ["94", "93"], ["107", "105"], ["69", "67"], ["19", "24"], ["109", "159"], ["20", "159"], ["22", "159"], ["25", "159"], ["25", "159"], ["32", "159"], ["30", "159"], ["30", "159"], ["35", "159"], ["35", "159"], ["35", "159"], ["40", "159"], ["40", "159"], ["44", "159"], ["48", "159"], ["48", "159"], ["52", "159"], ["56", "159"], ["59", "159"], ["59", "159"], ["100", "159"], ["100", "159"], ["104", "159"], ["104", "159"], ["104", "159"], ["66", "159"], ["66", "159"], ["62", "159"], ["62", "159"], ["75", "159"], ["75", "159"], ["79", "159"], ["93", "159"], ["93", "159"], ["151", "159"], ["122", "159"], ["19", "20"], ["19", "22"], ["32", "30"], ["37", "35"], ["19", "40"], ["19", "44"], ["19", "48"], ["19", "52"], ["35", "110"], ["19", "118"], ["122", "118"], ["122", "118"], ["122", "118"], ["131", "129"], ["131", "129"], ["144", "142"], ["144", "142"], ["22", "25"], ["19", "25"], ["30", "110"], ["79", "110"], ["19", "110"], ["136", "142"], ["19", "142"], ["151", "147"], ["151", "147"], ["151", "147"], ["25", "32"], ["19", "32"], ["19", "37"], ["44", "56"], ["19", "56"], ["56", "59"], ["72", "59"], ["19", "59"], ["35", "62"], ["72", "62"], ["72", "62"], ["19", "75"], ["52", "100"], ["19", "100"], ["19", "109"], ["19", "120"], ["122", "120"], ["122", "120"], ["122", "120"], ["110", "131"], ["19", "131"], ["125", "131"], ["136", "135"], ["136", "135"], ["19", "135"], ["129", "140"], ["19", "140"], ["129", "144"], ["140", "144"], ["19", "144"], ["136", "144"], ["19", "151"], ["118", "151"], ["144", "151"], ["142", "151"], ["72", "75"], ["30", "104"], ["79", "104"], ["19", "104"], ["100", "114"], ["19", "114"], ["19", "122"], ["125", "122"], ["125", "122"], ["131", "136"], ["19", "136"], ["131", "136"], ["118", "153"], ["19", "153"], ["144", "153"], ["35", "66"], ["72", "66"], ["72", "66"], ["30", "79"], ["19", "79"], ["35", "79"], ["62", "79"], ["75", "85"], ["19", "85"], ["72", "88"], ["19", "88"], ["35", "93"], ["79", "93"], ["19", "93"], ["114", "125"], ["19", "125"], ["40", "72"], ["75", "72"], ["19", "72"], ["69", "72"], ["59", "69"], ["19", "69"], ["59", "94"], ["59", "66"], ["59", "75"], ["59", "81"], ["59", "72"], ["59", "69"], ["59", "67"], ["59", "59"], ["59", "93"], ["59", "79"], ["59", "63"], ["59", "62"], ["100", "107"], ["100", "120"], ["100", "136"], ["100", "122"], ["100", "114"], ["100", "131"], ["100", "142"], ["100", "150"], ["100", "151"], ["100", "104"], ["100", "121"], ["100", "153"], ["100", "144"], ["100", "112"], ["100", "129"], ["100", "148"], ["100", "105"], ["100", "118"], ["100", "147"], ["100", "135"], ["100", "110"], ["100", "125"], ["100", "109"], ["135", "140"]], "features": {"19": "<(METHOD,main)<SUB>1</SUB>>", "21": "<(BLOCK,&lt;empty&gt;,&lt;empty&gt;)<SUB>1</SUB>>", "22": "<(&lt;operator&gt;.assignment,ANY s = new Scanner(System.in))<SUB>2</SUB>>", "24": "<(&lt;operator&gt;.alloc,new Scanner(System.in))<SUB>2</SUB>>", "3": "<(IDENTIFIER,s,new Scanner(System.in))<SUB>2</SUB>>", "27": "<(IDENTIFIER,System,new Scanner(System.in))<SUB>2</SUB>>", "29": "<(LOCAL,long k: long)<SUB>3</SUB>>", "31": "<(IDENTIFIER,k,long k = nextLong())<SUB>3</SUB>>", "33": "<(IDENTIFIER,s,nextLong())<SUB>3</SUB>>", "35": "<(&lt;operator&gt;.assignment,long[] dp = new long[13])<SUB>5</SUB>>", "37": "<(&lt;operator&gt;.alloc,new long[13])>", "39": "<(LOCAL,long x: long)<SUB>6</SUB>>", "41": "<(IDENTIFIER,x,long x = 9)<SUB>6</SUB>>", "43": "<(LOCAL,int i: int)<SUB>6</SUB>>", "45": "<(IDENTIFIER,i,int i = 1)<SUB>6</SUB>>", "47": "<(LOCAL,long ansx: long)<SUB>8</SUB>>", "49": "<(IDENTIFIER,ansx,long ansx = 0)<SUB>8</SUB>>", "51": "<(LOCAL,int ansi: int)<SUB>8</SUB>>", "53": "<(IDENTIFIER,ansi,int ansi = 0)<SUB>8</SUB>>", "55": "<(CONTROL_STRUCTURE,for (; Some(i &lt; 13); i++),for (; Some(i &lt; 13); i++))<SUB>9</SUB>>", "57": "<(IDENTIFIER,i,i &lt; 13)<SUB>9</SUB>>", "59": "<(&lt;operator&gt;.postIncrement,i++)<SUB>9</SUB>>", "61": "<(BLOCK,&lt;empty&gt;,&lt;empty&gt;)<SUB>9</SUB>>", "63": "<(&lt;operator&gt;.indexAccess,dp[i])<SUB>10</SUB>>", "65": "<(IDENTIFIER,i,dp[i] = dp[i - 1] + x * i)<SUB>10</SUB>>", "67": "<(&lt;operator&gt;.indexAccess,dp[i - 1])<SUB>10</SUB>>", "69": "<(&lt;operator&gt;.subtraction,i - 1)<SUB>10</SUB>>", "71": "<(LITERAL,1,i - 1)<SUB>10</SUB>>", "73": "<(IDENTIFIER,x,x * i)<SUB>10</SUB>>", "75": "<(&lt;operator&gt;.assignmentMultiplication,x *= 10)<SUB>11</SUB>>", "77": "<(LITERAL,10,x *= 10)<SUB>11</SUB>>", "79": "<(&lt;operator&gt;.lessEqualsThan,k &lt;= dp[i])<SUB>12</SUB>>", "81": "<(&lt;operator&gt;.indexAccess,dp[i])<SUB>12</SUB>>", "83": "<(IDENTIFIER,i,k &lt;= dp[i])<SUB>12</SUB>>", "85": "<(&lt;operator&gt;.assignment,ansx = x)<SUB>13</SUB>>", "87": "<(IDENTIFIER,x,ansx = x)<SUB>13</SUB>>", "89": "<(IDENTIFIER,ansi,ansi = i)<SUB>14</SUB>>", "91": "<(CONTROL_STRUCTURE,break;,break;)<SUB>15</SUB>>", "93": "<(&lt;operator&gt;.greaterThan,dp[i] &gt; 1000000000000l)<SUB>18</SUB>>", "95": "<(IDENTIFIER,dp,dp[i] &gt; 1000000000000l)<SUB>18</SUB>>", "97": "<(LITERAL,1000000000000l,dp[i] &gt; 1000000000000l)<SUB>18</SUB>>", "99": "<(CONTROL_STRUCTURE,if (ansi &lt; 2),if (ansi &lt; 2))<SUB>21</SUB>>", "101": "<(IDENTIFIER,ansi,ansi &lt; 2)<SUB>21</SUB>>", "103": "<(BLOCK,&lt;empty&gt;,&lt;empty&gt;)<SUB>21</SUB>>", "105": "<(&lt;operator&gt;.fieldAccess,System.out)<SUB>22</SUB>>", "107": "<(FIELD_IDENTIFIER,out,out)<SUB>22</SUB>>", "109": "<(RETURN,return;,return;)<SUB>23</SUB>>", "111": "<(IDENTIFIER,k,k -= dp[ansi - 1])<SUB>26</SUB>>", "113": "<(IDENTIFIER,dp,k -= dp[ansi - 1])<SUB>26</SUB>>", "115": "<(IDENTIFIER,ansi,ansi - 1)<SUB>26</SUB>>", "117": "<(LOCAL,long st: long)<SUB>30</SUB>>", "119": "<(IDENTIFIER,st,long st = (long) Math.pow(10, ansi - 1))<SUB>30</SUB>>", "121": "<(TYPE_REF,long,long)<SUB>30</SUB>>", "123": "<(IDENTIFIER,Math,Math.pow(10, ansi - 1))<SUB>30</SUB>>", "125": "<(&lt;operator&gt;.subtraction,ansi - 1)<SUB>30</SUB>>", "127": "<(LITERAL,1,ansi - 1)<SUB>30</SUB>>", "129": "<(&lt;operator&gt;.assignment,long div = k / ansi)<SUB>32</SUB>>", "131": "<(&lt;operator&gt;.division,k / ansi)<SUB>32</SUB>>", "133": "<(IDENTIFIER,ansi,k / ansi)<SUB>32</SUB>>", "135": "<(&lt;operator&gt;.equals,k % ansi == 0)<SUB>33</SUB>>", "137": "<(IDENTIFIER,k,k % ansi)<SUB>33</SUB>>", "139": "<(LITERAL,0,k % ansi == 0)<SUB>33</SUB>>", "141": "<(IDENTIFIER,div,div--)<SUB>33</SUB>>", "143": "<(IDENTIFIER,k,k -= div * ansi)<SUB>35</SUB>>", "145": "<(IDENTIFIER,div,div * ansi)<SUB>35</SUB>>", "147": "<(println,println(findKthDigit(st + div, k)))<SUB>38</SUB>>", "149": "<(IDENTIFIER,System,println(findKthDigit(st + div, k)))<SUB>38</SUB>>", "151": "<(findKthDigit,findKthDigit(st + div, k))<SUB>38</SUB>>", "153": "<(&lt;operator&gt;.addition,st + div)<SUB>38</SUB>>", "155": "<(IDENTIFIER,div,st + div)<SUB>38</SUB>>", "157": "<(MODIFIER,PUBLIC)>", "159": "<(METHOD_RETURN,void)<SUB>1</SUB>>"}}