{"edges": [["17", "18"], ["17", "19"], ["17", "102"], ["17", "103"], ["17", "104"], ["19", "20"], ["19", "21"], ["19", "22"], ["19", "26"], ["19", "30"], ["19", "77"], ["19", "84"], ["19", "85"], ["19", "91"], ["19", "100"], ["22", "23"], ["22", "24"], ["24", "25"], ["26", "27"], ["26", "28"], ["28", "29"], ["30", "31"], ["30", "32"], ["30", "33"], ["30", "36"], ["30", "39"], ["30", "42"], ["33", "34"], ["33", "35"], ["36", "37"], ["36", "38"], ["39", "40"], ["39", "41"], ["42", "43"], ["42", "44"], ["42", "53"], ["44", "45"], ["44", "46"], ["46", "47"], ["46", "48"], ["48", "49"], ["48", "52"], ["49", "50"], ["49", "51"], ["53", "54"], ["53", "59"], ["53", "70"], ["54", "55"], ["54", "58"], ["55", "56"], ["55", "57"], ["59", "60"], ["59", "65"], ["60", "61"], ["60", "62"], ["62", "63"], ["62", "64"], ["65", "66"], ["65", "67"], ["67", "68"], ["67", "69"], ["70", "71"], ["71", "72"], ["72", "73"], ["72", "74"], ["74", "75"], ["74", "76"], ["77", "78"], ["77", "79"], ["79", "80"], ["79", "81"], ["81", "82"], ["81", "83"], ["85", "86"], ["85", "87"], ["87", "88"], ["88", "89"], ["88", "90"], ["91", "92"], ["91", "93"], ["93", "94"], ["93", "95"], ["95", "96"], ["95", "99"], ["96", "97"], ["96", "98"], ["100", "101"], ["22", "28"], ["26", "33"], ["77", "88"], ["85", "97"], ["91", "100"], ["100", "104"], ["24", "22"], ["28", "26"], ["33", "36"], ["36", "49"], ["36", "81"], ["39", "36"], ["79", "77"], ["87", "85"], ["93", "91"], ["44", "55"], ["81", "79"], ["88", "87"], ["95", "93"], ["46", "44"], ["54", "62"], ["54", "74"], ["96", "95"], ["48", "46"], ["55", "54"], ["60", "67"], ["65", "39"], ["97", "96"], ["49", "48"], ["62", "60"], ["67", "65"], ["72", "39"], ["74", "72"], ["17", "24"], ["18", "104"], ["22", "104"], ["22", "104"], ["26", "104"], ["26", "104"], ["33", "104"], ["33", "104"], ["36", "104"], ["36", "104"], ["79", "104"], ["77", "104"], ["77", "104"], ["85", "104"], ["88", "104"], ["87", "104"], ["85", "104"], ["85", "104"], ["96", "104"], ["95", "104"], ["91", "104"], ["91", "104"], ["100", "104"], ["100", "104"], ["48", "104"], ["46", "104"], ["44", "104"], ["44", "104"], ["54", "104"], ["54", "104"], ["74", "104"], ["72", "104"], ["72", "104"], ["60", "104"], ["67", "104"], ["65", "104"], ["65", "104"], ["39", "104"], ["39", "104"], ["88", "104"], ["17", "18"], ["24", "22"], ["28", "26"], ["79", "77"], ["79", "77"], ["87", "85"], ["17", "33"], ["22", "36"], ["54", "36"], ["17", "36"], ["17", "77"], ["22", "77"], ["54", "77"], ["79", "91"], ["17", "91"], ["85", "91"], ["91", "100"], ["17", "100"], ["17", "24"], ["17", "28"], ["65", "39"], ["17", "39"], ["49", "39"], ["49", "39"], ["72", "39"], ["49", "44"], ["17", "44"], ["48", "44"], ["48", "44"], ["24", "79"], ["55", "79"], ["17", "79"], ["81", "79"], ["81", "79"], ["88", "87"], ["88", "87"], ["26", "81"], ["60", "81"], ["17", "81"], ["17", "88"], ["81", "88"], ["17", "95"], ["77", "95"], ["49", "46"], ["17", "46"], ["48", "46"], ["48", "46"], ["55", "54"], ["55", "54"], ["17", "54"], ["22", "54"], ["55", "60"], ["17", "60"], ["17", "65"], ["55", "65"], ["17", "96"], ["77", "96"], ["49", "48"], ["49", "48"], ["17", "48"], ["24", "55"], ["17", "55"], ["44", "55"], ["74", "72"], ["74", "72"], ["36", "49"], ["17", "49"], ["33", "49"], ["39", "49"], ["55", "62"], ["17", "62"], ["17", "67"], ["55", "67"], ["55", "74"], ["17", "74"], ["36", "48"], ["36", "49"], ["36", "36"], ["36", "46"], ["36", "44"], ["36", "55"], ["36", "54"], ["36", "39"], ["54", "60"], ["54", "72"], ["54", "67"], ["54", "74"], ["54", "65"], ["54", "62"]], "features": {"17": "<(METHOD,main)<SUB>1</SUB>>", "19": "<(BLOCK,&lt;empty&gt;,&lt;empty&gt;)<SUB>1</SUB>>", "21": "<(LOCAL,long n: long)<SUB>2</SUB>>", "23": "<(IDENTIFIER,k,long k = rl())<SUB>2</SUB>>", "25": "<(IDENTIFIER,this,rl())<SUB>2</SUB>>", "27": "<(IDENTIFIER,n,long n = -1)<SUB>2</SUB>>", "29": "<(LITERAL,1,-1)<SUB>2</SUB>>", "31": "<(LOCAL,long l: long)<SUB>3</SUB>>", "33": "<(&lt;operator&gt;.assignment,long l = 0)<SUB>3</SUB>>", "35": "<(LITERAL,0,long l = 0)<SUB>3</SUB>>", "37": "<(IDENTIFIER,r,long r = k)<SUB>3</SUB>>", "39": "<(&lt;operator&gt;.lessEqualsThan,l &lt;= r)<SUB>3</SUB>>", "41": "<(IDENTIFIER,r,l &lt;= r)<SUB>3</SUB>>", "43": "<(LOCAL,long m: long)<SUB>4</SUB>>", "45": "<(IDENTIFIER,m,long m = l + (r - l) / 2)<SUB>4</SUB>>", "47": "<(IDENTIFIER,l,l + (r - l) / 2)<SUB>4</SUB>>", "49": "<(&lt;operator&gt;.subtraction,r - l)<SUB>4</SUB>>", "51": "<(IDENTIFIER,l,r - l)<SUB>4</SUB>>", "53": "<(CONTROL_STRUCTURE,if (f(m) &lt; k),if (f(m) &lt; k))<SUB>5</SUB>>", "55": "<(f,f(m))<SUB>5</SUB>>", "57": "<(IDENTIFIER,m,f(m))<SUB>5</SUB>>", "59": "<(BLOCK,&lt;empty&gt;,&lt;empty&gt;)<SUB>5</SUB>>", "61": "<(IDENTIFIER,n,n = m + 1)<SUB>6</SUB>>", "63": "<(IDENTIFIER,m,m + 1)<SUB>6</SUB>>", "65": "<(&lt;operator&gt;.assignment,l = m + 1)<SUB>7</SUB>>", "67": "<(&lt;operator&gt;.addition,m + 1)<SUB>7</SUB>>", "69": "<(LITERAL,1,m + 1)<SUB>7</SUB>>", "71": "<(BLOCK,&lt;empty&gt;,&lt;empty&gt;)<SUB>8</SUB>>", "73": "<(IDENTIFIER,r,r = m - 1)<SUB>9</SUB>>", "75": "<(IDENTIFIER,m,m - 1)<SUB>9</SUB>>", "77": "<(&lt;operator&gt;.assignmentMinus,k -= f(n - 1))<SUB>12</SUB>>", "79": "<(f,f(n - 1))<SUB>12</SUB>>", "81": "<(&lt;operator&gt;.subtraction,n - 1)<SUB>12</SUB>>", "83": "<(LITERAL,1,n - 1)<SUB>12</SUB>>", "85": "<(&lt;operator&gt;.assignment,char[] s = Long.toString(n).toCharArray())<SUB>13</SUB>>", "87": "<(toCharArray,Long.toString(n).toCharArray())<SUB>13</SUB>>", "89": "<(IDENTIFIER,Long,Long.toString(n))<SUB>13</SUB>>", "91": "<(prln,prln(s[(int) k - 1]))<SUB>14</SUB>>", "93": "<(&lt;operator&gt;.indexAccess,s[(int) k - 1])<SUB>14</SUB>>", "95": "<(&lt;operator&gt;.subtraction,(int) k - 1)<SUB>14</SUB>>", "97": "<(TYPE_REF,int,int)<SUB>14</SUB>>", "99": "<(LITERAL,1,(int) k - 1)<SUB>14</SUB>>", "101": "<(IDENTIFIER,this,close())<SUB>15</SUB>>", "103": "<(MODIFIER,STATIC)>"}}