{"edges": [["19", "21"], ["19", "129"], ["19", "130"], ["19", "131"], ["21", "4"], ["21", "22"], ["21", "25"], ["21", "29"], ["21", "30"], ["21", "34"], ["21", "35"], ["21", "40"], ["21", "41"], ["21", "42"], ["21", "45"], ["21", "46"], ["22", "23"], ["22", "24"], ["25", "3"], ["25", "26"], ["26", "27"], ["26", "28"], ["30", "31"], ["30", "32"], ["32", "33"], ["35", "36"], ["35", "37"], ["37", "38"], ["37", "39"], ["42", "43"], ["42", "44"], ["46", "47"], ["46", "50"], ["46", "55"], ["47", "48"], ["47", "49"], ["50", "51"], ["50", "54"], ["51", "52"], ["51", "53"], ["55", "56"], ["56", "57"], ["56", "59"], ["56", "97"], ["56", "104"], ["56", "107"], ["56", "117"], ["56", "122"], ["57", "58"], ["59", "60"], ["59", "77"], ["60", "61"], ["60", "62"], ["62", "63"], ["62", "64"], ["64", "65"], ["64", "66"], ["66", "67"], ["66", "71"], ["67", "68"], ["67", "69"], ["67", "70"], ["71", "72"], ["71", "73"], ["71", "74"], ["74", "75"], ["74", "76"], ["77", "78"], ["77", "95"], ["78", "79"], ["78", "80"], ["80", "81"], ["80", "82"], ["82", "83"], ["82", "84"], ["84", "85"], ["84", "89"], ["85", "86"], ["85", "87"], ["85", "88"], ["89", "90"], ["89", "91"], ["89", "92"], ["92", "93"], ["92", "94"], ["95", "96"], ["97", "98"], ["97", "99"], ["99", "100"], ["99", "101"], ["101", "102"], ["101", "103"], ["104", "105"], ["104", "106"], ["107", "108"], ["107", "109"], ["109", "110"], ["109", "111"], ["111", "112"], ["111", "113"], ["111", "114"], ["114", "115"], ["114", "116"], ["117", "118"], ["117", "119"], ["119", "120"], ["119", "121"], ["122", "123"], ["122", "126"], ["123", "124"], ["123", "125"], ["126", "127"], ["126", "128"], ["22", "28"], ["25", "32"], ["30", "37"], ["35", "42"], ["42", "47"], ["24", "22"], ["26", "25"], ["32", "30"], ["37", "35"], ["47", "53"], ["47", "57"], ["50", "131"], ["28", "26"], ["51", "50"], ["53", "51"], ["57", "65"], ["97", "104"], ["104", "110"], ["107", "119"], ["117", "125"], ["122", "131"], ["60", "83"], ["60", "100"], ["99", "97"], ["109", "107"], ["119", "117"], ["123", "126"], ["126", "122"], ["62", "60"], ["78", "95"], ["95", "65"], ["100", "101"], ["101", "99"], ["110", "114"], ["111", "109"], ["125", "123"], ["64", "62"], ["80", "78"], ["114", "111"], ["65", "67"], ["66", "64"], ["82", "80"], ["67", "74"], ["71", "66"], ["83", "85"], ["84", "82"], ["74", "71"], ["85", "92"], ["89", "84"], ["92", "89"], ["19", "24"], ["20", "131"], ["22", "131"], ["25", "131"], ["25", "131"], ["32", "131"], ["30", "131"], ["30", "131"], ["35", "131"], ["35", "131"], ["35", "131"], ["42", "131"], ["42", "131"], ["47", "131"], ["50", "131"], ["50", "131"], ["50", "131"], ["119", "131"], ["19", "20"], ["19", "22"], ["32", "30"], ["37", "35"], ["37", "35"], ["19", "42"], ["22", "25"], ["19", "25"], ["25", "32"], ["19", "32"], ["30", "37"], ["19", "37"], ["37", "47"], ["19", "47"], ["47", "50"], ["19", "50"], ["19", "97"], ["101", "97"], ["101", "97"], ["101", "104"], ["19", "104"], ["19", "107"], ["111", "107"], ["111", "107"], ["111", "107"], ["119", "117"], ["119", "117"], ["42", "57"], ["19", "57"], ["101", "104"], ["104", "107"], ["126", "122"], ["126", "122"], ["35", "60"], ["78", "60"], ["19", "60"], ["62", "60"], ["62", "60"], ["80", "78"], ["80", "78"], ["19", "99"], ["101", "99"], ["101", "99"], ["19", "109"], ["111", "109"], ["111", "109"], ["111", "109"], ["19", "119"], ["107", "119"], ["117", "126"], ["19", "126"], ["97", "126"], ["74", "62"], ["19", "62"], ["66", "62"], ["66", "62"], ["60", "78"], ["19", "78"], ["80", "95"], ["19", "95"], ["60", "101"], ["19", "101"], ["62", "101"], ["71", "111"], ["19", "111"], ["114", "111"], ["114", "111"], ["19", "64"], ["66", "64"], ["66", "64"], ["92", "80"], ["19", "80"], ["84", "80"], ["84", "80"], ["19", "114"], ["101", "114"], ["67", "66"], ["67", "66"], ["67", "66"], ["71", "66"], ["71", "66"], ["71", "66"], ["19", "82"], ["84", "82"], ["84", "82"], ["89", "67"], ["19", "67"], ["57", "67"], ["95", "67"], ["67", "71"], ["19", "71"], ["74", "71"], ["74", "71"], ["85", "84"], ["85", "84"], ["85", "84"], ["89", "84"], ["89", "84"], ["89", "84"], ["67", "74"], ["19", "74"], ["71", "85"], ["19", "85"], ["62", "85"], ["85", "89"], ["19", "89"], ["92", "89"], ["92", "89"], ["85", "92"], ["19", "92"], ["47", "107"], ["47", "60"], ["47", "64"], ["47", "51"], ["47", "57"], ["47", "66"], ["47", "122"], ["47", "99"], ["47", "114"], ["47", "67"], ["47", "104"], ["47", "74"], ["47", "119"], ["47", "123"], ["47", "65"], ["47", "50"], ["47", "97"], ["47", "101"], ["47", "126"], ["47", "71"], ["47", "100"], ["47", "53"], ["47", "110"], ["47", "117"], ["47", "125"], ["47", "111"], ["47", "109"], ["47", "62"], ["60", "60"], ["60", "64"], ["60", "89"], ["60", "66"], ["60", "84"], ["60", "85"], ["60", "67"], ["60", "74"], ["60", "95"], ["60", "92"], ["60", "65"], ["60", "82"], ["60", "80"], ["60", "83"], ["60", "71"], ["60", "78"], ["60", "62"]], "features": {"19": "<(METHOD,main)<SUB>1</SUB>>", "21": "<(BLOCK,&lt;empty&gt;,&lt;empty&gt;)<SUB>1</SUB>>", "22": "<(&lt;operator&gt;.assignment,ANY scan = new Scanner(System.in))<SUB>2</SUB>>", "24": "<(&lt;operator&gt;.alloc,new Scanner(System.in))<SUB>2</SUB>>", "3": "<(IDENTIFIER,scan,new Scanner(System.in))<SUB>2</SUB>>", "27": "<(IDENTIFIER,System,new Scanner(System.in))<SUB>2</SUB>>", "29": "<(LOCAL,long k: long)<SUB>3</SUB>>", "31": "<(IDENTIFIER,k,long k = nextLong())<SUB>3</SUB>>", "33": "<(IDENTIFIER,scan,nextLong())<SUB>3</SUB>>", "35": "<(&lt;operator&gt;.assignment,long k2 = k - 10)<SUB>4</SUB>>", "37": "<(&lt;operator&gt;.subtraction,k - 10)<SUB>4</SUB>>", "39": "<(LITERAL,10,k - 10)<SUB>4</SUB>>", "41": "<(LOCAL,int pos: int)<SUB>5</SUB>>", "43": "<(IDENTIFIER,cont,int cont = 1)<SUB>5</SUB>>", "45": "<(LOCAL,String out: java.lang.String)<SUB>6</SUB>>", "47": "<(&lt;operator&gt;.lessEqualsThan,k &lt;= 9)<SUB>8</SUB>>", "49": "<(LITERAL,9,k &lt;= 9)<SUB>8</SUB>>", "51": "<(&lt;operator&gt;.fieldAccess,System.out)<SUB>9</SUB>>", "53": "<(FIELD_IDENTIFIER,out,out)<SUB>9</SUB>>", "55": "<(CONTROL_STRUCTURE,else,else)<SUB>10</SUB>>", "57": "<(&lt;operator&gt;.postIncrement,cont++)<SUB>11</SUB>>", "59": "<(CONTROL_STRUCTURE,while (k2 &gt;= cont * (long) (Math.pow(10, cont) - Math.pow(10, cont - 1))),while (k2 &gt;= cont * (long) (Math.pow(10, cont) - Math.pow(10, cont - 1))))<SUB>12</SUB>>", "61": "<(IDENTIFIER,k2,k2 &gt;= cont * (long) (Math.pow(10, cont) - Math.pow(10, cont - 1)))<SUB>12</SUB>>", "63": "<(IDENTIFIER,cont,cont * (long) (Math.pow(10, cont) - Math.pow(10, cont - 1)))<SUB>12</SUB>>", "65": "<(TYPE_REF,long,long)<SUB>12</SUB>>", "67": "<(pow,Math.pow(10, cont))<SUB>12</SUB>>", "69": "<(LITERAL,10,Math.pow(10, cont))<SUB>12</SUB>>", "71": "<(pow,Math.pow(10, cont - 1))<SUB>12</SUB>>", "73": "<(LITERAL,10,Math.pow(10, cont - 1))<SUB>12</SUB>>", "75": "<(IDENTIFIER,cont,cont - 1)<SUB>12</SUB>>", "77": "<(BLOCK,&lt;empty&gt;,&lt;empty&gt;)<SUB>12</SUB>>", "79": "<(IDENTIFIER,k2,k2 -= cont * (long) (Math.pow(10, cont) - Math.pow(10, cont - 1)))<SUB>13</SUB>>", "81": "<(IDENTIFIER,cont,cont * (long) (Math.pow(10, cont) - Math.pow(10, cont - 1)))<SUB>13</SUB>>", "83": "<(TYPE_REF,long,long)<SUB>13</SUB>>", "85": "<(pow,Math.pow(10, cont))<SUB>13</SUB>>", "87": "<(LITERAL,10,Math.pow(10, cont))<SUB>13</SUB>>", "89": "<(pow,Math.pow(10, cont - 1))<SUB>13</SUB>>", "91": "<(LITERAL,10,Math.pow(10, cont - 1))<SUB>13</SUB>>", "93": "<(IDENTIFIER,cont,cont - 1)<SUB>13</SUB>>", "95": "<(&lt;operator&gt;.postIncrement,cont++)<SUB>14</SUB>>", "97": "<(&lt;operator&gt;.assignment,pos = (int) (k2 % cont))<SUB>16</SUB>>", "99": "<(&lt;operator&gt;.cast,(int) (k2 % cont))<SUB>16</SUB>>", "101": "<(&lt;operator&gt;.modulo,k2 % cont)<SUB>16</SUB>>", "103": "<(IDENTIFIER,cont,k2 % cont)<SUB>16</SUB>>", "105": "<(IDENTIFIER,k2,k2 /= cont)<SUB>17</SUB>>", "107": "<(&lt;operator&gt;.assignmentPlus,k2 += (long) Math.pow(10, cont - 1))<SUB>18</SUB>>", "109": "<(&lt;operator&gt;.cast,(long) Math.pow(10, cont - 1))<SUB>18</SUB>>", "111": "<(pow,Math.pow(10, cont - 1))<SUB>18</SUB>>", "113": "<(LITERAL,10,Math.pow(10, cont - 1))<SUB>18</SUB>>", "115": "<(IDENTIFIER,cont,cont - 1)<SUB>18</SUB>>", "117": "<(&lt;operator&gt;.assignment,out = String.valueOf(k2))<SUB>19</SUB>>", "119": "<(valueOf,String.valueOf(k2))<SUB>19</SUB>>", "121": "<(IDENTIFIER,k2,String.valueOf(k2))<SUB>19</SUB>>", "123": "<(&lt;operator&gt;.fieldAccess,System.out)<SUB>20</SUB>>", "125": "<(FIELD_IDENTIFIER,out,out)<SUB>20</SUB>>", "127": "<(IDENTIFIER,out,out.charAt(pos))<SUB>20</SUB>>", "129": "<(MODIFIER,PUBLIC)>", "131": "<(METHOD_RETURN,void)<SUB>1</SUB>>"}}