{"edges": [["19", "21"], ["19", "55"], ["19", "56"], ["19", "57"], ["21", "4"], ["21", "22"], ["21", "25"], ["21", "29"], ["21", "30"], ["21", "34"], ["21", "35"], ["21", "40"], ["21", "41"], ["21", "46"], ["22", "23"], ["22", "24"], ["25", "3"], ["25", "26"], ["26", "27"], ["26", "28"], ["30", "31"], ["30", "32"], ["32", "33"], ["35", "36"], ["35", "37"], ["37", "38"], ["37", "39"], ["41", "42"], ["41", "43"], ["43", "44"], ["43", "45"], ["46", "47"], ["46", "50"], ["47", "48"], ["47", "49"], ["50", "51"], ["50", "52"], ["52", "53"], ["52", "54"], ["22", "28"], ["25", "32"], ["30", "37"], ["35", "43"], ["41", "49"], ["46", "57"], ["24", "22"], ["26", "25"], ["32", "30"], ["37", "35"], ["43", "41"], ["47", "53"], ["50", "46"], ["28", "26"], ["49", "47"], ["52", "50"], ["53", "52"], ["19", "24"], ["20", "57"], ["22", "57"], ["25", "57"], ["25", "57"], ["32", "57"], ["30", "57"], ["30", "57"], ["37", "57"], ["35", "57"], ["35", "57"], ["43", "57"], ["41", "57"], ["41", "57"], ["46", "57"], ["50", "57"], ["50", "57"], ["46", "57"], ["46", "57"], ["37", "57"], ["52", "57"], ["19", "20"], ["19", "22"], ["32", "30"], ["37", "35"], ["37", "35"], ["35", "41"], ["19", "41"], ["22", "25"], ["19", "25"], ["50", "46"], ["50", "46"], ["25", "32"], ["19", "32"], ["19", "37"], ["30", "37"], ["35", "43"], ["19", "43"], ["41", "50"], ["19", "50"], ["19", "52"]], "features": {"19": "<(METHOD,main)<SUB>1</SUB>>", "21": "<(BLOCK,&lt;empty&gt;,&lt;empty&gt;)<SUB>1</SUB>>", "22": "<(&lt;operator&gt;.assignment,ANY sc = new Scanner(System.in))<SUB>2</SUB>>", "24": "<(&lt;operator&gt;.alloc,new Scanner(System.in))<SUB>2</SUB>>", "3": "<(IDENTIFIER,sc,new Scanner(System.in))<SUB>2</SUB>>", "27": "<(IDENTIFIER,System,new Scanner(System.in))<SUB>2</SUB>>", "29": "<(LOCAL,long k: long)<SUB>3</SUB>>", "31": "<(IDENTIFIER,k,long k = nextLong())<SUB>3</SUB>>", "33": "<(IDENTIFIER,sc,nextLong())<SUB>3</SUB>>", "35": "<(&lt;operator&gt;.assignment,long bi = bin(k))<SUB>4</SUB>>", "37": "<(bin,bin(k))<SUB>4</SUB>>", "39": "<(IDENTIFIER,k,bin(k))<SUB>4</SUB>>", "41": "<(&lt;operator&gt;.assignment,String str = bi + &quot;&quot;)<SUB>5</SUB>>", "43": "<(&lt;operator&gt;.addition,bi + &quot;&quot;)<SUB>5</SUB>>", "45": "<(LITERAL,&quot;&quot;,bi + &quot;&quot;)<SUB>5</SUB>>", "47": "<(&lt;operator&gt;.fieldAccess,System.out)<SUB>6</SUB>>", "49": "<(FIELD_IDENTIFIER,out,out)<SUB>6</SUB>>", "51": "<(IDENTIFIER,str,str.charAt((int) diff))<SUB>6</SUB>>", "53": "<(TYPE_REF,int,int)<SUB>6</SUB>>", "55": "<(MODIFIER,PUBLIC)>", "57": "<(METHOD_RETURN,void)<SUB>1</SUB>>"}}