{"edges": [["19", "20"], ["19", "21"], ["19", "44"], ["19", "45"], ["19", "46"], ["21", "4"], ["21", "22"], ["21", "25"], ["21", "26"], ["21", "27"], ["21", "30"], ["22", "23"], ["22", "24"], ["25", "3"], ["27", "28"], ["27", "29"], ["30", "31"], ["30", "35"], ["31", "32"], ["31", "34"], ["32", "33"], ["35", "36"], ["35", "37"], ["35", "41"], ["37", "38"], ["37", "39"], ["39", "40"], ["41", "42"], ["41", "43"], ["22", "25"], ["25", "27"], ["27", "32"], ["24", "22"], ["31", "46"], ["31", "39"], ["32", "31"], ["37", "41"], ["41", "32"], ["39", "37"], ["19", "24"], ["20", "46"], ["22", "46"], ["25", "46"], ["25", "46"], ["27", "46"], ["32", "46"], ["31", "46"], ["31", "46"], ["41", "46"], ["41", "46"], ["41", "46"], ["19", "20"], ["19", "22"], ["19", "27"], ["22", "25"], ["19", "25"], ["32", "31"], ["19", "31"], ["39", "37"], ["27", "32"], ["19", "32"], ["19", "41"], ["37", "41"], ["25", "39"], ["19", "39"], ["31", "32"], ["31", "41"], ["31", "37"], ["31", "39"], ["31", "31"]], "features": {"19": "<(METHOD,main)<SUB>1</SUB>>", "21": "<(BLOCK,&lt;empty&gt;,&lt;empty&gt;)<SUB>1</SUB>>", "22": "<(&lt;operator&gt;.assignment,ANY in = new FastReader())<SUB>3</SUB>>", "24": "<(&lt;operator&gt;.alloc,new FastReader())<SUB>3</SUB>>", "3": "<(IDENTIFIER,in,new FastReader())<SUB>3</SUB>>", "27": "<(&lt;operator&gt;.assignment,int q = 1)<SUB>5</SUB>>", "29": "<(LITERAL,1,int q = 1)<SUB>5</SUB>>", "31": "<(&lt;operator&gt;.greaterThan,q-- &gt; 0)<SUB>7</SUB>>", "33": "<(IDENTIFIER,q,q--)<SUB>7</SUB>>", "35": "<(BLOCK,&lt;empty&gt;,&lt;empty&gt;)<SUB>7</SUB>>", "37": "<(&lt;operator&gt;.assignment,k = nextLong())<SUB>9</SUB>>", "39": "<(nextLong,nextLong())<SUB>9</SUB>>", "41": "<(Query,Query(k))<SUB>10</SUB>>", "43": "<(IDENTIFIER,k,Query(k))<SUB>10</SUB>>", "45": "<(MODIFIER,STATIC)>"}}