{"edges": [["19", "21"], ["19", "41"], ["19", "42"], ["19", "43"], ["21", "4"], ["21", "22"], ["21", "25"], ["21", "29"], ["21", "30"], ["21", "34"], ["22", "23"], ["22", "24"], ["25", "3"], ["25", "26"], ["26", "27"], ["26", "28"], ["30", "31"], ["30", "32"], ["32", "33"], ["34", "35"], ["34", "38"], ["35", "36"], ["35", "37"], ["38", "39"], ["38", "40"], ["22", "28"], ["25", "32"], ["30", "37"], ["34", "43"], ["24", "22"], ["26", "25"], ["32", "30"], ["35", "38"], ["38", "34"], ["28", "26"], ["37", "35"], ["19", "24"], ["20", "43"], ["22", "43"], ["25", "43"], ["25", "43"], ["32", "43"], ["30", "43"], ["30", "43"], ["34", "43"], ["38", "43"], ["34", "43"], ["34", "43"], ["38", "43"], ["19", "20"], ["19", "22"], ["32", "30"], ["22", "25"], ["19", "25"], ["38", "34"], ["38", "34"], ["25", "32"], ["19", "32"], ["19", "38"], ["30", "38"]], "features": {"19": "<(METHOD,main)<SUB>1</SUB>>", "21": "<(BLOCK,&lt;empty&gt;,&lt;empty&gt;)<SUB>1</SUB>>", "22": "<(&lt;operator&gt;.assignment,ANY input = new Scanner(System.in))<SUB>2</SUB>>", "24": "<(&lt;operator&gt;.alloc,new Scanner(System.in))<SUB>2</SUB>>", "3": "<(IDENTIFIER,input,new Scanner(System.in))<SUB>2</SUB>>", "27": "<(IDENTIFIER,System,new Scanner(System.in))<SUB>2</SUB>>", "29": "<(LOCAL,long k: long)<SUB>3</SUB>>", "31": "<(IDENTIFIER,k,long k = nextLong())<SUB>3</SUB>>", "33": "<(IDENTIFIER,input,nextLong())<SUB>3</SUB>>", "35": "<(&lt;operator&gt;.fieldAccess,System.out)<SUB>4</SUB>>", "37": "<(FIELD_IDENTIFIER,out,out)<SUB>4</SUB>>", "39": "<(IDENTIFIER,this,result(k))<SUB>4</SUB>>", "41": "<(MODIFIER,PUBLIC)>", "43": "<(METHOD_RETURN,void)<SUB>1</SUB>>"}}