{"edges": [["25", "26"], ["25", "27"], ["25", "148"], ["25", "149"], ["25", "150"], ["27", "28"], ["27", "29"], ["27", "30"], ["27", "31"], ["27", "32"], ["27", "33"], ["27", "34"], ["27", "35"], ["27", "36"], ["27", "37"], ["27", "38"], ["27", "4"], ["27", "39"], ["27", "42"], ["27", "6"], ["27", "43"], ["27", "46"], ["27", "8"], ["27", "47"], ["27", "50"], ["27", "10"], ["27", "51"], ["27", "54"], ["27", "55"], ["27", "56"], ["27", "60"], ["27", "63"], ["27", "66"], ["27", "69"], ["27", "97"], ["27", "98"], ["27", "105"], ["27", "106"], ["27", "118"], ["27", "119"], ["27", "135"], ["27", "136"], ["27", "141"], ["27", "146"], ["39", "40"], ["39", "41"], ["42", "3"], ["43", "44"], ["43", "45"], ["46", "5"], ["47", "48"], ["47", "49"], ["50", "7"], ["51", "52"], ["51", "53"], ["54", "9"], ["56", "57"], ["56", "58"], ["58", "59"], ["60", "61"], ["60", "62"], ["63", "64"], ["63", "65"], ["66", "67"], ["66", "68"], ["69", "70"], ["69", "71"], ["71", "72"], ["72", "73"], ["72", "80"], ["72", "85"], ["73", "74"], ["73", "75"], ["75", "76"], ["75", "77"], ["77", "78"], ["77", "79"], ["80", "81"], ["80", "84"], ["81", "82"], ["81", "83"], ["85", "86"], ["86", "87"], ["86", "92"], ["86", "95"], ["87", "88"], ["87", "89"], ["89", "90"], ["89", "91"], ["92", "93"], ["92", "94"], ["95", "96"], ["98", "99"], ["98", "100"], ["100", "101"], ["100", "104"], ["101", "102"], ["101", "103"], ["106", "107"], ["106", "108"], ["108", "109"], ["108", "117"], ["109", "110"], ["109", "111"], ["111", "112"], ["111", "113"], ["111", "114"], ["114", "115"], ["114", "116"], ["119", "120"], ["119", "121"], ["121", "122"], ["121", "134"], ["122", "123"], ["122", "124"], ["124", "125"], ["124", "130"], ["124", "131"], ["125", "126"], ["125", "129"], ["126", "127"], ["126", "128"], ["131", "132"], ["131", "133"], ["136", "137"], ["136", "138"], ["138", "139"], ["138", "140"], ["141", "142"], ["141", "143"], ["143", "144"], ["143", "145"], ["146", "147"], ["39", "42"], ["42", "45"], ["43", "46"], ["46", "49"], ["47", "50"], ["50", "53"], ["51", "54"], ["54", "58"], ["56", "60"], ["60", "63"], ["63", "66"], ["66", "77"], ["66", "101"], ["98", "110"], ["106", "123"], ["119", "138"], ["136", "143"], ["141", "146"], ["146", "150"], ["41", "39"], ["45", "43"], ["49", "47"], ["53", "51"], ["58", "56"], ["100", "98"], ["108", "106"], ["121", "119"], ["138", "136"], ["143", "141"], ["101", "100"], ["109", "108"], ["122", "121"], ["73", "81"], ["73", "89"], ["110", "114"], ["111", "109"], ["123", "126"], ["124", "122"], ["75", "73"], ["81", "101"], ["114", "111"], ["125", "124"], ["125", "131"], ["131", "124"], ["77", "75"], ["87", "92"], ["92", "95"], ["95", "77"], ["95", "101"], ["126", "125"], ["89", "87"], ["25", "41"], ["26", "150"], ["39", "150"], ["42", "150"], ["42", "150"], ["43", "150"], ["46", "150"], ["46", "150"], ["47", "150"], ["50", "150"], ["50", "150"], ["51", "150"], ["54", "150"], ["54", "150"], ["56", "150"], ["56", "150"], ["60", "150"], ["60", "150"], ["63", "150"], ["66", "150"], ["66", "150"], ["77", "150"], ["75", "150"], ["73", "150"], ["73", "150"], ["87", "150"], ["87", "150"], ["87", "150"], ["92", "150"], ["92", "150"], ["95", "150"], ["81", "150"], ["81", "150"], ["100", "150"], ["98", "150"], ["98", "150"], ["111", "150"], ["109", "150"], ["108", "150"], ["108", "150"], ["106", "150"], ["106", "150"], ["126", "150"], ["124", "150"], ["131", "150"], ["124", "150"], ["124", "150"], ["122", "150"], ["121", "150"], ["119", "150"], ["119", "150"], ["138", "150"], ["136", "150"], ["136", "150"], ["143", "150"], ["143", "150"], ["141", "150"], ["141", "150"], ["146", "150"], ["146", "150"], ["58", "150"], ["111", "150"], ["138", "150"], ["25", "26"], ["25", "39"], ["25", "43"], ["25", "47"], ["25", "51"], ["58", "56"], ["25", "60"], ["25", "63"], ["25", "66"], ["100", "98"], ["100", "98"], ["25", "106"], ["111", "106"], ["111", "106"], ["111", "106"], ["98", "106"], ["121", "119"], ["121", "119"], ["138", "136"], ["138", "136"], ["39", "42"], ["25", "42"], ["43", "46"], ["25", "46"], ["47", "50"], ["25", "50"], ["51", "54"], ["25", "54"], ["25", "70"], ["25", "141"], ["143", "141"], ["143", "141"], ["141", "146"], ["25", "146"], ["25", "58"], ["101", "100"], ["101", "100"], ["63", "100"], ["77", "100"], ["95", "100"], ["25", "100"], ["25", "108"], ["111", "108"], ["111", "108"], ["111", "108"], ["98", "108"], ["25", "121"], ["126", "121"], ["131", "121"], ["125", "121"], ["131", "121"], ["25", "138"], ["106", "138"], ["136", "143"], ["25", "143"], ["119", "143"], ["56", "101"], ["73", "101"], ["81", "101"], ["25", "101"], ["25", "109"], ["111", "109"], ["111", "109"], ["111", "109"], ["25", "122"], ["126", "122"], ["131", "122"], ["125", "122"], ["131", "122"], ["56", "73"], ["25", "73"], ["66", "73"], ["87", "73"], ["77", "73"], ["77", "73"], ["25", "81"], ["66", "81"], ["87", "81"], ["25", "111"], ["114", "111"], ["114", "111"], ["126", "124"], ["131", "124"], ["25", "124"], ["125", "124"], ["131", "124"], ["66", "75"], ["87", "75"], ["25", "75"], ["77", "75"], ["77", "75"], ["73", "81"], ["89", "87"], ["89", "87"], ["25", "92"], ["100", "114"], ["25", "114"], ["126", "125"], ["126", "125"], ["25", "125"], ["126", "131"], ["25", "131"], ["126", "131"], ["60", "77"], ["92", "77"], ["25", "77"], ["63", "77"], ["95", "77"], ["25", "87"], ["66", "87"], ["89", "92"], ["89", "95"], ["25", "95"], ["101", "126"], ["25", "126"], ["114", "126"], ["77", "89"], ["25", "89"], ["77", "89"], ["73", "89"], ["73", "81"], ["73", "95"], ["73", "92"], ["73", "87"], ["73", "73"], ["73", "77"], ["73", "75"], ["125", "131"]], "features": {"25": "<(METHOD,main)<SUB>1</SUB>>", "27": "<(BLOCK,&lt;empty&gt;,&lt;empty&gt;)<SUB>2</SUB>>", "29": "<(LOCAL,int j: int)<SUB>2</SUB>>", "31": "<(LOCAL,long flag1: long)<SUB>3</SUB>>", "33": "<(LOCAL,long temp: long)<SUB>3</SUB>>", "35": "<(LOCAL,long temp1: long)<SUB>3</SUB>>", "37": "<(LOCAL,long counter: long)<SUB>3</SUB>>", "4": "<(LOCAL,HashMap&lt;Integer, Integer&gt; hm: ANY)<SUB>4</SUB>>", "40": "<(IDENTIFIER,hm,ANY hm = new HashMap&lt;Integer, Integer&gt;())<SUB>4</SUB>>", "42": "<(&lt;init&gt;,new HashMap&lt;Integer, Integer&gt;())<SUB>4</SUB>>", "6": "<(LOCAL,ArrayList&lt;Integer&gt; arr: ANY)<SUB>11</SUB>>", "44": "<(IDENTIFIER,arr,ANY arr = new ArrayList&lt;Integer&gt;())<SUB>11</SUB>>", "46": "<(&lt;init&gt;,new ArrayList&lt;Integer&gt;())<SUB>11</SUB>>", "8": "<(LOCAL,HashSet&lt;Integer&gt; set: ANY)<SUB>12</SUB>>", "48": "<(IDENTIFIER,set,ANY set = new HashSet&lt;Integer&gt;())<SUB>12</SUB>>", "50": "<(&lt;init&gt;,new HashSet&lt;Integer&gt;())<SUB>12</SUB>>", "10": "<(LOCAL,PriorityQueue&lt;Integer&gt; pq: ANY)<SUB>13</SUB>>", "52": "<(IDENTIFIER,pq,ANY pq = new PriorityQueue&lt;Integer&gt;())<SUB>13</SUB>>", "54": "<(&lt;init&gt;,new PriorityQueue&lt;Integer&gt;())<SUB>13</SUB>>", "55": "<(LOCAL,long k: long)<SUB>18</SUB>>", "57": "<(IDENTIFIER,k,long k = nl())<SUB>18</SUB>>", "59": "<(IDENTIFIER,in,nl())<SUB>18</SUB>>", "61": "<(IDENTIFIER,temp,temp = 9)<SUB>19</SUB>>", "63": "<(&lt;operator&gt;.assignment,l = 1)<SUB>19</SUB>>", "65": "<(LITERAL,1,l = 1)<SUB>19</SUB>>", "67": "<(IDENTIFIER,temp2,temp2 = 0)<SUB>19</SUB>>", "69": "<(CONTROL_STRUCTURE,while (true),while (true))<SUB>20</SUB>>", "71": "<(BLOCK,&lt;empty&gt;,&lt;empty&gt;)<SUB>21</SUB>>", "73": "<(&lt;operator&gt;.lessEqualsThan,k &lt;= temp2 + temp * l)<SUB>21</SUB>>", "75": "<(&lt;operator&gt;.addition,temp2 + temp * l)<SUB>21</SUB>>", "77": "<(&lt;operator&gt;.multiplication,temp * l)<SUB>21</SUB>>", "79": "<(IDENTIFIER,l,temp * l)<SUB>21</SUB>>", "81": "<(&lt;operator&gt;.assignmentMinus,k -= temp2)<SUB>22</SUB>>", "83": "<(IDENTIFIER,temp2,k -= temp2)<SUB>22</SUB>>", "85": "<(CONTROL_STRUCTURE,else,else)<SUB>24</SUB>>", "87": "<(&lt;operator&gt;.assignmentPlus,temp2 += temp * l)<SUB>24</SUB>>", "89": "<(&lt;operator&gt;.multiplication,temp * l)<SUB>24</SUB>>", "91": "<(IDENTIFIER,l,temp * l)<SUB>24</SUB>>", "93": "<(IDENTIFIER,temp,temp *= 10)<SUB>25</SUB>>", "95": "<(&lt;operator&gt;.postIncrement,l++)<SUB>26</SUB>>", "97": "<(LOCAL,long z: long)<SUB>29</SUB>>", "99": "<(IDENTIFIER,z,long z = (k - 1) / l)<SUB>29</SUB>>", "101": "<(&lt;operator&gt;.subtraction,k - 1)<SUB>29</SUB>>", "103": "<(LITERAL,1,k - 1)<SUB>29</SUB>>", "105": "<(LOCAL,long no: long)<SUB>31</SUB>>", "107": "<(IDENTIFIER,no,long no = (long) Math.pow(10, (l - 1)) + z)<SUB>31</SUB>>", "109": "<(&lt;operator&gt;.cast,(long) Math.pow(10, (l - 1)))<SUB>31</SUB>>", "111": "<(pow,Math.pow(10, (l - 1)))<SUB>31</SUB>>", "113": "<(LITERAL,10,Math.pow(10, (l - 1)))<SUB>31</SUB>>", "115": "<(IDENTIFIER,l,l - 1)<SUB>31</SUB>>", "117": "<(IDENTIFIER,z,(long) Math.pow(10, (l - 1)) + z)<SUB>31</SUB>>", "119": "<(&lt;operator&gt;.assignment,int index = (int) (k % l == 0 ? l : k % l) - 1)<SUB>33</SUB>>", "121": "<(&lt;operator&gt;.subtraction,(int) (k % l == 0 ? l : k % l) - 1)<SUB>33</SUB>>", "123": "<(TYPE_REF,int,int)<SUB>33</SUB>>", "125": "<(&lt;operator&gt;.equals,k % l == 0)<SUB>33</SUB>>", "127": "<(IDENTIFIER,k,k % l)<SUB>33</SUB>>", "129": "<(LITERAL,0,k % l == 0)<SUB>33</SUB>>", "131": "<(&lt;operator&gt;.modulo,k % l)<SUB>33</SUB>>", "133": "<(IDENTIFIER,l,k % l)<SUB>33</SUB>>", "135": "<(LOCAL,String p: java.lang.String)<SUB>34</SUB>>", "137": "<(IDENTIFIER,p,String p = Long.toString(no))<SUB>34</SUB>>", "139": "<(IDENTIFIER,Long,Long.toString(no))<SUB>34</SUB>>", "141": "<(println,println(p.charAt(index)))<SUB>36</SUB>>", "143": "<(charAt,p.charAt(index))<SUB>36</SUB>>", "145": "<(IDENTIFIER,index,p.charAt(index))<SUB>36</SUB>>", "147": "<(IDENTIFIER,out,close())<SUB>38</SUB>>", "149": "<(MODIFIER,STATIC)>"}}