{"edges": [["19", "20"], ["19", "21"], ["19", "134"], ["19", "135"], ["19", "136"], ["21", "4"], ["21", "22"], ["21", "25"], ["21", "29"], ["21", "30"], ["21", "34"], ["22", "23"], ["22", "24"], ["25", "3"], ["25", "26"], ["26", "27"], ["26", "28"], ["30", "31"], ["30", "32"], ["32", "33"], ["34", "35"], ["34", "38"], ["34", "43"], ["35", "36"], ["35", "37"], ["38", "39"], ["38", "42"], ["39", "40"], ["39", "41"], ["43", "44"], ["44", "45"], ["44", "46"], ["44", "49"], ["44", "83"], ["44", "84"], ["44", "89"], ["44", "94"], ["44", "104"], ["44", "106"], ["44", "107"], ["44", "119"], ["44", "120"], ["44", "125"], ["46", "47"], ["46", "48"], ["49", "50"], ["49", "65"], ["50", "51"], ["50", "52"], ["52", "53"], ["52", "54"], ["54", "55"], ["54", "59"], ["55", "56"], ["55", "57"], ["55", "58"], ["59", "60"], ["59", "61"], ["59", "62"], ["62", "63"], ["62", "64"], ["65", "66"], ["65", "81"], ["66", "67"], ["66", "68"], ["68", "69"], ["68", "70"], ["70", "71"], ["70", "75"], ["71", "72"], ["71", "73"], ["71", "74"], ["75", "76"], ["75", "77"], ["75", "78"], ["78", "79"], ["78", "80"], ["81", "82"], ["84", "85"], ["84", "86"], ["86", "87"], ["86", "88"], ["89", "90"], ["89", "91"], ["91", "92"], ["91", "93"], ["94", "95"], ["94", "98"], ["95", "96"], ["95", "97"], ["98", "99"], ["98", "102"], ["99", "100"], ["99", "101"], ["102", "103"], ["104", "105"], ["107", "108"], ["107", "109"], ["109", "110"], ["109", "111"], ["111", "112"], ["111", "118"], ["112", "113"], ["112", "114"], ["112", "115"], ["115", "116"], ["115", "117"], ["120", "121"], ["120", "122"], ["122", "123"], ["122", "124"], ["125", "126"], ["125", "129"], ["126", "127"], ["126", "128"], ["129", "130"], ["129", "131"], ["131", "132"], ["131", "133"], ["22", "28"], ["25", "32"], ["30", "35"], ["24", "22"], ["26", "25"], ["32", "30"], ["35", "41"], ["35", "46"], ["38", "136"], ["28", "26"], ["39", "38"], ["41", "39"], ["46", "55"], ["84", "91"], ["89", "95"], ["104", "110"], ["107", "122"], ["120", "128"], ["125", "136"], ["50", "71"], ["50", "86"], ["86", "84"], ["91", "89"], ["95", "99"], ["95", "104"], ["109", "107"], ["122", "120"], ["126", "132"], ["129", "125"], ["52", "50"], ["66", "81"], ["81", "55"], ["99", "102"], ["102", "104"], ["110", "115"], ["111", "109"], ["128", "126"], ["131", "129"], ["54", "52"], ["68", "66"], ["112", "111"], ["132", "131"], ["55", "62"], ["59", "54"], ["70", "68"], ["115", "112"], ["62", "59"], ["71", "78"], ["75", "70"], ["78", "75"], ["19", "24"], ["20", "136"], ["22", "136"], ["25", "136"], ["25", "136"], ["32", "136"], ["30", "136"], ["30", "136"], ["35", "136"], ["38", "136"], ["38", "136"], ["38", "136"], ["19", "20"], ["19", "22"], ["32", "30"], ["22", "25"], ["19", "25"], ["25", "32"], ["19", "32"], ["30", "35"], ["19", "35"], ["35", "38"], ["19", "38"], ["19", "46"], ["86", "84"], ["86", "84"], ["91", "89"], ["91", "89"], ["19", "107"], ["112", "107"], ["112", "107"], ["112", "107"], ["89", "107"], ["102", "107"], ["19", "120"], ["107", "120"], ["95", "104"], ["99", "104"], ["19", "104"], ["129", "125"], ["129", "125"], ["35", "50"], ["66", "50"], ["19", "50"], ["52", "50"], ["52", "50"], ["68", "66"], ["68", "66"], ["50", "86"], ["19", "86"], ["52", "86"], ["86", "91"], ["19", "91"], ["86", "91"], ["84", "95"], ["19", "95"], ["91", "99"], ["19", "99"], ["19", "109"], ["112", "109"], ["112", "109"], ["112", "109"], ["89", "109"], ["102", "109"], ["19", "122"], ["107", "122"], ["120", "129"], ["19", "129"], ["104", "129"], ["62", "52"], ["19", "52"], ["54", "52"], ["54", "52"], ["50", "66"], ["19", "66"], ["68", "81"], ["19", "81"], ["89", "102"], ["19", "102"], ["112", "111"], ["112", "111"], ["112", "111"], ["89", "111"], ["102", "111"], ["19", "111"], ["19", "131"], ["104", "131"], ["55", "54"], ["55", "54"], ["55", "54"], ["59", "54"], ["59", "54"], ["59", "54"], ["78", "68"], ["19", "68"], ["70", "68"], ["70", "68"], ["59", "112"], ["19", "112"], ["115", "112"], ["115", "112"], ["75", "55"], ["19", "55"], ["46", "55"], ["81", "55"], ["55", "59"], ["19", "59"], ["62", "59"], ["62", "59"], ["71", "70"], ["71", "70"], ["71", "70"], ["75", "70"], ["75", "70"], ["75", "70"], ["91", "115"], ["19", "115"], ["55", "62"], ["19", "62"], ["59", "71"], ["19", "71"], ["52", "71"], ["71", "75"], ["19", "75"], ["78", "75"], ["78", "75"], ["71", "78"], ["19", "78"], ["35", "107"], ["35", "115"], ["35", "89"], ["35", "120"], ["35", "52"], ["35", "122"], ["35", "128"], ["35", "46"], ["35", "84"], ["35", "131"], ["35", "38"], ["35", "132"], ["35", "104"], ["35", "95"], ["35", "50"], ["35", "59"], ["35", "91"], ["35", "112"], ["35", "129"], ["35", "54"], ["35", "126"], ["35", "41"], ["35", "110"], ["35", "55"], ["35", "125"], ["35", "111"], ["35", "109"], ["35", "62"], ["35", "39"], ["35", "86"], ["50", "68"], ["50", "66"], ["50", "75"], ["50", "52"], ["50", "81"], ["50", "50"], ["50", "59"], ["50", "54"], ["50", "71"], ["50", "70"], ["50", "55"], ["50", "78"], ["50", "62"], ["95", "99"], ["95", "102"]], "features": {"19": "<(METHOD,main)<SUB>1</SUB>>", "21": "<(BLOCK,&lt;empty&gt;,&lt;empty&gt;)<SUB>1</SUB>>", "22": "<(&lt;operator&gt;.assignment,ANY s = new Scanner(System.in))<SUB>3</SUB>>", "24": "<(&lt;operator&gt;.alloc,new Scanner(System.in))<SUB>3</SUB>>", "3": "<(IDENTIFIER,s,new Scanner(System.in))<SUB>3</SUB>>", "27": "<(IDENTIFIER,System,new Scanner(System.in))<SUB>3</SUB>>", "29": "<(LOCAL,long k: long)<SUB>4</SUB>>", "31": "<(IDENTIFIER,k,long k = nextLong())<SUB>4</SUB>>", "33": "<(IDENTIFIER,s,nextLong())<SUB>4</SUB>>", "35": "<(&lt;operator&gt;.lessEqualsThan,k &lt;= 9)<SUB>5</SUB>>", "37": "<(LITERAL,9,k &lt;= 9)<SUB>5</SUB>>", "39": "<(&lt;operator&gt;.fieldAccess,System.out)<SUB>6</SUB>>", "41": "<(FIELD_IDENTIFIER,out,out)<SUB>6</SUB>>", "43": "<(CONTROL_STRUCTURE,else,else)<SUB>8</SUB>>", "45": "<(LOCAL,int c: int)<SUB>10</SUB>>", "47": "<(IDENTIFIER,c,int c = 1)<SUB>10</SUB>>", "49": "<(CONTROL_STRUCTURE,while (k &gt; c * ((Math.pow(10, c)) - Math.pow(10, c - 1))),while (k &gt; c * ((Math.pow(10, c)) - Math.pow(10, c - 1))))<SUB>11</SUB>>", "51": "<(IDENTIFIER,k,k &gt; c * ((Math.pow(10, c)) - Math.pow(10, c - 1)))<SUB>11</SUB>>", "53": "<(IDENTIFIER,c,c * ((Math.pow(10, c)) - Math.pow(10, c - 1)))<SUB>11</SUB>>", "55": "<(pow,Math.pow(10, c))<SUB>11</SUB>>", "57": "<(LITERAL,10,Math.pow(10, c))<SUB>11</SUB>>", "59": "<(pow,Math.pow(10, c - 1))<SUB>11</SUB>>", "61": "<(LITERAL,10,Math.pow(10, c - 1))<SUB>11</SUB>>", "63": "<(IDENTIFIER,c,c - 1)<SUB>11</SUB>>", "65": "<(BLOCK,&lt;empty&gt;,&lt;empty&gt;)<SUB>12</SUB>>", "67": "<(IDENTIFIER,k,k -= c * ((Math.pow(10, c)) - Math.pow(10, c - 1)))<SUB>13</SUB>>", "69": "<(IDENTIFIER,c,c * ((Math.pow(10, c)) - Math.pow(10, c - 1)))<SUB>13</SUB>>", "71": "<(pow,Math.pow(10, c))<SUB>13</SUB>>", "73": "<(LITERAL,10,Math.pow(10, c))<SUB>13</SUB>>", "75": "<(pow,Math.pow(10, c - 1))<SUB>13</SUB>>", "77": "<(LITERAL,10,Math.pow(10, c - 1))<SUB>13</SUB>>", "79": "<(IDENTIFIER,c,c - 1)<SUB>13</SUB>>", "81": "<(&lt;operator&gt;.postIncrement,c++)<SUB>15</SUB>>", "83": "<(LOCAL,long mo: long)<SUB>18</SUB>>", "85": "<(IDENTIFIER,mo,long mo = k % c)<SUB>18</SUB>>", "87": "<(IDENTIFIER,k,k % c)<SUB>18</SUB>>", "89": "<(&lt;operator&gt;.assignment,k = k / c)<SUB>21</SUB>>", "91": "<(&lt;operator&gt;.division,k / c)<SUB>21</SUB>>", "93": "<(IDENTIFIER,c,k / c)<SUB>21</SUB>>", "95": "<(&lt;operator&gt;.equals,mo == 0)<SUB>23</SUB>>", "97": "<(LITERAL,0,mo == 0)<SUB>23</SUB>>", "99": "<(&lt;operator&gt;.assignment,mo = c)<SUB>24</SUB>>", "101": "<(IDENTIFIER,c,mo = c)<SUB>24</SUB>>", "103": "<(IDENTIFIER,k,k--)<SUB>25</SUB>>", "105": "<(IDENTIFIER,mo,mo--)<SUB>27</SUB>>", "107": "<(&lt;operator&gt;.assignment,long j = (long) (Math.pow(10, c - 1) + k))<SUB>30</SUB>>", "109": "<(&lt;operator&gt;.cast,(long) (Math.pow(10, c - 1) + k))<SUB>30</SUB>>", "111": "<(&lt;operator&gt;.addition,Math.pow(10, c - 1) + k)<SUB>30</SUB>>", "113": "<(IDENTIFIER,Math,Math.pow(10, c - 1))<SUB>30</SUB>>", "115": "<(&lt;operator&gt;.subtraction,c - 1)<SUB>30</SUB>>", "117": "<(LITERAL,1,c - 1)<SUB>30</SUB>>", "119": "<(LOCAL,String j1: java.lang.String)<SUB>32</SUB>>", "121": "<(IDENTIFIER,j1,String j1 = &quot;&quot; + j)<SUB>32</SUB>>", "123": "<(LITERAL,&quot;&quot;,&quot;&quot; + j)<SUB>32</SUB>>", "125": "<(println,System.out.println(j1.charAt((int) mo)))<SUB>36</SUB>>", "127": "<(IDENTIFIER,System,System.out.println(j1.charAt((int) mo)))<SUB>36</SUB>>", "129": "<(charAt,j1.charAt((int) mo))<SUB>36</SUB>>", "131": "<(&lt;operator&gt;.cast,(int) mo)<SUB>36</SUB>>", "133": "<(IDENTIFIER,mo,(int) mo)<SUB>36</SUB>>", "135": "<(MODIFIER,STATIC)>"}}