{"edges": [["17", "18"], ["17", "19"], ["17", "156"], ["17", "157"], ["17", "158"], ["19", "20"], ["19", "21"], ["19", "34"], ["19", "35"], ["19", "36"], ["19", "37"], ["19", "38"], ["19", "39"], ["19", "40"], ["19", "43"], ["19", "46"], ["19", "49"], ["19", "52"], ["19", "55"], ["19", "58"], ["19", "78"], ["19", "83"], ["19", "84"], ["19", "96"], ["19", "97"], ["19", "98"], ["19", "103"], ["19", "108"], ["19", "109"], ["19", "114"], ["19", "121"], ["19", "128"], ["19", "135"], ["19", "136"], ["19", "141"], ["19", "142"], ["19", "149"], ["21", "22"], ["21", "23"], ["23", "24"], ["24", "25"], ["24", "28"], ["24", "33"], ["25", "26"], ["25", "27"], ["28", "29"], ["28", "30"], ["30", "31"], ["30", "32"], ["40", "41"], ["40", "42"], ["43", "44"], ["43", "45"], ["46", "47"], ["46", "48"], ["49", "50"], ["49", "51"], ["52", "53"], ["52", "54"], ["55", "56"], ["55", "57"], ["58", "59"], ["58", "62"], ["59", "60"], ["59", "61"], ["62", "63"], ["62", "66"], ["62", "71"], ["62", "73"], ["62", "76"], ["63", "64"], ["63", "65"], ["66", "67"], ["66", "68"], ["68", "69"], ["68", "70"], ["71", "72"], ["73", "74"], ["73", "75"], ["76", "77"], ["78", "79"], ["78", "80"], ["80", "81"], ["80", "82"], ["84", "85"], ["84", "86"], ["86", "87"], ["86", "95"], ["87", "88"], ["87", "89"], ["89", "90"], ["89", "91"], ["89", "92"], ["92", "93"], ["92", "94"], ["98", "99"], ["98", "100"], ["100", "101"], ["100", "102"], ["103", "104"], ["103", "105"], ["105", "106"], ["105", "107"], ["109", "110"], ["109", "111"], ["111", "112"], ["111", "113"], ["114", "115"], ["114", "118"], ["115", "116"], ["115", "117"], ["118", "119"], ["119", "120"], ["121", "122"], ["121", "123"], ["123", "124"], ["123", "125"], ["125", "126"], ["125", "127"], ["128", "129"], ["128", "132"], ["129", "130"], ["129", "131"], ["132", "133"], ["132", "134"], ["136", "137"], ["136", "138"], ["138", "139"], ["138", "140"], ["142", "143"], ["142", "144"], ["144", "145"], ["144", "146"], ["146", "147"], ["146", "148"], ["149", "150"], ["149", "151"], ["151", "152"], ["151", "153"], ["153", "154"], ["153", "155"], ["21", "40"], ["40", "43"], ["43", "46"], ["46", "49"], ["49", "52"], ["52", "55"], ["55", "59"], ["78", "88"], ["84", "100"], ["98", "105"], ["103", "111"], ["109", "115"], ["121", "129"], ["136", "145"], ["142", "153"], ["149", "158"], ["23", "21"], ["59", "63"], ["59", "80"], ["80", "78"], ["86", "84"], ["100", "98"], ["105", "103"], ["111", "109"], ["115", "119"], ["115", "125"], ["123", "121"], ["129", "132"], ["129", "138"], ["132", "138"], ["138", "136"], ["144", "142"], ["151", "149"], ["63", "68"], ["66", "71"], ["71", "73"], ["73", "76"], ["76", "59"], ["87", "86"], ["119", "125"], ["125", "123"], ["145", "146"], ["146", "144"], ["153", "151"], ["25", "32"], ["28", "23"], ["68", "66"], ["88", "92"], ["89", "87"], ["27", "25"], ["30", "28"], ["92", "89"], ["32", "30"], ["17", "27"], ["18", "158"], ["25", "158"], ["28", "158"], ["28", "158"], ["28", "158"], ["21", "158"], ["21", "158"], ["40", "158"], ["40", "158"], ["43", "158"], ["46", "158"], ["46", "158"], ["49", "158"], ["52", "158"], ["55", "158"], ["55", "158"], ["59", "158"], ["59", "158"], ["80", "158"], ["78", "158"], ["78", "158"], ["89", "158"], ["87", "158"], ["86", "158"], ["84", "158"], ["84", "158"], ["98", "158"], ["98", "158"], ["103", "158"], ["103", "158"], ["111", "158"], ["109", "158"], ["109", "158"], ["115", "158"], ["115", "158"], ["119", "158"], ["125", "158"], ["125", "158"], ["123", "158"], ["121", "158"], ["121", "158"], ["129", "158"], ["132", "158"], ["132", "158"], ["138", "158"], ["136", "158"], ["136", "158"], ["146", "158"], ["144", "158"], ["142", "158"], ["142", "158"], ["153", "158"], ["153", "158"], ["151", "158"], ["149", "158"], ["149", "158"], ["63", "158"], ["66", "158"], ["66", "158"], ["71", "158"], ["71", "158"], ["73", "158"], ["73", "158"], ["76", "158"], ["149", "158"], ["89", "158"], ["17", "18"], ["23", "21"], ["23", "21"], ["17", "40"], ["17", "43"], ["17", "46"], ["17", "49"], ["17", "52"], ["21", "55"], ["17", "55"], ["80", "78"], ["80", "78"], ["86", "84"], ["86", "84"], ["100", "98"], ["100", "98"], ["105", "103"], ["105", "103"], ["84", "109"], ["17", "109"], ["98", "109"], ["123", "121"], ["123", "121"], ["17", "136"], ["109", "136"], ["119", "136"], ["17", "142"], ["146", "142"], ["146", "142"], ["125", "132"], ["17", "132"], ["17", "149"], ["153", "149"], ["153", "149"], ["25", "23"], ["28", "23"], ["17", "23"], ["43", "59"], ["66", "59"], ["17", "59"], ["21", "59"], ["59", "63"], ["17", "63"], ["68", "66"], ["68", "66"], ["17", "73"], ["59", "80"], ["17", "80"], ["52", "80"], ["63", "80"], ["17", "86"], ["89", "86"], ["89", "86"], ["89", "86"], ["78", "100"], ["17", "100"], ["92", "100"], ["100", "105"], ["17", "105"], ["100", "105"], ["84", "111"], ["17", "111"], ["98", "111"], ["103", "115"], ["17", "115"], ["105", "123"], ["17", "123"], ["125", "123"], ["125", "123"], ["121", "129"], ["17", "129"], ["129", "132"], ["17", "138"], ["109", "138"], ["119", "138"], ["17", "144"], ["146", "144"], ["146", "144"], ["17", "151"], ["153", "151"], ["153", "151"], ["17", "25"], ["17", "33"], ["17", "66"], ["59", "66"], ["68", "71"], ["17", "71"], ["68", "73"], ["49", "76"], ["17", "76"], ["17", "87"], ["89", "87"], ["89", "87"], ["89", "87"], ["109", "119"], ["17", "119"], ["105", "125"], ["17", "125"], ["98", "125"], ["129", "146"], ["132", "146"], ["17", "146"], ["136", "153"], ["17", "153"], ["142", "153"], ["25", "28"], ["17", "28"], ["40", "68"], ["71", "68"], ["17", "68"], ["46", "68"], ["73", "68"], ["17", "89"], ["92", "89"], ["92", "89"], ["49", "92"], ["76", "92"], ["17", "92"], ["59", "76"], ["59", "68"], ["59", "73"], ["59", "59"], ["59", "66"], ["59", "71"], ["59", "63"], ["115", "119"], ["129", "132"]], "features": {"17": "<(METHOD,main)<SUB>1</SUB>>", "19": "<(BLOCK,&lt;empty&gt;,&lt;empty&gt;)<SUB>1</SUB>>", "21": "<(&lt;operator&gt;.assignment,long k = nextLong())<SUB>2</SUB>>", "23": "<(nextLong,nextLong())<SUB>2</SUB>>", "25": "<(&lt;operator&gt;.assignment,&lt;empty&gt;)>", "27": "<(&lt;operator&gt;.alloc,new Scanner(System.in))<SUB>2</SUB>>", "29": "<(IDENTIFIER,$obj0,new Scanner(System.in))>", "31": "<(IDENTIFIER,System,new Scanner(System.in))<SUB>2</SUB>>", "33": "<(IDENTIFIER,$obj0,&lt;empty&gt;)>", "35": "<(LOCAL,long t: long)<SUB>3</SUB>>", "37": "<(LOCAL,long digits: long)<SUB>3</SUB>>", "39": "<(LOCAL,long k2: long)<SUB>3</SUB>>", "41": "<(IDENTIFIER,i,long i = 1)<SUB>3</SUB>>", "43": "<(&lt;operator&gt;.assignment,long t = 0)<SUB>3</SUB>>", "45": "<(LITERAL,0,long t = 0)<SUB>3</SUB>>", "47": "<(IDENTIFIER,c,long c = 9)<SUB>3</SUB>>", "49": "<(&lt;operator&gt;.assignment,long digits = 0)<SUB>3</SUB>>", "51": "<(LITERAL,0,long digits = 0)<SUB>3</SUB>>", "53": "<(IDENTIFIER,l,long l = 0)<SUB>3</SUB>>", "55": "<(&lt;operator&gt;.assignment,long k2 = k)<SUB>3</SUB>>", "57": "<(IDENTIFIER,k,long k2 = k)<SUB>3</SUB>>", "59": "<(&lt;operator&gt;.lessThan,t &lt; k)<SUB>4</SUB>>", "61": "<(IDENTIFIER,k,t &lt; k)<SUB>4</SUB>>", "63": "<(&lt;operator&gt;.assignment,l = t)<SUB>5</SUB>>", "65": "<(IDENTIFIER,t,l = t)<SUB>5</SUB>>", "67": "<(IDENTIFIER,t,t += i * c)<SUB>6</SUB>>", "69": "<(IDENTIFIER,i,i * c)<SUB>6</SUB>>", "71": "<(&lt;operator&gt;.postIncrement,i++)<SUB>7</SUB>>", "73": "<(&lt;operator&gt;.assignmentMultiplication,c *= 10)<SUB>8</SUB>>", "75": "<(LITERAL,10,c *= 10)<SUB>8</SUB>>", "77": "<(IDENTIFIER,digits,digits++)<SUB>9</SUB>>", "79": "<(IDENTIFIER,k,k = k - l)<SUB>11</SUB>>", "81": "<(IDENTIFIER,k,k - l)<SUB>11</SUB>>", "83": "<(LOCAL,long lastNumber: long)<SUB>12</SUB>>", "85": "<(IDENTIFIER,lastNumber,long lastNumber = (long) Math.pow(10, digits - 1) - 1)<SUB>12</SUB>>", "87": "<(&lt;operator&gt;.cast,(long) Math.pow(10, digits - 1))<SUB>12</SUB>>", "89": "<(pow,Math.pow(10, digits - 1))<SUB>12</SUB>>", "91": "<(LITERAL,10,Math.pow(10, digits - 1))<SUB>12</SUB>>", "93": "<(IDENTIFIER,digits,digits - 1)<SUB>12</SUB>>", "95": "<(LITERAL,1,(long) Math.pow(10, digits - 1) - 1)<SUB>12</SUB>>", "97": "<(LOCAL,long q: long)<SUB>13</SUB>>", "99": "<(IDENTIFIER,p,long p = k / digits)<SUB>13</SUB>>", "101": "<(IDENTIFIER,k,k / digits)<SUB>13</SUB>>", "103": "<(&lt;operator&gt;.assignment,long q = k % digits)<SUB>13</SUB>>", "105": "<(&lt;operator&gt;.modulo,k % digits)<SUB>13</SUB>>", "107": "<(IDENTIFIER,digits,k % digits)<SUB>13</SUB>>", "109": "<(&lt;operator&gt;.assignment,long finalNumber = lastNumber + p)<SUB>14</SUB>>", "111": "<(&lt;operator&gt;.addition,lastNumber + p)<SUB>14</SUB>>", "113": "<(IDENTIFIER,p,lastNumber + p)<SUB>14</SUB>>", "115": "<(&lt;operator&gt;.notEquals,q != 0)<SUB>15</SUB>>", "117": "<(LITERAL,0,q != 0)<SUB>15</SUB>>", "119": "<(&lt;operator&gt;.postIncrement,finalNumber++)<SUB>16</SUB>>", "121": "<(&lt;operator&gt;.assignment,k = k - digits * p)<SUB>18</SUB>>", "123": "<(&lt;operator&gt;.subtraction,k - digits * p)<SUB>18</SUB>>", "125": "<(&lt;operator&gt;.multiplication,digits * p)<SUB>18</SUB>>", "127": "<(IDENTIFIER,p,digits * p)<SUB>18</SUB>>", "129": "<(&lt;operator&gt;.lessEqualsThan,k &lt;= 0)<SUB>19</SUB>>", "131": "<(LITERAL,0,k &lt;= 0)<SUB>19</SUB>>", "133": "<(IDENTIFIER,k,k += digits)<SUB>20</SUB>>", "135": "<(LOCAL,String ans: java.lang.String)<SUB>21</SUB>>", "137": "<(IDENTIFIER,ans,String ans = &quot;&quot; + finalNumber)<SUB>21</SUB>>", "139": "<(LITERAL,&quot;&quot;,&quot;&quot; + finalNumber)<SUB>21</SUB>>", "141": "<(LOCAL,int index: int)<SUB>22</SUB>>", "143": "<(IDENTIFIER,index,int index = (int) (k - 1))<SUB>22</SUB>>", "145": "<(TYPE_REF,int,int)<SUB>22</SUB>>", "147": "<(IDENTIFIER,k,k - 1)<SUB>22</SUB>>", "149": "<(print,print(&quot;&quot; + ans.charAt(index)))<SUB>23</SUB>>", "151": "<(&lt;operator&gt;.addition,&quot;&quot; + ans.charAt(index))<SUB>23</SUB>>", "153": "<(charAt,ans.charAt(index))<SUB>23</SUB>>", "155": "<(IDENTIFIER,index,ans.charAt(index))<SUB>23</SUB>>", "157": "<(MODIFIER,STATIC)>"}}