{"edges": [["21", "23"], ["21", "61"], ["21", "62"], ["21", "63"], ["23", "4"], ["23", "24"], ["23", "27"], ["23", "31"], ["23", "32"], ["23", "35"], ["23", "59"], ["24", "25"], ["24", "26"], ["27", "3"], ["27", "28"], ["28", "29"], ["28", "30"], ["32", "33"], ["32", "34"], ["35", "36"], ["35", "37"], ["35", "40"], ["35", "43"], ["35", "45"], ["37", "38"], ["37", "39"], ["40", "41"], ["40", "42"], ["43", "44"], ["45", "46"], ["45", "47"], ["45", "6"], ["45", "51"], ["45", "54"], ["45", "56"], ["47", "48"], ["47", "49"], ["49", "50"], ["51", "52"], ["51", "53"], ["54", "5"], ["54", "55"], ["56", "57"], ["56", "58"], ["59", "60"], ["24", "30"], ["27", "32"], ["32", "37"], ["59", "63"], ["26", "24"], ["28", "27"], ["37", "40"], ["40", "49"], ["40", "59"], ["43", "40"], ["30", "28"], ["47", "53"], ["51", "54"], ["54", "56"], ["56", "43"], ["49", "47"], ["53", "51"], ["21", "26"], ["22", "63"], ["24", "63"], ["27", "63"], ["27", "63"], ["32", "63"], ["37", "63"], ["40", "63"], ["40", "63"], ["40", "63"], ["59", "63"], ["59", "63"], ["47", "63"], ["47", "63"], ["51", "63"], ["54", "63"], ["56", "63"], ["56", "63"], ["56", "63"], ["43", "63"], ["49", "63"], ["21", "22"], ["21", "24"], ["21", "32"], ["24", "27"], ["21", "27"], ["21", "37"], ["27", "59"], ["54", "59"], ["21", "59"], ["37", "40"], ["43", "40"], ["21", "40"], ["32", "40"], ["40", "43"], ["21", "43"], ["49", "47"], ["21", "51"], ["51", "54"], ["21", "54"], ["27", "54"], ["54", "56"], ["21", "56"], ["47", "56"], ["21", "49"], ["40", "40"], ["40", "47"], ["40", "49"], ["40", "51"], ["40", "53"], ["40", "56"], ["40", "54"], ["40", "43"]], "features": {"21": "<(METHOD,main)<SUB>1</SUB>>", "23": "<(BLOCK,&lt;empty&gt;,&lt;empty&gt;)<SUB>1</SUB>>", "24": "<(&lt;operator&gt;.assignment,ANY out = new PrintWriter(System.out))<SUB>2</SUB>>", "26": "<(&lt;operator&gt;.alloc,new PrintWriter(System.out))<SUB>2</SUB>>", "3": "<(IDENTIFIER,out,new PrintWriter(System.out))<SUB>2</SUB>>", "29": "<(IDENTIFIER,System,new PrintWriter(System.out))<SUB>2</SUB>>", "31": "<(LOCAL,int T: int)<SUB>5</SUB>>", "33": "<(IDENTIFIER,T,int T = 1)<SUB>5</SUB>>", "35": "<(CONTROL_STRUCTURE,for (int t = 0; Some(t &lt; T); t++),for (int t = 0; Some(t &lt; T); t++))<SUB>6</SUB>>", "37": "<(&lt;operator&gt;.assignment,int t = 0)<SUB>6</SUB>>", "39": "<(LITERAL,0,int t = 0)<SUB>6</SUB>>", "41": "<(IDENTIFIER,t,t &lt; T)<SUB>6</SUB>>", "43": "<(&lt;operator&gt;.postIncrement,t++)<SUB>6</SUB>>", "45": "<(BLOCK,&lt;empty&gt;,&lt;empty&gt;)<SUB>6</SUB>>", "47": "<(&lt;operator&gt;.assignment,long k = Long())<SUB>7</SUB>>", "49": "<(Long,Long())<SUB>7</SUB>>", "6": "<(LOCAL,Solution sol: ANY)<SUB>8</SUB>>", "52": "<(IDENTIFIER,sol,ANY sol = new Solution(out))<SUB>8</SUB>>", "54": "<(&lt;init&gt;,new Solution(out))<SUB>8</SUB>>", "55": "<(IDENTIFIER,out,new Solution(out))<SUB>8</SUB>>", "57": "<(IDENTIFIER,sol,solution(k))<SUB>9</SUB>>", "59": "<(flush,flush())<SUB>11</SUB>>", "61": "<(MODIFIER,PUBLIC)>", "63": "<(METHOD_RETURN,void)<SUB>1</SUB>>"}}