{"edges": [["19", "21"], ["19", "43"], ["19", "44"], ["19", "45"], ["21", "4"], ["21", "22"], ["21", "25"], ["21", "29"], ["21", "30"], ["21", "34"], ["22", "23"], ["22", "24"], ["25", "3"], ["25", "26"], ["26", "27"], ["26", "28"], ["30", "31"], ["30", "32"], ["32", "33"], ["34", "35"], ["34", "38"], ["35", "36"], ["35", "37"], ["38", "39"], ["38", "40"], ["38", "41"], ["38", "42"], ["22", "28"], ["25", "32"], ["30", "37"], ["34", "45"], ["24", "22"], ["26", "25"], ["32", "30"], ["35", "38"], ["38", "34"], ["28", "26"], ["37", "35"], ["19", "24"], ["20", "45"], ["22", "45"], ["25", "45"], ["25", "45"], ["32", "45"], ["30", "45"], ["30", "45"], ["34", "45"], ["38", "45"], ["34", "45"], ["34", "45"], ["38", "45"], ["19", "20"], ["19", "22"], ["32", "30"], ["22", "25"], ["19", "25"], ["38", "34"], ["38", "34"], ["38", "34"], ["25", "32"], ["19", "32"], ["19", "38"], ["30", "38"]], "features": {"19": "<(METHOD,main)<SUB>1</SUB>>", "21": "<(BLOCK,&lt;empty&gt;,&lt;empty&gt;)<SUB>1</SUB>>", "22": "<(&lt;operator&gt;.assignment,ANY sc = new Scanner(System.in))<SUB>2</SUB>>", "24": "<(&lt;operator&gt;.alloc,new Scanner(System.in))<SUB>2</SUB>>", "3": "<(IDENTIFIER,sc,new Scanner(System.in))<SUB>2</SUB>>", "27": "<(IDENTIFIER,System,new Scanner(System.in))<SUB>2</SUB>>", "29": "<(LOCAL,long tc: long)<SUB>3</SUB>>", "31": "<(IDENTIFIER,tc,tc = nextLong())<SUB>4</SUB>>", "33": "<(IDENTIFIER,sc,nextLong())<SUB>4</SUB>>", "35": "<(&lt;operator&gt;.fieldAccess,System.out)<SUB>5</SUB>>", "37": "<(FIELD_IDENTIFIER,out,out)<SUB>5</SUB>>", "39": "<(IDENTIFIER,this,solve(1, 1, tc))<SUB>5</SUB>>", "41": "<(LITERAL,1,solve(1, 1, tc))<SUB>5</SUB>>", "43": "<(MODIFIER,PUBLIC)>", "45": "<(METHOD_RETURN,void)<SUB>1</SUB>>"}}