{"edges": [["19", "20"], ["19", "21"], ["19", "48"], ["19", "49"], ["19", "50"], ["21", "4"], ["21", "22"], ["21", "25"], ["21", "29"], ["21", "30"], ["21", "34"], ["21", "35"], ["21", "43"], ["22", "23"], ["22", "24"], ["25", "3"], ["25", "26"], ["26", "27"], ["26", "28"], ["30", "31"], ["30", "32"], ["32", "33"], ["35", "36"], ["35", "37"], ["37", "38"], ["37", "39"], ["37", "40"], ["37", "41"], ["37", "42"], ["43", "44"], ["43", "47"], ["44", "45"], ["44", "46"], ["22", "28"], ["25", "32"], ["30", "37"], ["35", "46"], ["43", "50"], ["24", "22"], ["26", "25"], ["32", "30"], ["37", "35"], ["44", "43"], ["28", "26"], ["46", "44"], ["19", "24"], ["20", "50"], ["22", "50"], ["25", "50"], ["25", "50"], ["32", "50"], ["30", "50"], ["30", "50"], ["37", "50"], ["35", "50"], ["35", "50"], ["43", "50"], ["43", "50"], ["43", "50"], ["37", "50"], ["19", "20"], ["19", "22"], ["32", "30"], ["37", "35"], ["37", "35"], ["37", "35"], ["37", "35"], ["22", "25"], ["19", "25"], ["35", "43"], ["19", "43"], ["25", "32"], ["19", "32"], ["19", "37"], ["30", "37"]], "features": {"19": "<(METHOD,main)<SUB>1</SUB>>", "21": "<(BLOCK,&lt;empty&gt;,&lt;empty&gt;)<SUB>1</SUB>>", "22": "<(&lt;operator&gt;.assignment,ANY in = new Scanner(System.in))<SUB>2</SUB>>", "24": "<(&lt;operator&gt;.alloc,new Scanner(System.in))<SUB>2</SUB>>", "3": "<(IDENTIFIER,in,new Scanner(System.in))<SUB>2</SUB>>", "27": "<(IDENTIFIER,System,new Scanner(System.in))<SUB>2</SUB>>", "29": "<(LOCAL,long N: long)<SUB>3</SUB>>", "31": "<(IDENTIFIER,N,long N = nextLong())<SUB>3</SUB>>", "33": "<(IDENTIFIER,in,nextLong())<SUB>3</SUB>>", "35": "<(&lt;operator&gt;.assignment,long answer = solve(N, 0, 1, 1))<SUB>4</SUB>>", "37": "<(solve,solve(N, 0, 1, 1))<SUB>4</SUB>>", "39": "<(IDENTIFIER,N,solve(N, 0, 1, 1))<SUB>4</SUB>>", "41": "<(LITERAL,1,solve(N, 0, 1, 1))<SUB>4</SUB>>", "43": "<(println,System.out.println(answer))<SUB>5</SUB>>", "45": "<(IDENTIFIER,System,System.out.println(answer))<SUB>5</SUB>>", "47": "<(IDENTIFIER,answer,System.out.println(answer))<SUB>5</SUB>>", "49": "<(MODIFIER,STATIC)>"}}