{"edges": [["19", "20"], ["19", "21"], ["19", "98"], ["19", "99"], ["19", "100"], ["21", "4"], ["21", "22"], ["21", "25"], ["21", "29"], ["21", "33"], ["21", "37"], ["21", "41"], ["22", "23"], ["22", "24"], ["25", "3"], ["25", "26"], ["26", "27"], ["26", "28"], ["29", "30"], ["29", "31"], ["31", "32"], ["33", "34"], ["33", "35"], ["35", "36"], ["37", "38"], ["37", "39"], ["39", "40"], ["41", "42"], ["41", "43"], ["41", "46"], ["41", "49"], ["41", "51"], ["43", "44"], ["43", "45"], ["46", "47"], ["46", "48"], ["49", "50"], ["51", "52"], ["51", "53"], ["51", "56"], ["51", "57"], ["51", "60"], ["51", "89"], ["53", "54"], ["53", "55"], ["57", "58"], ["57", "59"], ["60", "61"], ["60", "62"], ["60", "65"], ["60", "68"], ["60", "70"], ["62", "63"], ["62", "64"], ["65", "66"], ["65", "67"], ["68", "69"], ["70", "71"], ["70", "82"], ["71", "72"], ["71", "77"], ["71", "79"], ["72", "73"], ["72", "76"], ["73", "74"], ["73", "75"], ["77", "78"], ["79", "80"], ["80", "81"], ["82", "83"], ["82", "86"], ["83", "84"], ["83", "85"], ["86", "87"], ["86", "88"], ["89", "90"], ["89", "91"], ["91", "92"], ["91", "97"], ["92", "93"], ["92", "96"], ["93", "94"], ["93", "95"], ["22", "28"], ["25", "31"], ["29", "35"], ["33", "39"], ["37", "43"], ["24", "22"], ["26", "25"], ["31", "29"], ["35", "33"], ["39", "37"], ["43", "46"], ["46", "100"], ["46", "53"], ["49", "46"], ["28", "26"], ["53", "57"], ["57", "62"], ["62", "65"], ["65", "90"], ["65", "73"], ["68", "65"], ["90", "95"], ["90", "49"], ["92", "97"], ["97", "100"], ["72", "77"], ["72", "80"], ["77", "83"], ["83", "86"], ["83", "68"], ["86", "68"], ["93", "92"], ["73", "72"], ["80", "83"], ["95", "93"], ["19", "24"], ["97", "100"], ["20", "100"], ["22", "100"], ["25", "100"], ["25", "100"], ["29", "100"], ["29", "100"], ["35", "100"], ["33", "100"], ["33", "100"], ["37", "100"], ["39", "100"], ["37", "100"], ["37", "100"], ["43", "100"], ["46", "100"], ["53", "100"], ["53", "100"], ["57", "100"], ["57", "100"], ["62", "100"], ["65", "100"], ["65", "100"], ["65", "100"], ["49", "100"], ["92", "100"], ["92", "100"], ["92", "100"], ["72", "100"], ["72", "100"], ["80", "100"], ["77", "100"], ["83", "100"], ["86", "100"], ["86", "100"], ["68", "100"], ["19", "20"], ["19", "22"], ["31", "29"], ["35", "33"], ["39", "37"], ["22", "25"], ["19", "25"], ["19", "43"], ["25", "31"], ["19", "31"], ["31", "35"], ["19", "35"], ["33", "39"], ["19", "39"], ["43", "46"], ["49", "46"], ["19", "46"], ["19", "49"], ["46", "49"], ["46", "53"], ["19", "53"], ["19", "57"], ["19", "62"], ["19", "90"], ["62", "65"], ["68", "65"], ["19", "65"], ["29", "65"], ["65", "68"], ["19", "68"], ["19", "97"], ["19", "86"], ["53", "92"], ["83", "92"], ["19", "92"], ["37", "72"], ["19", "72"], ["53", "77"], ["83", "77"], ["19", "77"], ["80", "83"], ["77", "83"], ["19", "83"], ["53", "80"], ["83", "80"], ["19", "80"], ["46", "57"], ["46", "53"], ["46", "65"], ["46", "90"], ["46", "62"], ["65", "68"], ["65", "73"], ["65", "83"], ["65", "72"], ["65", "65"], ["90", "49"], ["90", "46"], ["90", "95"], ["90", "92"], ["90", "97"], ["90", "93"], ["72", "80"], ["72", "77"], ["83", "86"]], "features": {"19": "<(METHOD,main)<SUB>1</SUB>>", "21": "<(BLOCK,&lt;empty&gt;,&lt;empty&gt;)<SUB>1</SUB>>", "22": "<(&lt;operator&gt;.assignment,ANY input = new Scanner(System.in))<SUB>2</SUB>>", "24": "<(&lt;operator&gt;.alloc,new Scanner(System.in))<SUB>2</SUB>>", "3": "<(IDENTIFIER,input,new Scanner(System.in))<SUB>2</SUB>>", "27": "<(IDENTIFIER,System,new Scanner(System.in))<SUB>2</SUB>>", "29": "<(&lt;operator&gt;.assignment,n = nextInt())<SUB>3</SUB>>", "31": "<(nextInt,nextInt())<SUB>3</SUB>>", "33": "<(&lt;operator&gt;.assignment,s = next())<SUB>4</SUB>>", "35": "<(next,next())<SUB>4</SUB>>", "37": "<(&lt;operator&gt;.assignment,a = toCharArray())<SUB>5</SUB>>", "39": "<(toCharArray,toCharArray())<SUB>5</SUB>>", "41": "<(CONTROL_STRUCTURE,for (int i = 0; Some(i &lt; 200); ++i),for (int i = 0; Some(i &lt; 200); ++i))<SUB>6</SUB>>", "43": "<(&lt;operator&gt;.assignment,int i = 0)<SUB>6</SUB>>", "45": "<(LITERAL,0,int i = 0)<SUB>6</SUB>>", "47": "<(IDENTIFIER,i,i &lt; 200)<SUB>6</SUB>>", "49": "<(&lt;operator&gt;.preIncrement,++i)<SUB>6</SUB>>", "51": "<(BLOCK,&lt;empty&gt;,&lt;empty&gt;)<SUB>6</SUB>>", "53": "<(&lt;operator&gt;.assignment,int cur = i)<SUB>7</SUB>>", "55": "<(IDENTIFIER,i,int cur = i)<SUB>7</SUB>>", "57": "<(&lt;operator&gt;.assignment,boolean fl = true)<SUB>8</SUB>>", "59": "<(LITERAL,true,boolean fl = true)<SUB>8</SUB>>", "61": "<(LOCAL,int j: int)<SUB>9</SUB>>", "63": "<(IDENTIFIER,j,int j = 0)<SUB>9</SUB>>", "65": "<(&lt;operator&gt;.lessThan,j &lt; n)<SUB>9</SUB>>", "67": "<(IDENTIFIER,n,j &lt; n)<SUB>9</SUB>>", "69": "<(IDENTIFIER,j,++j)<SUB>9</SUB>>", "71": "<(CONTROL_STRUCTURE,if (a[j] == '+'),if (a[j] == '+'))<SUB>10</SUB>>", "73": "<(&lt;operator&gt;.indexAccess,a[j])<SUB>10</SUB>>", "75": "<(IDENTIFIER,j,a[j] == '+')<SUB>10</SUB>>", "77": "<(&lt;operator&gt;.preIncrement,++cur)<SUB>11</SUB>>", "79": "<(CONTROL_STRUCTURE,else,else)<SUB>13</SUB>>", "81": "<(IDENTIFIER,cur,--cur)<SUB>13</SUB>>", "83": "<(&lt;operator&gt;.lessThan,cur &lt; 0)<SUB>14</SUB>>", "85": "<(LITERAL,0,cur &lt; 0)<SUB>14</SUB>>", "87": "<(IDENTIFIER,fl,fl = false)<SUB>15</SUB>>", "89": "<(CONTROL_STRUCTURE,if (fl),if (fl))<SUB>17</SUB>>", "91": "<(BLOCK,&lt;empty&gt;,&lt;empty&gt;)<SUB>17</SUB>>", "93": "<(&lt;operator&gt;.fieldAccess,System.out)<SUB>18</SUB>>", "95": "<(FIELD_IDENTIFIER,out,out)<SUB>18</SUB>>", "97": "<(RETURN,return;,return;)<SUB>19</SUB>>", "99": "<(MODIFIER,STATIC)>"}}