{"edges": [["17", "19"], ["17", "33"], ["17", "34"], ["17", "35"], ["19", "20"], ["19", "22"], ["19", "23"], ["19", "30"], ["20", "21"], ["23", "24"], ["23", "25"], ["25", "26"], ["25", "27"], ["25", "28"], ["28", "29"], ["30", "31"], ["30", "32"], ["20", "25"], ["20", "28"], ["23", "30"], ["30", "35"], ["25", "23"], ["28", "25"], ["17", "20"], ["18", "35"], ["20", "35"], ["25", "35"], ["23", "35"], ["23", "35"], ["30", "35"], ["30", "35"], ["20", "35"], ["25", "35"], ["28", "35"], ["30", "35"], ["17", "18"], ["17", "23"], ["28", "23"], ["17", "20"], ["17", "30"], ["23", "30"], ["17", "25"], ["28", "25"], ["17", "28"]], "features": {"17": "<(METHOD,main)<SUB>1</SUB>>", "19": "<(BLOCK,&lt;empty&gt;,&lt;empty&gt;)<SUB>1</SUB>>", "21": "<(IDENTIFIER,this,init())<SUB>2</SUB>>", "23": "<(&lt;operator&gt;.assignment,int N = ONE_TEST_CASE ? 1 : sc.nextInt())<SUB>3</SUB>>", "25": "<(&lt;operator&gt;.conditional,ONE_TEST_CASE ? 1 : sc.nextInt())<SUB>3</SUB>>", "27": "<(LITERAL,1,ONE_TEST_CASE ? 1 : sc.nextInt())<SUB>3</SUB>>", "29": "<(IDENTIFIER,sc,nextInt())<SUB>3</SUB>>", "31": "<(IDENTIFIER,IOUtils,run(N))<SUB>4</SUB>>", "33": "<(MODIFIER,PUBLIC)>", "35": "<(METHOD_RETURN,void)<SUB>1</SUB>>"}}