{"edges": [["19", "21"], ["19", "77"], ["19", "78"], ["19", "79"], ["21", "4"], ["21", "22"], ["21", "25"], ["21", "29"], ["21", "30"], ["21", "34"], ["22", "23"], ["22", "24"], ["25", "3"], ["25", "26"], ["26", "27"], ["26", "28"], ["30", "31"], ["30", "32"], ["32", "33"], ["34", "35"], ["34", "39"], ["35", "36"], ["35", "38"], ["36", "37"], ["39", "40"], ["39", "41"], ["39", "45"], ["39", "46"], ["39", "50"], ["39", "51"], ["39", "57"], ["41", "42"], ["41", "43"], ["43", "44"], ["46", "47"], ["46", "48"], ["48", "49"], ["51", "52"], ["51", "53"], ["53", "54"], ["53", "55"], ["53", "56"], ["57", "58"], ["57", "62"], ["57", "68"], ["58", "59"], ["58", "60"], ["60", "61"], ["62", "63"], ["63", "64"], ["63", "67"], ["64", "65"], ["64", "66"], ["68", "69"], ["69", "70"], ["70", "71"], ["70", "74"], ["71", "72"], ["71", "73"], ["74", "75"], ["74", "76"], ["22", "28"], ["25", "32"], ["30", "36"], ["24", "22"], ["26", "25"], ["32", "30"], ["35", "79"], ["35", "43"], ["28", "26"], ["36", "35"], ["41", "48"], ["46", "53"], ["51", "60"], ["43", "41"], ["48", "46"], ["53", "51"], ["58", "66"], ["58", "73"], ["60", "58"], ["63", "36"], ["64", "63"], ["70", "36"], ["66", "64"], ["71", "74"], ["74", "70"], ["73", "71"], ["19", "24"], ["20", "79"], ["22", "79"], ["25", "79"], ["25", "79"], ["32", "79"], ["30", "79"], ["30", "79"], ["36", "79"], ["35", "79"], ["35", "79"], ["70", "79"], ["70", "79"], ["63", "79"], ["53", "79"], ["19", "20"], ["19", "22"], ["32", "30"], ["22", "25"], ["19", "25"], ["25", "32"], ["19", "32"], ["36", "35"], ["19", "35"], ["43", "41"], ["48", "46"], ["53", "51"], ["53", "51"], ["53", "51"], ["30", "36"], ["19", "36"], ["32", "43"], ["48", "43"], ["19", "43"], ["43", "48"], ["19", "48"], ["19", "53"], ["41", "53"], ["46", "53"], ["51", "58"], ["19", "58"], ["60", "58"], ["19", "60"], ["70", "63"], ["19", "63"], ["63", "70"], ["19", "70"], ["58", "70"], ["19", "74"], ["58", "74"], ["35", "48"], ["35", "58"], ["35", "60"], ["35", "51"], ["35", "36"], ["35", "46"], ["35", "53"], ["35", "41"], ["35", "35"], ["35", "43"], ["58", "73"], ["58", "64"], ["58", "66"], ["58", "71"], ["58", "70"], ["58", "74"], ["58", "63"]], "features": {"19": "<(METHOD,main)<SUB>1</SUB>>", "21": "<(BLOCK,&lt;empty&gt;,&lt;empty&gt;)<SUB>1</SUB>>", "22": "<(&lt;operator&gt;.assignment,ANY sc = new Scanner(System.in))<SUB>2</SUB>>", "24": "<(&lt;operator&gt;.alloc,new Scanner(System.in))<SUB>2</SUB>>", "3": "<(IDENTIFIER,sc,new Scanner(System.in))<SUB>2</SUB>>", "27": "<(IDENTIFIER,System,new Scanner(System.in))<SUB>2</SUB>>", "29": "<(LOCAL,int T: int)<SUB>3</SUB>>", "31": "<(IDENTIFIER,T,int T = nextInt())<SUB>3</SUB>>", "33": "<(IDENTIFIER,sc,nextInt())<SUB>3</SUB>>", "35": "<(&lt;operator&gt;.greaterThan,T-- &gt; 0)<SUB>4</SUB>>", "37": "<(IDENTIFIER,T,T--)<SUB>4</SUB>>", "39": "<(BLOCK,&lt;empty&gt;,&lt;empty&gt;)<SUB>4</SUB>>", "41": "<(&lt;operator&gt;.assignment,int n = nextInt())<SUB>5</SUB>>", "43": "<(nextInt,nextInt())<SUB>5</SUB>>", "45": "<(LOCAL,BigInteger k: ANY)<SUB>6</SUB>>", "47": "<(IDENTIFIER,k,ANY k = nextBigInteger())<SUB>6</SUB>>", "49": "<(IDENTIFIER,sc,nextBigInteger())<SUB>6</SUB>>", "51": "<(&lt;operator&gt;.assignment,int ans = ss(n, k))<SUB>7</SUB>>", "53": "<(ss,ss(n, k))<SUB>7</SUB>>", "55": "<(IDENTIFIER,n,ss(n, k))<SUB>7</SUB>>", "57": "<(CONTROL_STRUCTURE,if (ans == -1),if (ans == -1))<SUB>8</SUB>>", "59": "<(IDENTIFIER,ans,ans == -1)<SUB>8</SUB>>", "61": "<(LITERAL,1,-1)<SUB>8</SUB>>", "63": "<(println,System.out.println(&quot;NO&quot;))<SUB>9</SUB>>", "65": "<(IDENTIFIER,System,System.out.println(&quot;NO&quot;))<SUB>9</SUB>>", "67": "<(LITERAL,&quot;NO&quot;,System.out.println(&quot;NO&quot;))<SUB>9</SUB>>", "69": "<(BLOCK,&lt;empty&gt;,&lt;empty&gt;)<SUB>10</SUB>>", "71": "<(&lt;operator&gt;.fieldAccess,System.out)<SUB>11</SUB>>", "73": "<(FIELD_IDENTIFIER,out,out)<SUB>11</SUB>>", "75": "<(LITERAL,&quot;YES &quot;,&quot;YES &quot; + ans)<SUB>11</SUB>>", "77": "<(MODIFIER,PUBLIC)>", "79": "<(METHOD_RETURN,void)<SUB>1</SUB>>"}}