{"edges": [["19", "20"], ["19", "21"], ["19", "94"], ["19", "95"], ["19", "96"], ["21", "4"], ["21", "22"], ["21", "25"], ["21", "36"], ["21", "37"], ["21", "43"], ["21", "44"], ["21", "51"], ["21", "52"], ["21", "59"], ["21", "65"], ["21", "66"], ["21", "70"], ["21", "89"], ["22", "23"], ["22", "24"], ["25", "3"], ["25", "26"], ["26", "27"], ["26", "30"], ["26", "35"], ["27", "28"], ["27", "29"], ["30", "31"], ["30", "32"], ["32", "33"], ["32", "34"], ["37", "38"], ["37", "39"], ["39", "40"], ["39", "42"], ["40", "41"], ["44", "45"], ["44", "46"], ["46", "47"], ["46", "48"], ["48", "49"], ["48", "50"], ["52", "53"], ["52", "54"], ["54", "55"], ["54", "56"], ["56", "57"], ["56", "58"], ["59", "60"], ["59", "61"], ["61", "62"], ["61", "64"], ["62", "63"], ["66", "67"], ["66", "68"], ["68", "69"], ["70", "71"], ["70", "72"], ["70", "75"], ["70", "78"], ["70", "80"], ["72", "73"], ["72", "74"], ["75", "76"], ["75", "77"], ["78", "79"], ["80", "81"], ["80", "84"], ["81", "82"], ["81", "83"], ["84", "85"], ["84", "86"], ["86", "87"], ["86", "88"], ["89", "90"], ["89", "91"], ["89", "92"], ["89", "93"], ["22", "29"], ["25", "40"], ["37", "48"], ["44", "56"], ["52", "62"], ["59", "68"], ["66", "72"], ["89", "96"], ["24", "22"], ["39", "37"], ["46", "44"], ["54", "52"], ["61", "59"], ["68", "66"], ["72", "75"], ["75", "81"], ["75", "89"], ["78", "75"], ["80", "78"], ["27", "34"], ["30", "25"], ["40", "39"], ["48", "46"], ["56", "54"], ["62", "61"], ["81", "86"], ["84", "80"], ["29", "27"], ["32", "30"], ["86", "84"], ["34", "32"], ["19", "24"], ["20", "96"], ["22", "96"], ["27", "96"], ["30", "96"], ["30", "96"], ["30", "96"], ["25", "96"], ["37", "96"], ["46", "96"], ["44", "96"], ["44", "96"], ["54", "96"], ["54", "96"], ["52", "96"], ["52", "96"], ["59", "96"], ["62", "96"], ["61", "96"], ["59", "96"], ["59", "96"], ["66", "96"], ["66", "96"], ["72", "96"], ["75", "96"], ["75", "96"], ["89", "96"], ["89", "96"], ["89", "96"], ["89", "96"], ["80", "96"], ["84", "96"], ["84", "96"], ["80", "96"], ["80", "96"], ["78", "96"], ["89", "96"], ["19", "20"], ["19", "22"], ["39", "37"], ["39", "37"], ["46", "44"], ["46", "44"], ["54", "52"], ["54", "52"], ["61", "59"], ["61", "59"], ["68", "66"], ["22", "25"], ["19", "25"], ["27", "25"], ["30", "25"], ["19", "72"], ["84", "80"], ["84", "80"], ["19", "89"], ["75", "89"], ["52", "89"], ["66", "89"], ["80", "89"], ["19", "27"], ["19", "35"], ["40", "39"], ["19", "39"], ["19", "46"], ["37", "46"], ["46", "54"], ["19", "54"], ["37", "54"], ["62", "61"], ["19", "61"], ["44", "68"], ["19", "68"], ["72", "75"], ["78", "75"], ["19", "75"], ["68", "75"], ["75", "78"], ["19", "78"], ["27", "30"], ["19", "30"], ["25", "40"], ["19", "40"], ["40", "62"], ["19", "62"], ["54", "84"], ["19", "84"], ["59", "84"], ["75", "80"], ["75", "75"], ["75", "81"], ["75", "84"], ["75", "78"], ["75", "86"]], "features": {"19": "<(METHOD,main)<SUB>1</SUB>>", "21": "<(BLOCK,&lt;empty&gt;,&lt;empty&gt;)<SUB>1</SUB>>", "22": "<(&lt;operator&gt;.assignment,ANY br = new BufferedReader(new InputStreamReader(System.in)))<SUB>2</SUB>>", "24": "<(&lt;operator&gt;.alloc,new BufferedReader(new InputStreamReader(System.in)))<SUB>2</SUB>>", "3": "<(IDENTIFIER,br,new BufferedReader(new InputStreamReader(System.in)))<SUB>2</SUB>>", "27": "<(&lt;operator&gt;.assignment,&lt;empty&gt;)>", "29": "<(&lt;operator&gt;.alloc,new InputStreamReader(System.in))<SUB>2</SUB>>", "31": "<(IDENTIFIER,$obj0,new InputStreamReader(System.in))>", "33": "<(IDENTIFIER,System,new InputStreamReader(System.in))<SUB>2</SUB>>", "35": "<(IDENTIFIER,$obj0,&lt;empty&gt;)>", "37": "<(&lt;operator&gt;.assignment,String[] s = split(&quot;\\\\s&quot;))<SUB>3</SUB>>", "39": "<(split,split(&quot;\\\\s&quot;))<SUB>3</SUB>>", "41": "<(IDENTIFIER,br,readLine())<SUB>3</SUB>>", "43": "<(LOCAL,int N: int)<SUB>4</SUB>>", "45": "<(IDENTIFIER,N,int N = Integer.parseInt(s[0]))<SUB>4</SUB>>", "47": "<(IDENTIFIER,Integer,Integer.parseInt(s[0]))<SUB>4</SUB>>", "49": "<(IDENTIFIER,s,Integer.parseInt(s[0]))<SUB>4</SUB>>", "51": "<(LOCAL,int K: int)<SUB>5</SUB>>", "53": "<(IDENTIFIER,K,int K = Integer.parseInt(s[1]))<SUB>5</SUB>>", "55": "<(IDENTIFIER,Integer,Integer.parseInt(s[1]))<SUB>5</SUB>>", "57": "<(IDENTIFIER,s,Integer.parseInt(s[1]))<SUB>5</SUB>>", "59": "<(&lt;operator&gt;.assignment,s = split(&quot;\\\\s&quot;))<SUB>6</SUB>>", "61": "<(split,split(&quot;\\\\s&quot;))<SUB>6</SUB>>", "63": "<(IDENTIFIER,br,readLine())<SUB>6</SUB>>", "65": "<(LOCAL,int[] arr: int[])<SUB>7</SUB>>", "67": "<(IDENTIFIER,arr,int[] arr = new int[N])<SUB>7</SUB>>", "69": "<(IDENTIFIER,N,new int[N])<SUB>7</SUB>>", "71": "<(LOCAL,int i: int)<SUB>8</SUB>>", "73": "<(IDENTIFIER,i,int i = 0)<SUB>8</SUB>>", "75": "<(&lt;operator&gt;.lessThan,i &lt; N)<SUB>8</SUB>>", "77": "<(IDENTIFIER,N,i &lt; N)<SUB>8</SUB>>", "79": "<(IDENTIFIER,i,++i)<SUB>8</SUB>>", "81": "<(&lt;operator&gt;.indexAccess,arr[i])<SUB>8</SUB>>", "83": "<(IDENTIFIER,i,arr[i] = Integer.parseInt(s[i]))<SUB>8</SUB>>", "85": "<(IDENTIFIER,Integer,Integer.parseInt(s[i]))<SUB>8</SUB>>", "87": "<(IDENTIFIER,s,Integer.parseInt(s[i]))<SUB>8</SUB>>", "89": "<(solve,solve(N, K, arr))<SUB>9</SUB>>", "91": "<(IDENTIFIER,N,solve(N, K, arr))<SUB>9</SUB>>", "93": "<(IDENTIFIER,arr,solve(N, K, arr))<SUB>9</SUB>>", "95": "<(MODIFIER,STATIC)>"}}