{"edges": [["25", "26"], ["25", "27"], ["25", "48"], ["25", "49"], ["25", "50"], ["27", "28"], ["28", "29"], ["29", "30"], ["29", "33"], ["29", "47"], ["30", "31"], ["30", "32"], ["33", "34"], ["33", "35"], ["33", "36"], ["33", "43"], ["33", "44"], ["36", "37"], ["36", "40"], ["36", "42"], ["37", "38"], ["37", "39"], ["40", "41"], ["44", "45"], ["44", "46"], ["28", "50"], ["30", "39"], ["33", "28"], ["32", "30"], ["44", "33"], ["37", "40"], ["40", "44"], ["39", "37"], ["25", "32"], ["26", "50"], ["33", "50"], ["37", "50"], ["40", "50"], ["40", "50"], ["33", "50"], ["33", "50"], ["28", "50"], ["25", "26"], ["37", "28"], ["33", "28"], ["25", "28"], ["25", "30"], ["25", "47"], ["30", "33"], ["25", "33"], ["37", "33"], ["40", "33"], ["44", "33"], ["44", "33"], ["25", "37"], ["25", "42"], ["25", "44"], ["37", "40"], ["25", "40"]], "features": {"25": "<(METHOD,main)<SUB>1</SUB>>", "27": "<(BLOCK,&lt;empty&gt;,&lt;empty&gt;)<SUB>1</SUB>>", "29": "<(BLOCK,&lt;empty&gt;,&lt;empty&gt;)<SUB>2</SUB>>", "31": "<(IDENTIFIER,$obj1,&lt;empty&gt;)>", "33": "<(&lt;init&gt;,new Thread(null, new Solution(), &quot;Main&quot;, 1 &lt;&lt; 26))<SUB>2</SUB>>", "35": "<(LITERAL,null,new Thread(null, new Solution(), &quot;Main&quot;, 1 &lt;&lt; 26))<SUB>2</SUB>>", "37": "<(&lt;operator&gt;.assignment,&lt;empty&gt;)>", "39": "<(&lt;operator&gt;.alloc,new Solution())<SUB>2</SUB>>", "41": "<(IDENTIFIER,$obj0,new Solution())>", "43": "<(LITERAL,&quot;Main&quot;,new Thread(null, new Solution(), &quot;Main&quot;, 1 &lt;&lt; 26))<SUB>2</SUB>>", "45": "<(LITERAL,1,1 &lt;&lt; 26)<SUB>2</SUB>>", "47": "<(IDENTIFIER,$obj1,&lt;empty&gt;)>", "49": "<(MODIFIER,STATIC)>"}}