{"edges": [["19", "21"], ["19", "37"], ["19", "38"], ["19", "39"], ["21", "4"], ["21", "22"], ["21", "25"], ["21", "32"], ["21", "35"], ["22", "23"], ["22", "24"], ["25", "3"], ["25", "26"], ["25", "29"], ["26", "27"], ["26", "28"], ["29", "30"], ["29", "31"], ["32", "33"], ["32", "34"], ["35", "36"], ["22", "28"], ["25", "32"], ["32", "35"], ["35", "39"], ["24", "22"], ["26", "31"], ["29", "25"], ["28", "26"], ["31", "29"], ["19", "24"], ["20", "39"], ["22", "39"], ["25", "39"], ["25", "39"], ["25", "39"], ["32", "39"], ["35", "39"], ["35", "39"], ["32", "39"], ["19", "20"], ["19", "22"], ["22", "25"], ["19", "25"], ["19", "32"], ["25", "32"], ["32", "35"], ["19", "35"]], "features": {"19": "<(METHOD,main)<SUB>1</SUB>>", "21": "<(BLOCK,&lt;empty&gt;,&lt;empty&gt;)<SUB>1</SUB>>", "22": "<(&lt;operator&gt;.assignment,ANY io = new FastIO(System.in, System.out))<SUB>2</SUB>>", "24": "<(&lt;operator&gt;.alloc,new FastIO(System.in, System.out))<SUB>2</SUB>>", "3": "<(IDENTIFIER,io,new FastIO(System.in, System.out))<SUB>2</SUB>>", "27": "<(IDENTIFIER,System,new FastIO(System.in, System.out))<SUB>2</SUB>>", "29": "<(&lt;operator&gt;.fieldAccess,System.out)<SUB>2</SUB>>", "31": "<(FIELD_IDENTIFIER,out,out)<SUB>2</SUB>>", "33": "<(IDENTIFIER,this,solve(io))<SUB>3</SUB>>", "35": "<(flush,flush())<SUB>4</SUB>>", "37": "<(MODIFIER,PUBLIC)>", "39": "<(METHOD_RETURN,void)<SUB>1</SUB>>"}}