{"edges": [["23", "24"], ["23", "25"], ["23", "76"], ["23", "77"], ["23", "78"], ["25", "26"], ["25", "27"], ["25", "32"], ["25", "33"], ["25", "4"], ["25", "38"], ["25", "41"], ["25", "6"], ["25", "43"], ["25", "46"], ["25", "8"], ["25", "48"], ["25", "51"], ["25", "52"], ["25", "53"], ["25", "59"], ["25", "74"], ["27", "28"], ["27", "29"], ["29", "30"], ["29", "31"], ["33", "34"], ["33", "35"], ["35", "36"], ["35", "37"], ["38", "39"], ["38", "40"], ["41", "3"], ["41", "42"], ["43", "44"], ["43", "45"], ["46", "5"], ["46", "47"], ["48", "49"], ["48", "50"], ["51", "7"], ["53", "54"], ["53", "55"], ["55", "56"], ["55", "57"], ["57", "58"], ["59", "60"], ["59", "61"], ["59", "64"], ["59", "67"], ["59", "69"], ["61", "62"], ["61", "63"], ["64", "65"], ["64", "66"], ["67", "68"], ["69", "70"], ["69", "71"], ["69", "72"], ["69", "73"], ["74", "75"], ["27", "37"], ["33", "40"], ["38", "41"], ["41", "45"], ["43", "46"], ["46", "50"], ["48", "51"], ["51", "57"], ["53", "61"], ["74", "78"], ["29", "27"], ["35", "33"], ["40", "38"], ["45", "43"], ["50", "48"], ["55", "53"], ["61", "64"], ["64", "69"], ["64", "74"], ["67", "64"], ["69", "67"], ["31", "29"], ["37", "35"], ["57", "55"], ["23", "31"], ["24", "78"], ["27", "78"], ["27", "78"], ["33", "78"], ["33", "78"], ["38", "78"], ["41", "78"], ["41", "78"], ["43", "78"], ["46", "78"], ["46", "78"], ["48", "78"], ["51", "78"], ["51", "78"], ["57", "78"], ["55", "78"], ["53", "78"], ["53", "78"], ["61", "78"], ["64", "78"], ["64", "78"], ["64", "78"], ["74", "78"], ["74", "78"], ["69", "78"], ["69", "78"], ["69", "78"], ["67", "78"], ["55", "78"], ["23", "24"], ["23", "38"], ["23", "43"], ["23", "48"], ["55", "53"], ["55", "53"], ["38", "41"], ["23", "41"], ["27", "41"], ["43", "46"], ["23", "46"], ["33", "46"], ["48", "51"], ["23", "51"], ["23", "61"], ["46", "74"], ["69", "74"], ["23", "74"], ["23", "55"], ["57", "55"], ["61", "64"], ["67", "64"], ["23", "64"], ["53", "64"], ["69", "67"], ["23", "67"], ["51", "69"], ["23", "69"], ["64", "69"], ["57", "69"], ["46", "69"], ["41", "57"], ["23", "57"], ["64", "69"], ["64", "67"], ["64", "64"]], "features": {"23": "<(METHOD,main)<SUB>1</SUB>>", "25": "<(BLOCK,&lt;empty&gt;,&lt;empty&gt;)<SUB>1</SUB>>", "27": "<(&lt;operator&gt;.assignment,ANY inputStream = System.in)<SUB>2</SUB>>", "29": "<(&lt;operator&gt;.fieldAccess,System.in)<SUB>2</SUB>>", "31": "<(FIELD_IDENTIFIER,in,in)<SUB>2</SUB>>", "33": "<(&lt;operator&gt;.assignment,ANY outputStream = System.out)<SUB>3</SUB>>", "35": "<(&lt;operator&gt;.fieldAccess,System.out)<SUB>3</SUB>>", "37": "<(FIELD_IDENTIFIER,out,out)<SUB>3</SUB>>", "38": "<(&lt;operator&gt;.assignment,ANY in = new InputReader(inputStream))<SUB>4</SUB>>", "40": "<(&lt;operator&gt;.alloc,new InputReader(inputStream))<SUB>4</SUB>>", "3": "<(IDENTIFIER,in,new InputReader(inputStream))<SUB>4</SUB>>", "6": "<(LOCAL,PrintWriter out: ANY)<SUB>5</SUB>>", "44": "<(IDENTIFIER,out,ANY out = new PrintWriter(outputStream))<SUB>5</SUB>>", "46": "<(&lt;init&gt;,new PrintWriter(outputStream))<SUB>5</SUB>>", "47": "<(IDENTIFIER,outputStream,new PrintWriter(outputStream))<SUB>5</SUB>>", "48": "<(&lt;operator&gt;.assignment,ANY solver = new DOlyaAndMagicalSquare())<SUB>6</SUB>>", "50": "<(&lt;operator&gt;.alloc,new DOlyaAndMagicalSquare())<SUB>6</SUB>>", "7": "<(IDENTIFIER,solver,new DOlyaAndMagicalSquare())<SUB>6</SUB>>", "53": "<(&lt;operator&gt;.assignment,int testCount = parseInt(in.next()))<SUB>7</SUB>>", "55": "<(parseInt,parseInt(in.next()))<SUB>7</SUB>>", "57": "<(next,next())<SUB>7</SUB>>", "59": "<(CONTROL_STRUCTURE,for (int i = 1; Some(i &lt;= testCount); i++),for (int i = 1; Some(i &lt;= testCount); i++))<SUB>8</SUB>>", "61": "<(&lt;operator&gt;.assignment,int i = 1)<SUB>8</SUB>>", "63": "<(LITERAL,1,int i = 1)<SUB>8</SUB>>", "65": "<(IDENTIFIER,i,i &lt;= testCount)<SUB>8</SUB>>", "67": "<(&lt;operator&gt;.postIncrement,i++)<SUB>8</SUB>>", "69": "<(solve,solve(i, in, out))<SUB>9</SUB>>", "71": "<(IDENTIFIER,i,solve(i, in, out))<SUB>9</SUB>>", "73": "<(IDENTIFIER,out,solve(i, in, out))<SUB>9</SUB>>", "75": "<(IDENTIFIER,out,close())<SUB>10</SUB>>", "77": "<(MODIFIER,STATIC)>"}}