{"edges": [["19", "20"], ["19", "21"], ["19", "28"], ["19", "29"], ["19", "30"], ["21", "4"], ["21", "22"], ["21", "25"], ["21", "26"], ["22", "23"], ["22", "24"], ["25", "3"], ["26", "27"], ["22", "25"], ["25", "26"], ["26", "30"], ["24", "22"], ["19", "24"], ["20", "30"], ["22", "30"], ["25", "30"], ["26", "30"], ["26", "30"], ["19", "20"], ["19", "22"], ["22", "25"], ["19", "25"], ["25", "26"], ["19", "26"]], "features": {"19": "<(METHOD,main)<SUB>1</SUB>>", "21": "<(BLOCK,&lt;empty&gt;,&lt;empty&gt;)<SUB>1</SUB>>", "22": "<(&lt;operator&gt;.assignment,ANY solution = new Solution())<SUB>2</SUB>>", "24": "<(&lt;operator&gt;.alloc,new Solution())<SUB>2</SUB>>", "3": "<(IDENTIFIER,solution,new Solution())<SUB>2</SUB>>", "27": "<(IDENTIFIER,solution,solve())<SUB>3</SUB>>", "29": "<(MODIFIER,STATIC)>"}}