{"edges": [["19", "21"], ["19", "57"], ["19", "58"], ["19", "59"], ["21", "4"], ["21", "22"], ["21", "25"], ["21", "46"], ["21", "55"], ["22", "23"], ["22", "24"], ["25", "3"], ["25", "26"], ["25", "36"], ["26", "27"], ["26", "30"], ["26", "35"], ["27", "28"], ["27", "29"], ["30", "31"], ["30", "32"], ["32", "33"], ["32", "34"], ["36", "37"], ["36", "40"], ["36", "45"], ["37", "38"], ["37", "39"], ["40", "41"], ["40", "42"], ["42", "43"], ["42", "44"], ["46", "47"], ["47", "48"], ["47", "51"], ["47", "54"], ["48", "49"], ["48", "50"], ["51", "52"], ["51", "53"], ["55", "56"], ["22", "29"], ["25", "50"], ["46", "55"], ["55", "59"], ["24", "22"], ["27", "34"], ["30", "39"], ["37", "44"], ["40", "25"], ["48", "51"], ["51", "46"], ["29", "27"], ["32", "30"], ["39", "37"], ["42", "40"], ["50", "48"], ["34", "32"], ["44", "42"], ["19", "24"], ["20", "59"], ["22", "59"], ["30", "59"], ["30", "59"], ["30", "59"], ["40", "59"], ["40", "59"], ["40", "59"], ["25", "59"], ["48", "59"], ["51", "59"], ["51", "59"], ["46", "59"], ["55", "59"], ["55", "59"], ["19", "20"], ["19", "22"], ["22", "25"], ["19", "25"], ["37", "25"], ["30", "25"], ["40", "25"], ["48", "46"], ["51", "46"], ["19", "46"], ["51", "55"], ["19", "55"], ["19", "27"], ["19", "35"], ["19", "37"], ["19", "45"], ["19", "48"], ["19", "54"], ["27", "30"], ["19", "30"], ["37", "40"], ["19", "40"], ["48", "51"], ["19", "51"], ["25", "51"]], "features": {"19": "<(METHOD,main)<SUB>1</SUB>>", "21": "<(BLOCK,&lt;empty&gt;,&lt;empty&gt;)<SUB>1</SUB>>", "22": "<(&lt;operator&gt;.assignment,ANY io = new ConsoleIO(new InputStreamReader(System.in), new PrintWriter(System.out)))<SUB>2</SUB>>", "24": "<(&lt;operator&gt;.alloc,new ConsoleIO(new InputStreamReader(System.in), new PrintWriter(System.out)))<SUB>2</SUB>>", "3": "<(IDENTIFIER,io,new ConsoleIO(new InputStreamReader(System.in), new PrintWriter(System.out)))<SUB>2</SUB>>", "27": "<(&lt;operator&gt;.assignment,&lt;empty&gt;)>", "29": "<(&lt;operator&gt;.alloc,new InputStreamReader(System.in))<SUB>2</SUB>>", "31": "<(IDENTIFIER,$obj0,new InputStreamReader(System.in))>", "33": "<(IDENTIFIER,System,new InputStreamReader(System.in))<SUB>2</SUB>>", "35": "<(IDENTIFIER,$obj0,&lt;empty&gt;)>", "37": "<(&lt;operator&gt;.assignment,&lt;empty&gt;)>", "39": "<(&lt;operator&gt;.alloc,new PrintWriter(System.out))<SUB>2</SUB>>", "41": "<(IDENTIFIER,$obj1,new PrintWriter(System.out))>", "43": "<(IDENTIFIER,System,new PrintWriter(System.out))<SUB>2</SUB>>", "45": "<(IDENTIFIER,$obj1,&lt;empty&gt;)>", "47": "<(BLOCK,&lt;empty&gt;,&lt;empty&gt;)<SUB>7</SUB>>", "49": "<(IDENTIFIER,$obj3,&lt;empty&gt;)>", "51": "<(&lt;init&gt;,new Main(io))<SUB>7</SUB>>", "53": "<(IDENTIFIER,io,new Main(io))<SUB>7</SUB>>", "55": "<(close,close())<SUB>10</SUB>>", "57": "<(MODIFIER,PUBLIC)>", "59": "<(METHOD_RETURN,void)<SUB>1</SUB>>"}}