{"edges": [["17", "19"], ["17", "77"], ["17", "78"], ["17", "79"], ["19", "20"], ["19", "23"], ["19", "28"], ["19", "32"], ["19", "33"], ["19", "38"], ["19", "55"], ["19", "66"], ["20", "21"], ["20", "22"], ["23", "24"], ["23", "25"], ["25", "26"], ["25", "27"], ["28", "29"], ["28", "30"], ["30", "31"], ["33", "34"], ["33", "35"], ["35", "36"], ["35", "37"], ["38", "39"], ["38", "48"], ["39", "40"], ["39", "47"], ["40", "41"], ["40", "46"], ["41", "42"], ["41", "45"], ["42", "43"], ["42", "44"], ["48", "49"], ["48", "54"], ["49", "50"], ["49", "53"], ["50", "51"], ["50", "52"], ["55", "56"], ["55", "59"], ["56", "57"], ["56", "58"], ["59", "60"], ["59", "65"], ["60", "61"], ["60", "64"], ["61", "62"], ["61", "63"], ["66", "67"], ["66", "68"], ["66", "69"], ["66", "74"], ["66", "75"], ["69", "70"], ["69", "73"], ["70", "71"], ["70", "72"], ["75", "76"], ["20", "27"], ["23", "30"], ["28", "35"], ["33", "42"], ["66", "79"], ["22", "20"], ["25", "23"], ["30", "28"], ["35", "33"], ["39", "52"], ["39", "56"], ["56", "63"], ["56", "70"], ["69", "75"], ["75", "66"], ["27", "25"], ["40", "39"], ["49", "54"], ["54", "79"], ["60", "65"], ["65", "79"], ["70", "69"], ["41", "40"], ["50", "49"], ["61", "60"], ["42", "41"], ["52", "50"], ["63", "61"], ["17", "22"], ["54", "79"], ["65", "79"], ["18", "79"], ["20", "79"], ["23", "79"], ["23", "79"], ["28", "79"], ["30", "79"], ["28", "79"], ["28", "79"], ["35", "79"], ["33", "79"], ["33", "79"], ["42", "79"], ["41", "79"], ["40", "79"], ["39", "79"], ["39", "79"], ["49", "79"], ["17", "18"], ["17", "20"], ["30", "28"], ["35", "33"], ["35", "33"], ["20", "23"], ["17", "23"], ["35", "66"], ["17", "66"], ["70", "66"], ["70", "66"], ["75", "66"], ["23", "30"], ["17", "30"], ["17", "35"], ["40", "39"], ["40", "39"], ["17", "39"], ["17", "54"], ["42", "56"], ["17", "56"], ["17", "65"], ["70", "69"], ["70", "69"], ["17", "69"], ["56", "75"], ["17", "75"], ["42", "40"], ["42", "40"], ["17", "40"], ["17", "49"], ["17", "60"], ["28", "70"], ["17", "70"], ["42", "41"], ["42", "41"], ["17", "41"], ["33", "42"], ["17", "42"], ["39", "49"], ["39", "52"], ["39", "56"], ["39", "50"], ["39", "54"], ["56", "60"], ["56", "61"], ["56", "66"], ["56", "75"], ["56", "69"], ["56", "70"], ["56", "63"], ["56", "65"]], "features": {"17": "<(METHOD,main)<SUB>1</SUB>>", "19": "<(BLOCK,&lt;empty&gt;,&lt;empty&gt;)<SUB>1</SUB>>", "21": "<(IDENTIFIER,in,in = new FastScanner(System.in))<SUB>2</SUB>>", "23": "<(&lt;init&gt;,new FastScanner(System.in))<SUB>2</SUB>>", "25": "<(&lt;operator&gt;.fieldAccess,System.in)<SUB>2</SUB>>", "27": "<(FIELD_IDENTIFIER,in,in)<SUB>2</SUB>>", "29": "<(IDENTIFIER,n,n = nextInt())<SUB>3</SUB>>", "31": "<(IDENTIFIER,in,nextInt())<SUB>3</SUB>>", "33": "<(&lt;operator&gt;.assignment,int a = query(1))<SUB>4</SUB>>", "35": "<(query,query(1))<SUB>4</SUB>>", "37": "<(LITERAL,1,query(1))<SUB>4</SUB>>", "39": "<(&lt;operator&gt;.equals,((a % 2) + 2) % 2 == 1)<SUB>5</SUB>>", "41": "<(&lt;operator&gt;.addition,(a % 2) + 2)<SUB>5</SUB>>", "43": "<(IDENTIFIER,a,a % 2)<SUB>5</SUB>>", "45": "<(LITERAL,2,(a % 2) + 2)<SUB>5</SUB>>", "47": "<(LITERAL,1,((a % 2) + 2) % 2 == 1)<SUB>5</SUB>>", "49": "<(println,System.out.println(&quot;! -1&quot;))<SUB>6</SUB>>", "51": "<(IDENTIFIER,System,System.out.println(&quot;! -1&quot;))<SUB>6</SUB>>", "53": "<(LITERAL,&quot;! -1&quot;,System.out.println(&quot;! -1&quot;))<SUB>6</SUB>>", "55": "<(CONTROL_STRUCTURE,if (a == 0),if (a == 0))<SUB>9</SUB>>", "57": "<(IDENTIFIER,a,a == 0)<SUB>9</SUB>>", "59": "<(BLOCK,&lt;empty&gt;,&lt;empty&gt;)<SUB>9</SUB>>", "61": "<(&lt;operator&gt;.fieldAccess,System.out)<SUB>10</SUB>>", "63": "<(FIELD_IDENTIFIER,out,out)<SUB>10</SUB>>", "65": "<(RETURN,return;,return;)<SUB>11</SUB>>", "67": "<(IDENTIFIER,this,bins(1, n / 2 + 1, a, -a))<SUB>13</SUB>>", "69": "<(&lt;operator&gt;.addition,n / 2 + 1)<SUB>13</SUB>>", "71": "<(IDENTIFIER,n,n / 2)<SUB>13</SUB>>", "73": "<(LITERAL,1,n / 2 + 1)<SUB>13</SUB>>", "75": "<(&lt;operator&gt;.minus,-a)<SUB>13</SUB>>", "77": "<(MODIFIER,PUBLIC)>", "79": "<(METHOD_RETURN,void)<SUB>1</SUB>>"}}