{"edges": [["17", "18"], ["17", "19"], ["17", "66"], ["17", "67"], ["17", "68"], ["19", "20"], ["19", "23"], ["19", "25"], ["19", "38"], ["19", "39"], ["19", "55"], ["19", "62"], ["19", "64"], ["20", "21"], ["20", "22"], ["23", "24"], ["25", "26"], ["25", "28"], ["25", "32"], ["26", "27"], ["28", "29"], ["28", "30"], ["30", "31"], ["32", "33"], ["33", "34"], ["33", "35"], ["35", "36"], ["35", "37"], ["39", "40"], ["39", "41"], ["41", "42"], ["41", "43"], ["41", "44"], ["41", "49"], ["41", "52"], ["44", "45"], ["44", "48"], ["45", "46"], ["45", "47"], ["49", "50"], ["49", "51"], ["52", "53"], ["52", "54"], ["55", "56"], ["55", "57"], ["57", "58"], ["57", "59"], ["59", "60"], ["59", "61"], ["62", "63"], ["64", "65"], ["20", "23"], ["23", "26"], ["39", "59"], ["55", "62"], ["62", "64"], ["64", "68"], ["22", "20"], ["26", "30"], ["26", "37"], ["28", "45"], ["41", "39"], ["57", "55"], ["30", "28"], ["33", "45"], ["44", "49"], ["49", "52"], ["52", "41"], ["59", "57"], ["35", "33"], ["45", "44"], ["37", "35"], ["17", "22"], ["18", "68"], ["20", "68"], ["23", "68"], ["23", "68"], ["26", "68"], ["33", "68"], ["33", "68"], ["30", "68"], ["28", "68"], ["28", "68"], ["41", "68"], ["41", "68"], ["52", "68"], ["41", "68"], ["39", "68"], ["39", "68"], ["59", "68"], ["57", "68"], ["55", "68"], ["55", "68"], ["62", "68"], ["64", "68"], ["64", "68"], ["26", "68"], ["41", "68"], ["17", "18"], ["17", "20"], ["41", "39"], ["41", "39"], ["41", "39"], ["41", "39"], ["41", "39"], ["20", "23"], ["17", "23"], ["30", "28"], ["17", "55"], ["39", "55"], ["55", "62"], ["17", "62"], ["62", "64"], ["17", "64"], ["17", "26"], ["17", "41"], ["44", "41"], ["44", "41"], ["49", "41"], ["49", "41"], ["52", "41"], ["52", "41"], ["17", "57"], ["39", "57"], ["23", "30"], ["17", "30"], ["45", "44"], ["45", "44"], ["17", "44"], ["45", "49"], ["17", "49"], ["49", "52"], ["17", "52"], ["39", "59"], ["17", "59"], ["33", "45"], ["28", "45"], ["17", "45"], ["26", "30"], ["26", "33"], ["26", "28"], ["26", "35"], ["26", "37"]], "features": {"17": "<(METHOD,main)<SUB>1</SUB>>", "19": "<(BLOCK,&lt;empty&gt;,&lt;empty&gt;)<SUB>1</SUB>>", "21": "<(IDENTIFIER,in,in = new FS())<SUB>2</SUB>>", "23": "<(&lt;init&gt;,new FS())<SUB>2</SUB>>", "25": "<(CONTROL_STRUCTURE,if (!debug),if (!debug))<SUB>3</SUB>>", "27": "<(IDENTIFIER,debug,!debug)<SUB>3</SUB>>", "29": "<(IDENTIFIER,N,N = nextInt())<SUB>3</SUB>>", "31": "<(IDENTIFIER,in,nextInt())<SUB>3</SUB>>", "33": "<(&lt;operator&gt;.assignment,N = inp.length)<SUB>4</SUB>>", "35": "<(&lt;operator&gt;.fieldAccess,inp.length)<SUB>4</SUB>>", "37": "<(FIELD_IDENTIFIER,length,length)<SUB>4</SUB>>", "39": "<(&lt;operator&gt;.assignment,int x = solve(0, N / 2 - 1, N / 2, N - 1))<SUB>5</SUB>>", "41": "<(solve,solve(0, N / 2 - 1, N / 2, N - 1))<SUB>5</SUB>>", "43": "<(LITERAL,0,solve(0, N / 2 - 1, N / 2, N - 1))<SUB>5</SUB>>", "45": "<(&lt;operator&gt;.division,N / 2)<SUB>5</SUB>>", "47": "<(LITERAL,2,N / 2)<SUB>5</SUB>>", "49": "<(&lt;operator&gt;.division,N / 2)<SUB>5</SUB>>", "51": "<(LITERAL,2,N / 2)<SUB>5</SUB>>", "53": "<(IDENTIFIER,N,N - 1)<SUB>5</SUB>>", "55": "<(println,println(&quot;! &quot; + (x + 1)))<SUB>6</SUB>>", "57": "<(&lt;operator&gt;.addition,&quot;! &quot; + (x + 1))<SUB>6</SUB>>", "59": "<(&lt;operator&gt;.addition,x + 1)<SUB>6</SUB>>", "61": "<(LITERAL,1,x + 1)<SUB>6</SUB>>", "63": "<(IDENTIFIER,out,flush())<SUB>7</SUB>>", "65": "<(IDENTIFIER,out,close())<SUB>8</SUB>>", "67": "<(MODIFIER,STATIC)>"}}