{"edges": [["23", "24"], ["23", "25"], ["23", "72"], ["23", "73"], ["23", "74"], ["25", "26"], ["25", "27"], ["25", "32"], ["25", "33"], ["25", "4"], ["25", "38"], ["25", "41"], ["25", "6"], ["25", "43"], ["25", "46"], ["25", "8"], ["25", "62"], ["25", "65"], ["25", "66"], ["25", "70"], ["27", "28"], ["27", "29"], ["29", "30"], ["29", "31"], ["33", "34"], ["33", "35"], ["35", "36"], ["35", "37"], ["38", "39"], ["38", "40"], ["41", "3"], ["41", "42"], ["43", "44"], ["43", "45"], ["46", "5"], ["46", "47"], ["47", "48"], ["47", "51"], ["47", "61"], ["48", "49"], ["48", "50"], ["51", "52"], ["51", "53"], ["53", "54"], ["53", "57"], ["53", "60"], ["54", "55"], ["54", "56"], ["57", "58"], ["57", "59"], ["62", "63"], ["62", "64"], ["65", "7"], ["66", "67"], ["66", "68"], ["66", "69"], ["70", "71"], ["27", "37"], ["33", "40"], ["38", "41"], ["41", "45"], ["43", "50"], ["46", "64"], ["62", "65"], ["65", "66"], ["66", "70"], ["70", "74"], ["29", "27"], ["35", "33"], ["40", "38"], ["45", "43"], ["64", "62"], ["31", "29"], ["37", "35"], ["48", "56"], ["51", "46"], ["50", "48"], ["54", "57"], ["57", "51"], ["56", "54"], ["23", "31"], ["24", "74"], ["27", "74"], ["27", "74"], ["33", "74"], ["33", "74"], ["38", "74"], ["41", "74"], ["41", "74"], ["43", "74"], ["51", "74"], ["54", "74"], ["57", "74"], ["57", "74"], ["57", "74"], ["51", "74"], ["46", "74"], ["62", "74"], ["65", "74"], ["66", "74"], ["66", "74"], ["66", "74"], ["70", "74"], ["70", "74"], ["23", "24"], ["23", "38"], ["23", "43"], ["23", "62"], ["38", "41"], ["23", "41"], ["27", "41"], ["43", "46"], ["23", "46"], ["54", "46"], ["51", "46"], ["62", "65"], ["23", "65"], ["65", "66"], ["23", "66"], ["41", "66"], ["46", "66"], ["66", "70"], ["23", "70"], ["23", "48"], ["23", "61"], ["48", "51"], ["23", "51"], ["54", "51"], ["57", "51"], ["23", "54"], ["23", "60"], ["54", "57"], ["23", "57"], ["33", "57"]], "features": {"23": "<(METHOD,main)<SUB>1</SUB>>", "25": "<(BLOCK,&lt;empty&gt;,&lt;empty&gt;)<SUB>1</SUB>>", "27": "<(&lt;operator&gt;.assignment,ANY inputStream = System.in)<SUB>2</SUB>>", "29": "<(&lt;operator&gt;.fieldAccess,System.in)<SUB>2</SUB>>", "31": "<(FIELD_IDENTIFIER,in,in)<SUB>2</SUB>>", "33": "<(&lt;operator&gt;.assignment,ANY outputStream = System.out)<SUB>3</SUB>>", "35": "<(&lt;operator&gt;.fieldAccess,System.out)<SUB>3</SUB>>", "37": "<(FIELD_IDENTIFIER,out,out)<SUB>3</SUB>>", "38": "<(&lt;operator&gt;.assignment,ANY in = new InputReader(inputStream))<SUB>4</SUB>>", "40": "<(&lt;operator&gt;.alloc,new InputReader(inputStream))<SUB>4</SUB>>", "3": "<(IDENTIFIER,in,new InputReader(inputStream))<SUB>4</SUB>>", "6": "<(LOCAL,PrintWriter out: ANY)<SUB>5</SUB>>", "44": "<(IDENTIFIER,out,ANY out = new PrintWriter(new BufferedWriter(new OutputStreamWriter(outputStream))))<SUB>5</SUB>>", "46": "<(&lt;init&gt;,new PrintWriter(new BufferedWriter(new OutputStreamWriter(outputStream))))<SUB>5</SUB>>", "47": "<(BLOCK,&lt;empty&gt;,&lt;empty&gt;)<SUB>5</SUB>>", "49": "<(IDENTIFIER,$obj2,&lt;empty&gt;)>", "51": "<(&lt;init&gt;,new BufferedWriter(new OutputStreamWriter(outputStream)))<SUB>5</SUB>>", "53": "<(BLOCK,&lt;empty&gt;,&lt;empty&gt;)<SUB>5</SUB>>", "55": "<(IDENTIFIER,$obj1,&lt;empty&gt;)>", "57": "<(&lt;init&gt;,new OutputStreamWriter(outputStream))<SUB>5</SUB>>", "59": "<(IDENTIFIER,outputStream,new OutputStreamWriter(outputStream))<SUB>5</SUB>>", "61": "<(IDENTIFIER,$obj2,&lt;empty&gt;)>", "62": "<(&lt;operator&gt;.assignment,ANY solver = new Solver())<SUB>7</SUB>>", "64": "<(&lt;operator&gt;.alloc,new Solver())<SUB>7</SUB>>", "7": "<(IDENTIFIER,solver,new Solver())<SUB>7</SUB>>", "67": "<(IDENTIFIER,solver,solve(in, out))<SUB>8</SUB>>", "69": "<(IDENTIFIER,out,solve(in, out))<SUB>8</SUB>>", "71": "<(IDENTIFIER,out,close())<SUB>9</SUB>>", "73": "<(MODIFIER,STATIC)>"}}