{"edges": [["19", "20"], ["19", "21"], ["19", "94"], ["19", "95"], ["19", "96"], ["21", "4"], ["21", "22"], ["21", "25"], ["21", "29"], ["21", "30"], ["21", "34"], ["21", "35"], ["21", "39"], ["21", "40"], ["21", "49"], ["21", "70"], ["21", "85"], ["22", "23"], ["22", "24"], ["25", "3"], ["25", "26"], ["26", "27"], ["26", "28"], ["30", "31"], ["30", "32"], ["32", "33"], ["35", "36"], ["35", "37"], ["37", "38"], ["40", "41"], ["40", "42"], ["42", "43"], ["42", "48"], ["43", "44"], ["43", "47"], ["44", "45"], ["44", "46"], ["49", "50"], ["49", "63"], ["50", "51"], ["50", "54"], ["51", "52"], ["51", "53"], ["54", "55"], ["54", "62"], ["55", "56"], ["55", "57"], ["57", "58"], ["57", "59"], ["59", "60"], ["59", "61"], ["63", "64"], ["63", "69"], ["64", "65"], ["64", "68"], ["65", "66"], ["65", "67"], ["70", "71"], ["70", "81"], ["71", "72"], ["72", "73"], ["72", "80"], ["73", "74"], ["73", "75"], ["75", "76"], ["75", "77"], ["77", "78"], ["77", "79"], ["81", "82"], ["82", "83"], ["82", "84"], ["85", "86"], ["85", "89"], ["86", "87"], ["86", "88"], ["89", "90"], ["89", "93"], ["90", "91"], ["90", "92"], ["22", "28"], ["25", "32"], ["30", "37"], ["35", "44"], ["40", "51"], ["85", "96"], ["24", "22"], ["26", "25"], ["32", "30"], ["37", "35"], ["42", "40"], ["50", "67"], ["50", "77"], ["71", "82"], ["71", "88"], ["86", "90"], ["89", "85"], ["28", "26"], ["43", "42"], ["51", "50"], ["51", "59"], ["54", "50"], ["64", "69"], ["69", "96"], ["72", "71"], ["82", "77"], ["88", "86"], ["90", "89"], ["44", "43"], ["55", "54"], ["65", "64"], ["73", "72"], ["57", "55"], ["67", "65"], ["75", "73"], ["59", "57"], ["77", "75"], ["19", "24"], ["69", "96"], ["20", "96"], ["22", "96"], ["25", "96"], ["25", "96"], ["30", "96"], ["37", "96"], ["35", "96"], ["35", "96"], ["40", "96"], ["44", "96"], ["43", "96"], ["42", "96"], ["40", "96"], ["40", "96"], ["51", "96"], ["50", "96"], ["55", "96"], ["57", "96"], ["57", "96"], ["55", "96"], ["54", "96"], ["54", "96"], ["50", "96"], ["50", "96"], ["64", "96"], ["64", "96"], ["19", "20"], ["19", "22"], ["32", "30"], ["37", "35"], ["42", "40"], ["42", "40"], ["22", "25"], ["19", "25"], ["90", "85"], ["90", "85"], ["19", "85"], ["25", "32"], ["19", "32"], ["32", "37"], ["19", "37"], ["44", "42"], ["44", "42"], ["19", "42"], ["51", "50"], ["51", "50"], ["54", "50"], ["54", "50"], ["19", "69"], ["72", "71"], ["72", "71"], ["19", "82"], ["90", "89"], ["90", "89"], ["19", "89"], ["44", "43"], ["44", "43"], ["19", "43"], ["30", "51"], ["19", "51"], ["55", "54"], ["55", "54"], ["44", "54"], ["19", "54"], ["19", "64"], ["73", "72"], ["73", "72"], ["44", "72"], ["54", "72"], ["19", "72"], ["73", "82"], ["51", "90"], ["55", "90"], ["19", "90"], ["73", "90"], ["35", "44"], ["19", "44"], ["19", "55"], ["51", "55"], ["57", "55"], ["57", "55"], ["19", "73"], ["40", "73"], ["82", "73"], ["75", "73"], ["75", "73"], ["19", "57"], ["51", "57"], ["57", "75"], ["19", "75"], ["40", "75"], ["82", "75"], ["51", "59"], ["19", "59"], ["40", "77"], ["82", "77"], ["19", "77"], ["50", "73"], ["50", "77"], ["50", "64"], ["50", "89"], ["50", "71"], ["50", "75"], ["50", "85"], ["50", "72"], ["50", "69"], ["50", "67"], ["50", "88"], ["50", "65"], ["50", "90"], ["50", "86"], ["71", "73"], ["71", "77"], ["71", "71"], ["71", "75"], ["71", "72"], ["71", "82"], ["51", "57"], ["51", "59"], ["51", "55"], ["51", "54"]], "features": {"19": "<(METHOD,main)<SUB>1</SUB>>", "21": "<(BLOCK,&lt;empty&gt;,&lt;empty&gt;)<SUB>1</SUB>>", "22": "<(&lt;operator&gt;.assignment,ANY in = new Scanner(System.in))<SUB>2</SUB>>", "24": "<(&lt;operator&gt;.alloc,new Scanner(System.in))<SUB>2</SUB>>", "3": "<(IDENTIFIER,in,new Scanner(System.in))<SUB>2</SUB>>", "27": "<(IDENTIFIER,System,new Scanner(System.in))<SUB>2</SUB>>", "29": "<(LOCAL,long n: long)<SUB>3</SUB>>", "31": "<(IDENTIFIER,n,long n = nextLong())<SUB>3</SUB>>", "33": "<(IDENTIFIER,in,nextLong())<SUB>3</SUB>>", "35": "<(&lt;operator&gt;.assignment,long s = nextLong())<SUB>4</SUB>>", "37": "<(nextLong,nextLong())<SUB>4</SUB>>", "39": "<(LOCAL,long i: long)<SUB>6</SUB>>", "41": "<(IDENTIFIER,i,long i = (s / 10 + 1) * 10)<SUB>6</SUB>>", "43": "<(&lt;operator&gt;.addition,s / 10 + 1)<SUB>6</SUB>>", "45": "<(IDENTIFIER,s,s / 10)<SUB>6</SUB>>", "47": "<(LITERAL,1,s / 10 + 1)<SUB>6</SUB>>", "49": "<(CONTROL_STRUCTURE,if (n &lt; 10 || n - sd(n + &quot;&quot;) &lt; s),if (n &lt; 10 || n - sd(n + &quot;&quot;) &lt; s))<SUB>7</SUB>>", "51": "<(&lt;operator&gt;.lessThan,n &lt; 10)<SUB>7</SUB>>", "53": "<(LITERAL,10,n &lt; 10)<SUB>7</SUB>>", "55": "<(&lt;operator&gt;.subtraction,n - sd(n + &quot;&quot;))<SUB>7</SUB>>", "57": "<(sd,sd(n + &quot;&quot;))<SUB>7</SUB>>", "59": "<(&lt;operator&gt;.addition,n + &quot;&quot;)<SUB>7</SUB>>", "61": "<(LITERAL,&quot;&quot;,n + &quot;&quot;)<SUB>7</SUB>>", "63": "<(BLOCK,&lt;empty&gt;,&lt;empty&gt;)<SUB>7</SUB>>", "65": "<(&lt;operator&gt;.fieldAccess,System.out)<SUB>8</SUB>>", "67": "<(FIELD_IDENTIFIER,out,out)<SUB>8</SUB>>", "69": "<(RETURN,return;,return;)<SUB>9</SUB>>", "71": "<(&lt;operator&gt;.logicalNot,!(i - sd(i + &quot;&quot;) &gt;= s))<SUB>11</SUB>>", "73": "<(&lt;operator&gt;.subtraction,i - sd(i + &quot;&quot;))<SUB>11</SUB>>", "75": "<(sd,sd(i + &quot;&quot;))<SUB>11</SUB>>", "77": "<(&lt;operator&gt;.addition,i + &quot;&quot;)<SUB>11</SUB>>", "79": "<(LITERAL,&quot;&quot;,i + &quot;&quot;)<SUB>11</SUB>>", "81": "<(BLOCK,&lt;empty&gt;,&lt;empty&gt;)<SUB>11</SUB>>", "83": "<(IDENTIFIER,i,i += 10)<SUB>12</SUB>>", "85": "<(println,System.out.println(n - i + 1))<SUB>15</SUB>>", "87": "<(IDENTIFIER,System,System.out.println(n - i + 1))<SUB>15</SUB>>", "89": "<(&lt;operator&gt;.addition,n - i + 1)<SUB>15</SUB>>", "91": "<(IDENTIFIER,n,n - i)<SUB>15</SUB>>", "93": "<(LITERAL,1,n - i + 1)<SUB>15</SUB>>", "95": "<(MODIFIER,STATIC)>"}}