{"edges": [["19", "20"], ["19", "21"], ["19", "76"], ["19", "77"], ["19", "78"], ["21", "4"], ["21", "22"], ["21", "25"], ["21", "29"], ["21", "30"], ["21", "34"], ["21", "35"], ["21", "39"], ["21", "40"], ["21", "64"], ["22", "23"], ["22", "24"], ["25", "3"], ["25", "26"], ["26", "27"], ["26", "28"], ["30", "31"], ["30", "32"], ["32", "33"], ["35", "36"], ["35", "37"], ["37", "38"], ["40", "41"], ["40", "44"], ["40", "53"], ["40", "55"], ["41", "42"], ["41", "43"], ["44", "45"], ["44", "52"], ["45", "46"], ["45", "47"], ["47", "48"], ["47", "49"], ["49", "50"], ["49", "51"], ["53", "54"], ["55", "56"], ["55", "61"], ["56", "57"], ["56", "60"], ["57", "58"], ["57", "59"], ["61", "62"], ["61", "63"], ["64", "65"], ["64", "68"], ["65", "66"], ["65", "67"], ["68", "69"], ["68", "70"], ["68", "71"], ["71", "72"], ["71", "75"], ["72", "73"], ["72", "74"], ["22", "28"], ["25", "32"], ["30", "37"], ["35", "41"], ["64", "78"], ["24", "22"], ["26", "25"], ["32", "30"], ["37", "35"], ["41", "49"], ["44", "57"], ["44", "67"], ["53", "49"], ["65", "72"], ["68", "64"], ["28", "26"], ["45", "44"], ["56", "61"], ["56", "53"], ["61", "53"], ["67", "65"], ["71", "68"], ["47", "45"], ["57", "56"], ["72", "71"], ["49", "47"], ["19", "24"], ["20", "78"], ["22", "78"], ["25", "78"], ["25", "78"], ["30", "78"], ["37", "78"], ["35", "78"], ["35", "78"], ["41", "78"], ["47", "78"], ["45", "78"], ["44", "78"], ["44", "78"], ["44", "78"], ["64", "78"], ["72", "78"], ["72", "78"], ["71", "78"], ["68", "78"], ["64", "78"], ["64", "78"], ["56", "78"], ["56", "78"], ["61", "78"], ["53", "78"], ["47", "78"], ["68", "78"], ["19", "20"], ["19", "22"], ["32", "30"], ["37", "35"], ["22", "25"], ["19", "25"], ["35", "41"], ["19", "41"], ["68", "64"], ["68", "64"], ["68", "64"], ["25", "32"], ["19", "32"], ["32", "37"], ["19", "37"], ["45", "44"], ["45", "44"], ["19", "44"], ["35", "44"], ["57", "53"], ["61", "53"], ["19", "53"], ["19", "61"], ["19", "68"], ["72", "68"], ["72", "68"], ["19", "45"], ["41", "45"], ["53", "45"], ["47", "45"], ["47", "45"], ["57", "56"], ["57", "56"], ["19", "56"], ["57", "61"], ["72", "71"], ["72", "71"], ["19", "71"], ["19", "47"], ["41", "47"], ["53", "47"], ["45", "57"], ["19", "57"], ["30", "72"], ["19", "72"], ["45", "72"], ["41", "49"], ["53", "49"], ["19", "49"], ["44", "47"], ["44", "49"], ["44", "57"], ["44", "44"], ["44", "53"], ["44", "56"], ["44", "45"], ["56", "61"]], "features": {"19": "<(METHOD,main)<SUB>1</SUB>>", "21": "<(BLOCK,&lt;empty&gt;,&lt;empty&gt;)<SUB>1</SUB>>", "22": "<(&lt;operator&gt;.assignment,ANY sc = new Scanner(System.in))<SUB>2</SUB>>", "24": "<(&lt;operator&gt;.alloc,new Scanner(System.in))<SUB>2</SUB>>", "3": "<(IDENTIFIER,sc,new Scanner(System.in))<SUB>2</SUB>>", "27": "<(IDENTIFIER,System,new Scanner(System.in))<SUB>2</SUB>>", "29": "<(LOCAL,long n: long)<SUB>3</SUB>>", "31": "<(IDENTIFIER,n,long n = nextLong())<SUB>3</SUB>>", "33": "<(IDENTIFIER,sc,nextLong())<SUB>3</SUB>>", "35": "<(&lt;operator&gt;.assignment,long s = nextLong())<SUB>4</SUB>>", "37": "<(nextLong,nextLong())<SUB>4</SUB>>", "39": "<(LOCAL,long i: long)<SUB>5</SUB>>", "41": "<(&lt;operator&gt;.assignment,i = s)<SUB>6</SUB>>", "43": "<(IDENTIFIER,s,i = s)<SUB>6</SUB>>", "45": "<(&lt;operator&gt;.subtraction,i - sum(i + &quot;&quot;))<SUB>6</SUB>>", "47": "<(sum,sum(i + &quot;&quot;))<SUB>6</SUB>>", "49": "<(&lt;operator&gt;.addition,i + &quot;&quot;)<SUB>6</SUB>>", "51": "<(LITERAL,&quot;&quot;,i + &quot;&quot;)<SUB>6</SUB>>", "53": "<(&lt;operator&gt;.postIncrement,i++)<SUB>6</SUB>>", "55": "<(CONTROL_STRUCTURE,if (i % 10 == 0),if (i % 10 == 0))<SUB>7</SUB>>", "57": "<(&lt;operator&gt;.modulo,i % 10)<SUB>7</SUB>>", "59": "<(LITERAL,10,i % 10)<SUB>7</SUB>>", "61": "<(&lt;operator&gt;.assignmentPlus,i += 9)<SUB>7</SUB>>", "63": "<(LITERAL,9,i += 9)<SUB>7</SUB>>", "65": "<(&lt;operator&gt;.fieldAccess,System.out)<SUB>8</SUB>>", "67": "<(FIELD_IDENTIFIER,out,out)<SUB>8</SUB>>", "69": "<(IDENTIFIER,Math,Math.max(0, n - i + 1))<SUB>8</SUB>>", "71": "<(&lt;operator&gt;.addition,n - i + 1)<SUB>8</SUB>>", "73": "<(IDENTIFIER,n,n - i)<SUB>8</SUB>>", "75": "<(LITERAL,1,n - i + 1)<SUB>8</SUB>>", "77": "<(MODIFIER,STATIC)>"}}