{"edges": [["23", "25"], ["23", "47"], ["23", "48"], ["23", "49"], ["25", "4"], ["25", "26"], ["25", "29"], ["25", "6"], ["25", "30"], ["25", "33"], ["25", "8"], ["25", "37"], ["25", "40"], ["25", "41"], ["25", "45"], ["26", "27"], ["26", "28"], ["29", "3"], ["30", "31"], ["30", "32"], ["33", "5"], ["33", "34"], ["34", "35"], ["34", "36"], ["37", "38"], ["37", "39"], ["40", "7"], ["41", "42"], ["41", "43"], ["41", "44"], ["45", "46"], ["26", "29"], ["29", "32"], ["30", "36"], ["33", "39"], ["37", "40"], ["40", "41"], ["41", "45"], ["45", "49"], ["28", "26"], ["32", "30"], ["34", "33"], ["39", "37"], ["36", "34"], ["23", "28"], ["24", "49"], ["26", "49"], ["29", "49"], ["30", "49"], ["33", "49"], ["33", "49"], ["37", "49"], ["40", "49"], ["41", "49"], ["41", "49"], ["41", "49"], ["45", "49"], ["45", "49"], ["23", "24"], ["23", "26"], ["23", "30"], ["23", "37"], ["26", "29"], ["23", "29"], ["30", "33"], ["23", "33"], ["37", "40"], ["23", "40"], ["40", "41"], ["23", "41"], ["29", "41"], ["33", "41"], ["41", "45"], ["23", "45"]], "features": {"23": "<(METHOD,main)<SUB>1</SUB>>", "25": "<(BLOCK,&lt;empty&gt;,&lt;empty&gt;)<SUB>1</SUB>>", "26": "<(&lt;operator&gt;.assignment,ANY in = new MyScanner())<SUB>2</SUB>>", "28": "<(&lt;operator&gt;.alloc,new MyScanner())<SUB>2</SUB>>", "3": "<(IDENTIFIER,in,new MyScanner())<SUB>2</SUB>>", "30": "<(&lt;operator&gt;.assignment,ANY out = new PrintWriter(System.out))<SUB>3</SUB>>", "32": "<(&lt;operator&gt;.alloc,new PrintWriter(System.out))<SUB>3</SUB>>", "5": "<(IDENTIFIER,out,new PrintWriter(System.out))<SUB>3</SUB>>", "35": "<(IDENTIFIER,System,new PrintWriter(System.out))<SUB>3</SUB>>", "8": "<(LOCAL,Task solver: ANY)<SUB>4</SUB>>", "38": "<(IDENTIFIER,solver,ANY solver = new Task())<SUB>4</SUB>>", "40": "<(&lt;init&gt;,new Task())<SUB>4</SUB>>", "41": "<(solve,solve(in, out))<SUB>5</SUB>>", "43": "<(IDENTIFIER,in,solve(in, out))<SUB>5</SUB>>", "45": "<(close,close())<SUB>6</SUB>>", "47": "<(MODIFIER,PUBLIC)>", "49": "<(METHOD_RETURN,void)<SUB>1</SUB>>"}}