{"edges": [["19", "20"], ["19", "21"], ["19", "102"], ["19", "103"], ["19", "104"], ["21", "4"], ["21", "22"], ["21", "25"], ["21", "29"], ["21", "30"], ["21", "34"], ["21", "35"], ["21", "39"], ["21", "40"], ["21", "43"], ["21", "44"], ["21", "49"], ["21", "50"], ["21", "53"], ["21", "90"], ["22", "23"], ["22", "24"], ["25", "3"], ["25", "26"], ["26", "27"], ["26", "28"], ["30", "31"], ["30", "32"], ["32", "33"], ["35", "36"], ["35", "37"], ["37", "38"], ["40", "41"], ["40", "42"], ["44", "45"], ["44", "46"], ["46", "47"], ["46", "48"], ["50", "51"], ["50", "52"], ["53", "54"], ["53", "57"], ["54", "55"], ["54", "56"], ["57", "58"], ["57", "59"], ["57", "66"], ["59", "60"], ["59", "61"], ["61", "62"], ["61", "65"], ["62", "63"], ["62", "64"], ["66", "67"], ["66", "74"], ["66", "83"], ["67", "68"], ["67", "73"], ["68", "69"], ["68", "70"], ["70", "71"], ["70", "72"], ["74", "75"], ["74", "78"], ["75", "76"], ["75", "77"], ["78", "79"], ["78", "80"], ["80", "81"], ["80", "82"], ["83", "84"], ["84", "85"], ["85", "86"], ["85", "87"], ["87", "88"], ["87", "89"], ["90", "91"], ["90", "94"], ["91", "92"], ["91", "93"], ["94", "95"], ["94", "96"], ["94", "97"], ["97", "98"], ["97", "101"], ["98", "99"], ["98", "100"], ["22", "28"], ["25", "32"], ["30", "37"], ["35", "40"], ["40", "48"], ["44", "50"], ["50", "54"], ["90", "104"], ["24", "22"], ["26", "25"], ["32", "30"], ["37", "35"], ["46", "44"], ["54", "62"], ["54", "93"], ["91", "98"], ["94", "90"], ["28", "26"], ["48", "46"], ["59", "70"], ["93", "91"], ["97", "94"], ["61", "59"], ["67", "75"], ["67", "87"], ["98", "97"], ["62", "61"], ["68", "67"], ["75", "80"], ["78", "54"], ["70", "68"], ["80", "78"], ["85", "54"], ["87", "85"], ["19", "24"], ["20", "104"], ["22", "104"], ["25", "104"], ["25", "104"], ["30", "104"], ["35", "104"], ["37", "104"], ["35", "104"], ["35", "104"], ["40", "104"], ["44", "104"], ["44", "104"], ["50", "104"], ["54", "104"], ["54", "104"], ["54", "104"], ["90", "104"], ["98", "104"], ["98", "104"], ["97", "104"], ["94", "104"], ["90", "104"], ["90", "104"], ["61", "104"], ["59", "104"], ["59", "104"], ["68", "104"], ["67", "104"], ["67", "104"], ["67", "104"], ["87", "104"], ["85", "104"], ["85", "104"], ["75", "104"], ["80", "104"], ["78", "104"], ["78", "104"], ["70", "104"], ["94", "104"], ["19", "20"], ["19", "22"], ["32", "30"], ["37", "35"], ["19", "40"], ["19", "50"], ["22", "25"], ["19", "25"], ["94", "90"], ["94", "90"], ["94", "90"], ["25", "32"], ["19", "32"], ["32", "37"], ["19", "37"], ["40", "54"], ["85", "54"], ["19", "54"], ["44", "54"], ["78", "54"], ["61", "59"], ["61", "59"], ["19", "94"], ["98", "94"], ["98", "94"], ["98", "97"], ["98", "97"], ["19", "97"], ["54", "61"], ["19", "61"], ["54", "61"], ["68", "67"], ["68", "67"], ["35", "67"], ["19", "67"], ["68", "75"], ["19", "75"], ["80", "78"], ["80", "78"], ["30", "98"], ["19", "98"], ["50", "98"], ["75", "98"], ["54", "62"], ["19", "62"], ["54", "62"], ["70", "68"], ["19", "68"], ["70", "68"], ["68", "85"], ["19", "85"], ["19", "70"], ["59", "70"], ["19", "80"], ["68", "80"], ["68", "87"], ["19", "87"], ["54", "68"], ["54", "61"], ["54", "67"], ["54", "70"], ["54", "59"], ["54", "54"], ["54", "62"], ["67", "80"], ["67", "75"], ["67", "85"], ["67", "87"], ["67", "78"]], "features": {"19": "<(METHOD,main)<SUB>1</SUB>>", "21": "<(BLOCK,&lt;empty&gt;,&lt;empty&gt;)<SUB>1</SUB>>", "22": "<(&lt;operator&gt;.assignment,ANY scanner = new Scanner(System.in))<SUB>2</SUB>>", "24": "<(&lt;operator&gt;.alloc,new Scanner(System.in))<SUB>2</SUB>>", "3": "<(IDENTIFIER,scanner,new Scanner(System.in))<SUB>2</SUB>>", "27": "<(IDENTIFIER,System,new Scanner(System.in))<SUB>2</SUB>>", "29": "<(LOCAL,long n: long)<SUB>3</SUB>>", "31": "<(IDENTIFIER,n,long n = nextLong())<SUB>3</SUB>>", "33": "<(IDENTIFIER,scanner,nextLong())<SUB>3</SUB>>", "35": "<(&lt;operator&gt;.assignment,long s = nextLong())<SUB>4</SUB>>", "37": "<(nextLong,nextLong())<SUB>4</SUB>>", "39": "<(LOCAL,long l: long)<SUB>5</SUB>>", "41": "<(IDENTIFIER,l,long l = 1)<SUB>5</SUB>>", "43": "<(LOCAL,long r: long)<SUB>6</SUB>>", "45": "<(IDENTIFIER,r,long r = Long.MAX_VALUE)<SUB>6</SUB>>", "47": "<(IDENTIFIER,Long,long r = Long.MAX_VALUE)<SUB>6</SUB>>", "49": "<(LOCAL,long index: long)<SUB>7</SUB>>", "51": "<(IDENTIFIER,index,long index = 0)<SUB>7</SUB>>", "53": "<(CONTROL_STRUCTURE,while (l &lt;= r),while (l &lt;= r))<SUB>8</SUB>>", "55": "<(IDENTIFIER,l,l &lt;= r)<SUB>8</SUB>>", "57": "<(BLOCK,&lt;empty&gt;,&lt;empty&gt;)<SUB>8</SUB>>", "59": "<(&lt;operator&gt;.assignment,long mid = (l + r) / 2)<SUB>9</SUB>>", "61": "<(&lt;operator&gt;.division,(l + r) / 2)<SUB>9</SUB>>", "63": "<(IDENTIFIER,l,l + r)<SUB>9</SUB>>", "65": "<(LITERAL,2,(l + r) / 2)<SUB>9</SUB>>", "67": "<(&lt;operator&gt;.greaterEqualsThan,mid - get(mid) &gt;= s)<SUB>10</SUB>>", "69": "<(IDENTIFIER,mid,mid - get(mid))<SUB>10</SUB>>", "71": "<(IDENTIFIER,this,get(mid))<SUB>10</SUB>>", "73": "<(IDENTIFIER,s,mid - get(mid) &gt;= s)<SUB>10</SUB>>", "75": "<(&lt;operator&gt;.assignment,index = mid)<SUB>11</SUB>>", "77": "<(IDENTIFIER,mid,index = mid)<SUB>11</SUB>>", "79": "<(IDENTIFIER,r,r = mid - 1)<SUB>12</SUB>>", "81": "<(IDENTIFIER,mid,mid - 1)<SUB>12</SUB>>", "83": "<(CONTROL_STRUCTURE,else,else)<SUB>13</SUB>>", "85": "<(&lt;operator&gt;.assignment,l = mid + 1)<SUB>14</SUB>>", "87": "<(&lt;operator&gt;.addition,mid + 1)<SUB>14</SUB>>", "89": "<(LITERAL,1,mid + 1)<SUB>14</SUB>>", "91": "<(&lt;operator&gt;.fieldAccess,System.out)<SUB>17</SUB>>", "93": "<(FIELD_IDENTIFIER,out,out)<SUB>17</SUB>>", "95": "<(IDENTIFIER,Math,Math.max(0, n - index + 1))<SUB>17</SUB>>", "97": "<(&lt;operator&gt;.addition,n - index + 1)<SUB>17</SUB>>", "99": "<(IDENTIFIER,n,n - index)<SUB>17</SUB>>", "101": "<(LITERAL,1,n - index + 1)<SUB>17</SUB>>", "103": "<(MODIFIER,STATIC)>"}}