{"edges": [["19", "20"], ["19", "21"], ["19", "90"], ["19", "91"], ["19", "92"], ["21", "4"], ["21", "22"], ["21", "25"], ["21", "29"], ["21", "30"], ["21", "34"], ["21", "35"], ["21", "39"], ["21", "40"], ["21", "44"], ["21", "45"], ["21", "49"], ["21", "50"], ["21", "59"], ["21", "83"], ["21", "88"], ["22", "23"], ["22", "24"], ["25", "3"], ["25", "26"], ["26", "27"], ["26", "28"], ["30", "31"], ["30", "32"], ["32", "33"], ["35", "36"], ["35", "37"], ["37", "38"], ["40", "41"], ["40", "42"], ["42", "43"], ["45", "46"], ["45", "47"], ["47", "48"], ["50", "51"], ["50", "52"], ["52", "53"], ["52", "54"], ["54", "55"], ["54", "58"], ["55", "56"], ["55", "57"], ["59", "60"], ["59", "79"], ["60", "61"], ["60", "76"], ["61", "62"], ["61", "73"], ["62", "63"], ["62", "70"], ["63", "64"], ["63", "67"], ["64", "65"], ["64", "66"], ["67", "68"], ["67", "69"], ["70", "71"], ["70", "72"], ["73", "74"], ["73", "75"], ["76", "77"], ["76", "78"], ["79", "80"], ["79", "81"], ["81", "82"], ["83", "84"], ["83", "87"], ["84", "85"], ["84", "86"], ["88", "89"], ["22", "28"], ["25", "32"], ["30", "37"], ["35", "42"], ["40", "47"], ["45", "55"], ["50", "64"], ["83", "88"], ["88", "92"], ["24", "22"], ["26", "25"], ["32", "30"], ["37", "35"], ["42", "40"], ["47", "45"], ["52", "50"], ["60", "81"], ["60", "86"], ["79", "86"], ["84", "83"], ["28", "26"], ["54", "52"], ["61", "60"], ["61", "76"], ["76", "60"], ["81", "79"], ["86", "84"], ["55", "54"], ["62", "61"], ["62", "73"], ["73", "61"], ["63", "62"], ["63", "70"], ["70", "62"], ["64", "63"], ["64", "67"], ["67", "63"], ["19", "24"], ["20", "92"], ["22", "92"], ["25", "92"], ["25", "92"], ["30", "92"], ["35", "92"], ["40", "92"], ["45", "92"], ["45", "92"], ["52", "92"], ["55", "92"], ["55", "92"], ["54", "92"], ["54", "92"], ["52", "92"], ["50", "92"], ["50", "92"], ["63", "92"], ["67", "92"], ["67", "92"], ["63", "92"], ["62", "92"], ["70", "92"], ["70", "92"], ["62", "92"], ["61", "92"], ["73", "92"], ["73", "92"], ["61", "92"], ["60", "92"], ["76", "92"], ["76", "92"], ["60", "92"], ["60", "92"], ["79", "92"], ["79", "92"], ["83", "92"], ["83", "92"], ["83", "92"], ["88", "92"], ["88", "92"], ["19", "20"], ["19", "22"], ["32", "30"], ["37", "35"], ["42", "40"], ["47", "45"], ["52", "50"], ["52", "50"], ["22", "25"], ["19", "25"], ["81", "79"], ["64", "83"], ["79", "83"], ["19", "83"], ["47", "88"], ["19", "88"], ["25", "32"], ["19", "32"], ["32", "37"], ["19", "37"], ["37", "42"], ["19", "42"], ["42", "47"], ["19", "47"], ["45", "52"], ["19", "52"], ["54", "52"], ["54", "52"], ["61", "60"], ["61", "60"], ["76", "60"], ["76", "60"], ["30", "54"], ["19", "54"], ["35", "54"], ["40", "54"], ["62", "61"], ["62", "61"], ["73", "61"], ["73", "61"], ["54", "76"], ["73", "76"], ["19", "76"], ["70", "76"], ["35", "76"], ["19", "81"], ["30", "55"], ["19", "55"], ["35", "55"], ["63", "62"], ["63", "62"], ["70", "62"], ["70", "62"], ["54", "73"], ["19", "73"], ["67", "73"], ["30", "73"], ["64", "63"], ["64", "63"], ["67", "63"], ["67", "63"], ["19", "70"], ["35", "70"], ["52", "70"], ["67", "70"], ["50", "64"], ["19", "64"], ["19", "67"], ["30", "67"], ["52", "67"], ["60", "81"], ["60", "79"], ["61", "76"], ["62", "73"], ["63", "70"], ["64", "67"]], "features": {"19": "<(METHOD,main)<SUB>1</SUB>>", "21": "<(BLOCK,&lt;empty&gt;,&lt;empty&gt;)<SUB>2</SUB>>", "22": "<(&lt;operator&gt;.assignment,ANY in = new Scanner(System.in))<SUB>3</SUB>>", "24": "<(&lt;operator&gt;.alloc,new Scanner(System.in))<SUB>3</SUB>>", "3": "<(IDENTIFIER,in,new Scanner(System.in))<SUB>3</SUB>>", "27": "<(IDENTIFIER,System,new Scanner(System.in))<SUB>3</SUB>>", "29": "<(LOCAL,int a: int)<SUB>4</SUB>>", "31": "<(IDENTIFIER,a,int a = nextInt())<SUB>4</SUB>>", "33": "<(IDENTIFIER,in,nextInt())<SUB>4</SUB>>", "35": "<(&lt;operator&gt;.assignment,int b = nextInt())<SUB>5</SUB>>", "37": "<(nextInt,nextInt())<SUB>5</SUB>>", "39": "<(LOCAL,int c: int)<SUB>6</SUB>>", "41": "<(IDENTIFIER,c,int c = nextInt())<SUB>6</SUB>>", "43": "<(IDENTIFIER,in,nextInt())<SUB>6</SUB>>", "45": "<(&lt;operator&gt;.assignment,int n = nextInt())<SUB>7</SUB>>", "47": "<(nextInt,nextInt())<SUB>7</SUB>>", "49": "<(LOCAL,int ans: int)<SUB>9</SUB>>", "51": "<(IDENTIFIER,ans,int ans = n - (a + b - c))<SUB>9</SUB>>", "53": "<(IDENTIFIER,n,n - (a + b - c))<SUB>9</SUB>>", "55": "<(&lt;operator&gt;.addition,a + b)<SUB>9</SUB>>", "57": "<(IDENTIFIER,b,a + b)<SUB>9</SUB>>", "59": "<(CONTROL_STRUCTURE,if (ans &lt; 1 || a &gt;= n || b &gt;= n || c &gt; a || c &gt; b),if (ans &lt; 1 || a &gt;= n || b &gt;= n || c &gt; a || c &gt; b))<SUB>10</SUB>>", "61": "<(&lt;operator&gt;.logicalOr,ans &lt; 1 || a &gt;= n || b &gt;= n || c &gt; a)<SUB>10</SUB>>", "63": "<(&lt;operator&gt;.logicalOr,ans &lt; 1 || a &gt;= n)<SUB>10</SUB>>", "65": "<(IDENTIFIER,ans,ans &lt; 1)<SUB>10</SUB>>", "67": "<(&lt;operator&gt;.greaterEqualsThan,a &gt;= n)<SUB>10</SUB>>", "69": "<(IDENTIFIER,n,a &gt;= n)<SUB>10</SUB>>", "71": "<(IDENTIFIER,b,b &gt;= n)<SUB>10</SUB>>", "73": "<(&lt;operator&gt;.greaterThan,c &gt; a)<SUB>10</SUB>>", "75": "<(IDENTIFIER,a,c &gt; a)<SUB>10</SUB>>", "77": "<(IDENTIFIER,c,c &gt; b)<SUB>10</SUB>>", "79": "<(&lt;operator&gt;.assignment,ans = -1)<SUB>11</SUB>>", "81": "<(&lt;operator&gt;.minus,-1)<SUB>11</SUB>>", "83": "<(println,System.out.println(ans))<SUB>13</SUB>>", "85": "<(IDENTIFIER,System,System.out.println(ans))<SUB>13</SUB>>", "87": "<(IDENTIFIER,ans,System.out.println(ans))<SUB>13</SUB>>", "89": "<(IDENTIFIER,in,close())<SUB>15</SUB>>", "91": "<(MODIFIER,STATIC)>"}}