{"edges": [["21", "22"], ["21", "23"], ["21", "124"], ["21", "125"], ["21", "126"], ["23", "4"], ["23", "24"], ["23", "27"], ["23", "6"], ["23", "31"], ["23", "34"], ["23", "38"], ["23", "39"], ["23", "43"], ["23", "44"], ["23", "48"], ["23", "49"], ["23", "52"], ["23", "53"], ["23", "56"], ["23", "57"], ["23", "60"], ["23", "115"], ["23", "120"], ["23", "122"], ["24", "25"], ["24", "26"], ["27", "3"], ["27", "28"], ["28", "29"], ["28", "30"], ["31", "32"], ["31", "33"], ["34", "5"], ["34", "35"], ["35", "36"], ["35", "37"], ["39", "40"], ["39", "41"], ["41", "42"], ["44", "45"], ["44", "46"], ["46", "47"], ["49", "50"], ["49", "51"], ["53", "54"], ["53", "55"], ["57", "58"], ["57", "59"], ["60", "61"], ["60", "64"], ["61", "62"], ["61", "63"], ["64", "65"], ["64", "66"], ["64", "73"], ["64", "74"], ["64", "77"], ["64", "78"], ["64", "81"], ["64", "94"], ["66", "67"], ["66", "68"], ["68", "69"], ["68", "72"], ["69", "70"], ["69", "71"], ["74", "75"], ["74", "76"], ["78", "79"], ["78", "80"], ["81", "82"], ["81", "85"], ["82", "83"], ["82", "84"], ["85", "86"], ["85", "91"], ["86", "87"], ["86", "88"], ["88", "89"], ["88", "90"], ["91", "92"], ["91", "93"], ["94", "95"], ["94", "100"], ["94", "109"], ["95", "96"], ["95", "99"], ["96", "97"], ["96", "98"], ["100", "101"], ["100", "104"], ["101", "102"], ["101", "103"], ["104", "105"], ["104", "106"], ["106", "107"], ["106", "108"], ["109", "110"], ["110", "111"], ["110", "112"], ["112", "113"], ["112", "114"], ["115", "116"], ["115", "117"], ["117", "118"], ["117", "119"], ["120", "121"], ["122", "123"], ["24", "30"], ["27", "33"], ["31", "37"], ["34", "41"], ["39", "46"], ["44", "49"], ["49", "53"], ["53", "57"], ["57", "61"], ["115", "120"], ["120", "122"], ["122", "126"], ["26", "24"], ["28", "27"], ["33", "31"], ["35", "34"], ["41", "39"], ["46", "44"], ["61", "69"], ["61", "117"], ["117", "115"], ["30", "28"], ["37", "35"], ["66", "74"], ["74", "78"], ["78", "82"], ["68", "66"], ["82", "88"], ["82", "96"], ["95", "101"], ["95", "112"], ["69", "68"], ["86", "91"], ["91", "82"], ["96", "95"], ["101", "106"], ["104", "61"], ["110", "61"], ["88", "86"], ["106", "104"], ["112", "110"], ["21", "26"], ["22", "126"], ["24", "126"], ["27", "126"], ["27", "126"], ["31", "126"], ["34", "126"], ["34", "126"], ["39", "126"], ["44", "126"], ["46", "126"], ["44", "126"], ["44", "126"], ["49", "126"], ["53", "126"], ["57", "126"], ["61", "126"], ["61", "126"], ["61", "126"], ["117", "126"], ["117", "126"], ["115", "126"], ["115", "126"], ["120", "126"], ["122", "126"], ["122", "126"], ["68", "126"], ["66", "126"], ["66", "126"], ["74", "126"], ["78", "126"], ["82", "126"], ["82", "126"], ["96", "126"], ["95", "126"], ["95", "126"], ["95", "126"], ["112", "126"], ["110", "126"], ["110", "126"], ["101", "126"], ["106", "126"], ["104", "126"], ["104", "126"], ["86", "126"], ["86", "126"], ["91", "126"], ["21", "22"], ["21", "24"], ["21", "31"], ["41", "39"], ["46", "44"], ["21", "49"], ["39", "53"], ["21", "53"], ["21", "57"], ["39", "57"], ["24", "27"], ["21", "27"], ["31", "34"], ["21", "34"], ["34", "115"], ["21", "115"], ["117", "115"], ["117", "115"], ["115", "120"], ["21", "120"], ["120", "122"], ["21", "122"], ["27", "41"], ["21", "41"], ["41", "46"], ["21", "46"], ["49", "61"], ["104", "61"], ["21", "61"], ["53", "61"], ["110", "61"], ["68", "66"], ["68", "66"], ["66", "74"], ["21", "74"], ["21", "78"], ["21", "117"], ["39", "117"], ["57", "117"], ["101", "117"], ["61", "68"], ["21", "68"], ["61", "68"], ["74", "82"], ["91", "82"], ["21", "82"], ["88", "86"], ["88", "86"], ["21", "91"], ["96", "95"], ["96", "95"], ["44", "95"], ["21", "95"], ["96", "101"], ["21", "101"], ["21", "104"], ["96", "104"], ["112", "110"], ["112", "110"], ["61", "69"], ["21", "69"], ["61", "69"], ["78", "86"], ["21", "86"], ["88", "91"], ["21", "96"], ["66", "96"], ["78", "96"], ["86", "96"], ["82", "88"], ["21", "88"], ["21", "106"], ["96", "106"], ["96", "112"], ["21", "112"], ["61", "68"], ["61", "61"], ["61", "96"], ["61", "66"], ["61", "69"], ["61", "74"], ["61", "95"], ["61", "82"], ["61", "78"], ["82", "88"], ["82", "91"], ["82", "82"], ["82", "86"], ["95", "104"], ["95", "110"], ["95", "106"], ["95", "112"], ["95", "101"]], "features": {"21": "<(METHOD,main)<SUB>1</SUB>>", "23": "<(BLOCK,&lt;empty&gt;,&lt;empty&gt;)<SUB>1</SUB>>", "24": "<(&lt;operator&gt;.assignment,ANY sc = new Scanner(System.in))<SUB>2</SUB>>", "26": "<(&lt;operator&gt;.alloc,new Scanner(System.in))<SUB>2</SUB>>", "3": "<(IDENTIFIER,sc,new Scanner(System.in))<SUB>2</SUB>>", "29": "<(IDENTIFIER,System,new Scanner(System.in))<SUB>2</SUB>>", "6": "<(LOCAL,PrintWriter out: ANY)<SUB>3</SUB>>", "32": "<(IDENTIFIER,out,ANY out = new PrintWriter(System.out))<SUB>3</SUB>>", "34": "<(&lt;init&gt;,new PrintWriter(System.out))<SUB>3</SUB>>", "35": "<(&lt;operator&gt;.fieldAccess,System.out)<SUB>3</SUB>>", "37": "<(FIELD_IDENTIFIER,out,out)<SUB>3</SUB>>", "39": "<(&lt;operator&gt;.assignment,long n = nextLong())<SUB>5</SUB>>", "41": "<(nextLong,nextLong())<SUB>5</SUB>>", "43": "<(LOCAL,Long S: java.lang.Long)<SUB>6</SUB>>", "45": "<(IDENTIFIER,S,Long S = nextLong())<SUB>6</SUB>>", "47": "<(IDENTIFIER,sc,nextLong())<SUB>6</SUB>>", "49": "<(&lt;operator&gt;.assignment,long l = 0)<SUB>8</SUB>>", "51": "<(LITERAL,0,long l = 0)<SUB>8</SUB>>", "53": "<(&lt;operator&gt;.assignment,long h = n)<SUB>9</SUB>>", "55": "<(IDENTIFIER,n,long h = n)<SUB>9</SUB>>", "57": "<(&lt;operator&gt;.assignment,long ans = n)<SUB>11</SUB>>", "59": "<(IDENTIFIER,n,long ans = n)<SUB>11</SUB>>", "61": "<(&lt;operator&gt;.lessEqualsThan,l &lt;= h)<SUB>13</SUB>>", "63": "<(IDENTIFIER,h,l &lt;= h)<SUB>13</SUB>>", "65": "<(LOCAL,long mid: long)<SUB>14</SUB>>", "67": "<(IDENTIFIER,mid,long mid = (l + h) / 2)<SUB>14</SUB>>", "69": "<(&lt;operator&gt;.addition,l + h)<SUB>14</SUB>>", "71": "<(IDENTIFIER,h,l + h)<SUB>14</SUB>>", "73": "<(LOCAL,long t: long)<SUB>15</SUB>>", "75": "<(IDENTIFIER,t,long t = mid)<SUB>15</SUB>>", "77": "<(LOCAL,long sum: long)<SUB>16</SUB>>", "79": "<(IDENTIFIER,sum,long sum = 0)<SUB>16</SUB>>", "81": "<(CONTROL_STRUCTURE,while (t &gt; 0),while (t &gt; 0))<SUB>18</SUB>>", "83": "<(IDENTIFIER,t,t &gt; 0)<SUB>18</SUB>>", "85": "<(BLOCK,&lt;empty&gt;,&lt;empty&gt;)<SUB>18</SUB>>", "87": "<(IDENTIFIER,sum,sum += t % 10)<SUB>19</SUB>>", "89": "<(IDENTIFIER,t,t % 10)<SUB>19</SUB>>", "91": "<(&lt;operator&gt;.assignmentDivision,t /= 10)<SUB>20</SUB>>", "93": "<(LITERAL,10,t /= 10)<SUB>20</SUB>>", "95": "<(&lt;operator&gt;.lessThan,mid - sum &lt; S)<SUB>23</SUB>>", "97": "<(IDENTIFIER,mid,mid - sum)<SUB>23</SUB>>", "99": "<(IDENTIFIER,S,mid - sum &lt; S)<SUB>23</SUB>>", "101": "<(&lt;operator&gt;.assignment,ans = mid)<SUB>24</SUB>>", "103": "<(IDENTIFIER,mid,ans = mid)<SUB>24</SUB>>", "105": "<(IDENTIFIER,l,l = mid + 1)<SUB>25</SUB>>", "107": "<(IDENTIFIER,mid,mid + 1)<SUB>25</SUB>>", "109": "<(CONTROL_STRUCTURE,else,else)<SUB>27</SUB>>", "111": "<(IDENTIFIER,h,h = mid - 1)<SUB>27</SUB>>", "113": "<(IDENTIFIER,mid,mid - 1)<SUB>27</SUB>>", "115": "<(println,println(n - ans))<SUB>30</SUB>>", "117": "<(&lt;operator&gt;.subtraction,n - ans)<SUB>30</SUB>>", "119": "<(IDENTIFIER,ans,n - ans)<SUB>30</SUB>>", "121": "<(IDENTIFIER,out,flush())<SUB>32</SUB>>", "123": "<(IDENTIFIER,out,close())<SUB>33</SUB>>", "125": "<(MODIFIER,STATIC)>"}}