{"edges": [["19", "21"], ["19", "73"], ["19", "74"], ["19", "75"], ["21", "4"], ["21", "22"], ["21", "25"], ["21", "29"], ["21", "30"], ["21", "34"], ["21", "35"], ["21", "39"], ["21", "40"], ["21", "47"], ["22", "23"], ["22", "24"], ["25", "3"], ["25", "26"], ["26", "27"], ["26", "28"], ["30", "31"], ["30", "32"], ["32", "33"], ["35", "36"], ["35", "37"], ["37", "38"], ["40", "41"], ["40", "42"], ["42", "43"], ["42", "44"], ["44", "45"], ["44", "46"], ["47", "48"], ["47", "55"], ["47", "66"], ["48", "49"], ["48", "54"], ["49", "50"], ["49", "53"], ["50", "51"], ["50", "52"], ["55", "56"], ["56", "57"], ["56", "60"], ["57", "58"], ["57", "59"], ["60", "61"], ["60", "65"], ["61", "62"], ["61", "63"], ["63", "64"], ["66", "67"], ["67", "68"], ["68", "69"], ["68", "72"], ["69", "70"], ["69", "71"], ["22", "28"], ["25", "32"], ["30", "37"], ["35", "44"], ["40", "50"], ["24", "22"], ["26", "25"], ["32", "30"], ["37", "35"], ["42", "40"], ["48", "59"], ["48", "71"], ["28", "26"], ["44", "42"], ["49", "48"], ["56", "75"], ["50", "49"], ["57", "63"], ["60", "56"], ["68", "75"], ["59", "57"], ["61", "60"], ["69", "68"], ["63", "61"], ["71", "69"], ["19", "24"], ["20", "75"], ["22", "75"], ["25", "75"], ["25", "75"], ["30", "75"], ["37", "75"], ["35", "75"], ["35", "75"], ["44", "75"], ["42", "75"], ["40", "75"], ["40", "75"], ["50", "75"], ["49", "75"], ["48", "75"], ["48", "75"], ["56", "75"], ["61", "75"], ["63", "75"], ["61", "75"], ["60", "75"], ["56", "75"], ["56", "75"], ["42", "75"], ["19", "20"], ["19", "22"], ["32", "30"], ["37", "35"], ["42", "40"], ["42", "40"], ["22", "25"], ["19", "25"], ["25", "32"], ["19", "32"], ["32", "37"], ["19", "37"], ["19", "42"], ["44", "42"], ["44", "42"], ["49", "48"], ["49", "48"], ["19", "48"], ["19", "44"], ["35", "44"], ["50", "49"], ["50", "49"], ["40", "49"], ["19", "49"], ["61", "56"], ["61", "56"], ["19", "56"], ["44", "50"], ["19", "50"], ["30", "50"], ["61", "60"], ["61", "60"], ["19", "60"], ["19", "68"], ["50", "61"], ["19", "61"], ["63", "61"], ["49", "63"], ["19", "63"], ["48", "68"], ["48", "60"], ["48", "61"], ["48", "59"], ["48", "57"], ["48", "71"], ["48", "56"], ["48", "69"], ["48", "63"]], "features": {"19": "<(METHOD,main)<SUB>1</SUB>>", "21": "<(BLOCK,&lt;empty&gt;,&lt;empty&gt;)<SUB>2</SUB>>", "22": "<(&lt;operator&gt;.assignment,ANY sc = new Scanner(System.in))<SUB>3</SUB>>", "24": "<(&lt;operator&gt;.alloc,new Scanner(System.in))<SUB>3</SUB>>", "3": "<(IDENTIFIER,sc,new Scanner(System.in))<SUB>3</SUB>>", "27": "<(IDENTIFIER,System,new Scanner(System.in))<SUB>3</SUB>>", "29": "<(LOCAL,long n: long)<SUB>4</SUB>>", "31": "<(IDENTIFIER,n,long n = nextLong())<SUB>4</SUB>>", "33": "<(IDENTIFIER,sc,nextLong())<SUB>4</SUB>>", "35": "<(&lt;operator&gt;.assignment,long s = nextLong())<SUB>5</SUB>>", "37": "<(nextLong,nextLong())<SUB>5</SUB>>", "39": "<(LOCAL,BigInteger k: ANY)<SUB>7</SUB>>", "41": "<(IDENTIFIER,k,ANY k = findFirst(BigInteger.valueOf(s)))<SUB>7</SUB>>", "43": "<(IDENTIFIER,this,findFirst(BigInteger.valueOf(s)))<SUB>7</SUB>>", "45": "<(IDENTIFIER,BigInteger,valueOf(s))<SUB>7</SUB>>", "47": "<(CONTROL_STRUCTURE,if (BigInteger.valueOf(n).compareTo(k) &gt;= 0),if (BigInteger.valueOf(n).compareTo(k) &gt;= 0))<SUB>8</SUB>>", "49": "<(compareTo,compareTo(k))<SUB>8</SUB>>", "51": "<(IDENTIFIER,BigInteger,valueOf(n))<SUB>8</SUB>>", "53": "<(IDENTIFIER,k,compareTo(k))<SUB>8</SUB>>", "55": "<(BLOCK,&lt;empty&gt;,&lt;empty&gt;)<SUB>9</SUB>>", "57": "<(&lt;operator&gt;.fieldAccess,System.out)<SUB>10</SUB>>", "59": "<(FIELD_IDENTIFIER,out,out)<SUB>10</SUB>>", "61": "<(&lt;operator&gt;.subtraction,n - k.longValue())<SUB>10</SUB>>", "63": "<(longValue,longValue())<SUB>10</SUB>>", "65": "<(LITERAL,1,n - k.longValue() + 1)<SUB>10</SUB>>", "67": "<(BLOCK,&lt;empty&gt;,&lt;empty&gt;)<SUB>13</SUB>>", "69": "<(&lt;operator&gt;.fieldAccess,System.out)<SUB>14</SUB>>", "71": "<(FIELD_IDENTIFIER,out,out)<SUB>14</SUB>>", "73": "<(MODIFIER,PUBLIC)>", "75": "<(METHOD_RETURN,void)<SUB>1</SUB>>"}}