{"edges": [["19", "20"], ["19", "21"], ["19", "70"], ["19", "71"], ["19", "72"], ["21", "4"], ["21", "22"], ["21", "25"], ["21", "29"], ["21", "30"], ["21", "34"], ["21", "35"], ["21", "39"], ["21", "40"], ["21", "43"], ["21", "58"], ["22", "23"], ["22", "24"], ["25", "3"], ["25", "26"], ["26", "27"], ["26", "28"], ["30", "31"], ["30", "32"], ["32", "33"], ["35", "36"], ["35", "37"], ["37", "38"], ["40", "41"], ["40", "42"], ["43", "44"], ["43", "55"], ["44", "45"], ["44", "52"], ["45", "46"], ["45", "51"], ["46", "47"], ["46", "48"], ["48", "49"], ["48", "50"], ["52", "53"], ["52", "54"], ["55", "56"], ["56", "57"], ["58", "59"], ["58", "62"], ["59", "60"], ["59", "61"], ["62", "63"], ["62", "64"], ["62", "69"], ["64", "65"], ["64", "68"], ["65", "66"], ["65", "67"], ["22", "28"], ["25", "32"], ["30", "37"], ["35", "40"], ["40", "48"], ["58", "72"], ["24", "22"], ["26", "25"], ["32", "30"], ["37", "35"], ["44", "56"], ["44", "61"], ["59", "65"], ["62", "58"], ["28", "26"], ["45", "44"], ["45", "52"], ["52", "44"], ["56", "48"], ["61", "59"], ["64", "62"], ["46", "45"], ["65", "64"], ["48", "46"], ["19", "24"], ["20", "72"], ["22", "72"], ["25", "72"], ["25", "72"], ["30", "72"], ["37", "72"], ["35", "72"], ["35", "72"], ["40", "72"], ["46", "72"], ["45", "72"], ["45", "72"], ["44", "72"], ["44", "72"], ["44", "72"], ["58", "72"], ["65", "72"], ["65", "72"], ["64", "72"], ["62", "72"], ["58", "72"], ["58", "72"], ["56", "72"], ["62", "72"], ["48", "72"], ["19", "20"], ["19", "22"], ["32", "30"], ["37", "35"], ["35", "40"], ["19", "40"], ["22", "25"], ["19", "25"], ["62", "58"], ["62", "58"], ["62", "58"], ["25", "32"], ["19", "32"], ["32", "37"], ["19", "37"], ["45", "44"], ["45", "44"], ["52", "44"], ["52", "44"], ["19", "62"], ["65", "62"], ["65", "62"], ["46", "45"], ["46", "45"], ["19", "45"], ["35", "45"], ["46", "52"], ["19", "52"], ["30", "52"], ["46", "56"], ["52", "56"], ["19", "56"], ["65", "64"], ["65", "64"], ["19", "64"], ["48", "46"], ["19", "46"], ["48", "46"], ["30", "65"], ["52", "65"], ["19", "65"], ["46", "65"], ["52", "65"], ["19", "48"], ["40", "48"], ["56", "48"], ["44", "48"], ["44", "44"], ["44", "46"], ["44", "56"], ["44", "45"], ["45", "52"]], "features": {"19": "<(METHOD,main)<SUB>1</SUB>>", "21": "<(BLOCK,&lt;empty&gt;,&lt;empty&gt;)<SUB>1</SUB>>", "22": "<(&lt;operator&gt;.assignment,ANY sc = new Scanner(System.in))<SUB>3</SUB>>", "24": "<(&lt;operator&gt;.alloc,new Scanner(System.in))<SUB>3</SUB>>", "3": "<(IDENTIFIER,sc,new Scanner(System.in))<SUB>3</SUB>>", "27": "<(IDENTIFIER,System,new Scanner(System.in))<SUB>3</SUB>>", "29": "<(LOCAL,long n: long)<SUB>4</SUB>>", "31": "<(IDENTIFIER,n,long n = nextLong())<SUB>4</SUB>>", "33": "<(IDENTIFIER,sc,nextLong())<SUB>4</SUB>>", "35": "<(&lt;operator&gt;.assignment,long s = nextLong())<SUB>5</SUB>>", "37": "<(nextLong,nextLong())<SUB>5</SUB>>", "39": "<(LOCAL,long m: long)<SUB>7</SUB>>", "41": "<(IDENTIFIER,m,long m = s)<SUB>7</SUB>>", "43": "<(CONTROL_STRUCTURE,while (m - digitAdd(m) &lt; s &amp;&amp; m &lt;= n),while (m - digitAdd(m) &lt; s &amp;&amp; m &lt;= n))<SUB>9</SUB>>", "45": "<(&lt;operator&gt;.lessThan,m - digitAdd(m) &lt; s)<SUB>9</SUB>>", "47": "<(IDENTIFIER,m,m - digitAdd(m))<SUB>9</SUB>>", "49": "<(IDENTIFIER,this,digitAdd(m))<SUB>9</SUB>>", "51": "<(IDENTIFIER,s,m - digitAdd(m) &lt; s)<SUB>9</SUB>>", "53": "<(IDENTIFIER,m,m &lt;= n)<SUB>9</SUB>>", "55": "<(BLOCK,&lt;empty&gt;,&lt;empty&gt;)<SUB>9</SUB>>", "57": "<(IDENTIFIER,m,m++)<SUB>10</SUB>>", "59": "<(&lt;operator&gt;.fieldAccess,System.out)<SUB>12</SUB>>", "61": "<(FIELD_IDENTIFIER,out,out)<SUB>12</SUB>>", "63": "<(IDENTIFIER,Math,Math.max(n - m + 1, 0))<SUB>12</SUB>>", "65": "<(&lt;operator&gt;.subtraction,n - m)<SUB>12</SUB>>", "67": "<(IDENTIFIER,m,n - m)<SUB>12</SUB>>", "69": "<(LITERAL,0,Math.max(n - m + 1, 0))<SUB>12</SUB>>", "71": "<(MODIFIER,STATIC)>"}}