{"edges": [["19", "20"], ["19", "21"], ["19", "94"], ["19", "95"], ["19", "96"], ["21", "4"], ["21", "22"], ["21", "25"], ["21", "29"], ["21", "30"], ["21", "31"], ["21", "32"], ["21", "35"], ["21", "39"], ["21", "43"], ["21", "44"], ["21", "47"], ["21", "77"], ["21", "89"], ["22", "23"], ["22", "24"], ["25", "3"], ["25", "26"], ["26", "27"], ["26", "28"], ["32", "33"], ["32", "34"], ["35", "36"], ["35", "37"], ["37", "38"], ["39", "40"], ["39", "41"], ["41", "42"], ["44", "45"], ["44", "46"], ["47", "48"], ["47", "59"], ["48", "49"], ["48", "52"], ["49", "50"], ["49", "51"], ["52", "53"], ["52", "54"], ["54", "55"], ["54", "56"], ["56", "57"], ["56", "58"], ["59", "60"], ["59", "61"], ["59", "66"], ["59", "75"], ["61", "62"], ["61", "63"], ["63", "64"], ["63", "65"], ["66", "67"], ["66", "72"], ["67", "68"], ["67", "71"], ["68", "69"], ["68", "70"], ["72", "73"], ["73", "74"], ["75", "76"], ["77", "78"], ["77", "81"], ["78", "79"], ["78", "80"], ["81", "82"], ["82", "83"], ["82", "84"], ["84", "85"], ["84", "88"], ["85", "86"], ["85", "87"], ["89", "90"], ["89", "93"], ["90", "91"], ["90", "92"], ["22", "28"], ["25", "32"], ["32", "37"], ["35", "41"], ["39", "44"], ["44", "49"], ["89", "96"], ["24", "22"], ["26", "25"], ["37", "35"], ["41", "39"], ["48", "63"], ["48", "78"], ["78", "85"], ["78", "92"], ["90", "89"], ["28", "26"], ["49", "48"], ["49", "56"], ["52", "48"], ["61", "68"], ["75", "49"], ["82", "92"], ["92", "90"], ["54", "52"], ["63", "61"], ["67", "73"], ["67", "75"], ["84", "82"], ["56", "54"], ["68", "67"], ["73", "75"], ["85", "84"], ["19", "24"], ["20", "96"], ["22", "96"], ["25", "96"], ["25", "96"], ["32", "96"], ["35", "96"], ["41", "96"], ["39", "96"], ["39", "96"], ["44", "96"], ["44", "96"], ["54", "96"], ["54", "96"], ["52", "96"], ["48", "96"], ["48", "96"], ["78", "96"], ["78", "96"], ["78", "96"], ["85", "96"], ["85", "96"], ["84", "96"], ["82", "96"], ["82", "96"], ["89", "96"], ["89", "96"], ["89", "96"], ["61", "96"], ["61", "96"], ["68", "96"], ["67", "96"], ["67", "96"], ["67", "96"], ["73", "96"], ["75", "96"], ["63", "96"], ["19", "20"], ["19", "22"], ["19", "32"], ["37", "35"], ["41", "39"], ["39", "44"], ["19", "44"], ["22", "25"], ["19", "25"], ["32", "89"], ["82", "89"], ["73", "89"], ["19", "89"], ["25", "37"], ["19", "37"], ["37", "41"], ["19", "41"], ["49", "48"], ["49", "48"], ["52", "48"], ["52", "48"], ["63", "61"], ["63", "61"], ["49", "78"], ["52", "78"], ["19", "78"], ["49", "78"], ["85", "82"], ["85", "82"], ["19", "82"], ["44", "49"], ["75", "49"], ["19", "49"], ["35", "49"], ["49", "52"], ["19", "52"], ["67", "52"], ["39", "52"], ["56", "52"], ["56", "52"], ["68", "75"], ["19", "75"], ["32", "82"], ["73", "82"], ["67", "54"], ["19", "54"], ["39", "54"], ["56", "54"], ["56", "54"], ["19", "63"], ["49", "63"], ["52", "63"], ["68", "67"], ["68", "67"], ["19", "67"], ["39", "67"], ["85", "84"], ["85", "84"], ["19", "84"], ["19", "56"], ["63", "68"], ["19", "68"], ["61", "68"], ["32", "73"], ["19", "73"], ["78", "85"], ["19", "85"], ["78", "85"], ["48", "48"], ["48", "68"], ["48", "49"], ["48", "61"], ["48", "75"], ["48", "67"], ["48", "63"], ["78", "84"], ["78", "85"], ["78", "82"], ["49", "52"], ["49", "56"], ["49", "54"], ["67", "73"]], "features": {"19": "<(METHOD,main)<SUB>1</SUB>>", "21": "<(BLOCK,&lt;empty&gt;,&lt;empty&gt;)<SUB>1</SUB>>", "22": "<(&lt;operator&gt;.assignment,ANY scan = new Scanner(System.in))<SUB>3</SUB>>", "24": "<(&lt;operator&gt;.alloc,new Scanner(System.in))<SUB>3</SUB>>", "3": "<(IDENTIFIER,scan,new Scanner(System.in))<SUB>3</SUB>>", "27": "<(IDENTIFIER,System,new Scanner(System.in))<SUB>3</SUB>>", "29": "<(LOCAL,long n: long)<SUB>4</SUB>>", "31": "<(LOCAL,long ans: long)<SUB>4</SUB>>", "33": "<(IDENTIFIER,ans,long ans = 0)<SUB>4</SUB>>", "35": "<(&lt;operator&gt;.assignment,n = nextLong())<SUB>5</SUB>>", "37": "<(nextLong,nextLong())<SUB>5</SUB>>", "39": "<(&lt;operator&gt;.assignment,s = nextLong())<SUB>6</SUB>>", "41": "<(nextLong,nextLong())<SUB>6</SUB>>", "43": "<(LOCAL,long current: long)<SUB>7</SUB>>", "45": "<(IDENTIFIER,current,long current = s)<SUB>7</SUB>>", "47": "<(CONTROL_STRUCTURE,while (current &lt;= n &amp;&amp; current &lt;= s + 20 * 9),while (current &lt;= n &amp;&amp; current &lt;= s + 20 * 9))<SUB>8</SUB>>", "49": "<(&lt;operator&gt;.lessEqualsThan,current &lt;= n)<SUB>8</SUB>>", "51": "<(IDENTIFIER,n,current &lt;= n)<SUB>8</SUB>>", "53": "<(IDENTIFIER,current,current &lt;= s + 20 * 9)<SUB>8</SUB>>", "55": "<(IDENTIFIER,s,s + 20 * 9)<SUB>8</SUB>>", "57": "<(LITERAL,20,20 * 9)<SUB>8</SUB>>", "59": "<(BLOCK,&lt;empty&gt;,&lt;empty&gt;)<SUB>8</SUB>>", "61": "<(&lt;operator&gt;.assignment,long temp = sum(current))<SUB>10</SUB>>", "63": "<(sum,sum(current))<SUB>10</SUB>>", "65": "<(IDENTIFIER,current,sum(current))<SUB>10</SUB>>", "67": "<(&lt;operator&gt;.greaterEqualsThan,current - temp &gt;= s)<SUB>11</SUB>>", "69": "<(IDENTIFIER,current,current - temp)<SUB>11</SUB>>", "71": "<(IDENTIFIER,s,current - temp &gt;= s)<SUB>11</SUB>>", "73": "<(&lt;operator&gt;.postIncrement,ans++)<SUB>12</SUB>>", "75": "<(&lt;operator&gt;.postIncrement,current++)<SUB>14</SUB>>", "77": "<(CONTROL_STRUCTURE,if (current &lt;= n),if (current &lt;= n))<SUB>16</SUB>>", "79": "<(IDENTIFIER,current,current &lt;= n)<SUB>16</SUB>>", "81": "<(BLOCK,&lt;empty&gt;,&lt;empty&gt;)<SUB>16</SUB>>", "83": "<(IDENTIFIER,ans,ans += n - current + 1)<SUB>17</SUB>>", "85": "<(&lt;operator&gt;.subtraction,n - current)<SUB>17</SUB>>", "87": "<(IDENTIFIER,current,n - current)<SUB>17</SUB>>", "89": "<(println,System.out.println(ans))<SUB>19</SUB>>", "91": "<(IDENTIFIER,System,System.out.println(ans))<SUB>19</SUB>>", "93": "<(IDENTIFIER,ans,System.out.println(ans))<SUB>19</SUB>>", "95": "<(MODIFIER,STATIC)>"}}