{"edges": [["21", "23"], ["21", "113"], ["21", "114"], ["21", "115"], ["23", "4"], ["23", "24"], ["23", "27"], ["23", "6"], ["23", "38"], ["23", "41"], ["23", "44"], ["23", "45"], ["23", "51"], ["23", "52"], ["23", "58"], ["23", "59"], ["23", "68"], ["23", "89"], ["23", "104"], ["24", "25"], ["24", "26"], ["27", "3"], ["27", "28"], ["28", "29"], ["28", "32"], ["28", "37"], ["29", "30"], ["29", "31"], ["32", "33"], ["32", "34"], ["34", "35"], ["34", "36"], ["38", "39"], ["38", "40"], ["41", "5"], ["41", "42"], ["42", "43"], ["45", "46"], ["45", "47"], ["47", "48"], ["47", "49"], ["49", "50"], ["52", "53"], ["52", "54"], ["54", "55"], ["54", "56"], ["56", "57"], ["59", "60"], ["59", "61"], ["61", "62"], ["61", "67"], ["62", "63"], ["62", "66"], ["63", "64"], ["63", "65"], ["68", "69"], ["68", "82"], ["69", "70"], ["69", "73"], ["70", "71"], ["70", "72"], ["73", "74"], ["73", "81"], ["74", "75"], ["74", "76"], ["76", "77"], ["76", "78"], ["78", "79"], ["78", "80"], ["82", "83"], ["82", "88"], ["83", "84"], ["83", "87"], ["84", "85"], ["84", "86"], ["89", "90"], ["89", "100"], ["90", "91"], ["91", "92"], ["91", "99"], ["92", "93"], ["92", "94"], ["94", "95"], ["94", "96"], ["96", "97"], ["96", "98"], ["100", "101"], ["101", "102"], ["101", "103"], ["104", "105"], ["104", "108"], ["105", "106"], ["105", "107"], ["108", "109"], ["108", "112"], ["109", "110"], ["109", "111"], ["24", "31"], ["27", "40"], ["38", "42"], ["41", "49"], ["45", "56"], ["52", "63"], ["59", "70"], ["104", "115"], ["26", "24"], ["40", "38"], ["42", "41"], ["47", "45"], ["54", "52"], ["61", "59"], ["69", "86"], ["69", "96"], ["90", "101"], ["90", "107"], ["105", "109"], ["108", "104"], ["29", "36"], ["32", "27"], ["49", "47"], ["56", "54"], ["62", "61"], ["70", "69"], ["70", "78"], ["73", "69"], ["83", "88"], ["88", "115"], ["91", "90"], ["101", "96"], ["107", "105"], ["109", "108"], ["31", "29"], ["34", "32"], ["63", "62"], ["74", "73"], ["84", "83"], ["92", "91"], ["36", "34"], ["76", "74"], ["86", "84"], ["94", "92"], ["78", "76"], ["96", "94"], ["21", "26"], ["88", "115"], ["22", "115"], ["24", "115"], ["29", "115"], ["32", "115"], ["32", "115"], ["32", "115"], ["27", "115"], ["38", "115"], ["42", "115"], ["41", "115"], ["41", "115"], ["45", "115"], ["54", "115"], ["56", "115"], ["54", "115"], ["52", "115"], ["52", "115"], ["59", "115"], ["63", "115"], ["62", "115"], ["61", "115"], ["59", "115"], ["59", "115"], ["70", "115"], ["69", "115"], ["74", "115"], ["76", "115"], ["76", "115"], ["74", "115"], ["73", "115"], ["73", "115"], ["69", "115"], ["69", "115"], ["83", "115"], ["83", "115"], ["21", "22"], ["21", "24"], ["21", "38"], ["47", "45"], ["47", "45"], ["54", "52"], ["54", "52"], ["61", "59"], ["61", "59"], ["24", "27"], ["21", "27"], ["29", "27"], ["32", "27"], ["38", "41"], ["21", "41"], ["42", "41"], ["109", "104"], ["109", "104"], ["21", "104"], ["21", "29"], ["21", "37"], ["27", "42"], ["21", "42"], ["21", "47"], ["49", "47"], ["47", "54"], ["21", "54"], ["56", "54"], ["63", "61"], ["63", "61"], ["21", "61"], ["70", "69"], ["70", "69"], ["73", "69"], ["73", "69"], ["21", "88"], ["91", "90"], ["91", "90"], ["21", "101"], ["109", "108"], ["109", "108"], ["21", "108"], ["29", "32"], ["21", "32"], ["41", "49"], ["21", "49"], ["49", "56"], ["21", "56"], ["63", "62"], ["63", "62"], ["21", "62"], ["45", "70"], ["21", "70"], ["74", "73"], ["74", "73"], ["63", "73"], ["21", "73"], ["21", "83"], ["92", "91"], ["92", "91"], ["63", "91"], ["73", "91"], ["21", "91"], ["92", "101"], ["70", "109"], ["74", "109"], ["21", "109"], ["92", "109"], ["52", "63"], ["21", "63"], ["21", "74"], ["70", "74"], ["76", "74"], ["76", "74"], ["21", "92"], ["59", "92"], ["101", "92"], ["94", "92"], ["94", "92"], ["21", "76"], ["70", "76"], ["76", "94"], ["21", "94"], ["59", "94"], ["101", "94"], ["70", "78"], ["21", "78"], ["21", "96"], ["59", "96"], ["101", "96"], ["69", "107"], ["69", "94"], ["69", "96"], ["69", "83"], ["69", "105"], ["69", "84"], ["69", "88"], ["69", "104"], ["69", "92"], ["69", "91"], ["69", "108"], ["69", "90"], ["69", "109"], ["69", "86"], ["90", "94"], ["90", "96"], ["90", "92"], ["90", "91"], ["90", "101"], ["90", "90"], ["70", "73"], ["70", "74"], ["70", "76"], ["70", "78"]], "features": {"21": "<(METHOD,main)<SUB>1</SUB>>", "23": "<(BLOCK,&lt;empty&gt;,&lt;empty&gt;)<SUB>1</SUB>>", "24": "<(&lt;operator&gt;.assignment,ANY in = new BufferedReader(new InputStreamReader(System.in)))<SUB>2</SUB>>", "26": "<(&lt;operator&gt;.alloc,new BufferedReader(new InputStreamReader(System.in)))<SUB>2</SUB>>", "3": "<(IDENTIFIER,in,new BufferedReader(new InputStreamReader(System.in)))<SUB>2</SUB>>", "29": "<(&lt;operator&gt;.assignment,&lt;empty&gt;)>", "31": "<(&lt;operator&gt;.alloc,new InputStreamReader(System.in))<SUB>2</SUB>>", "33": "<(IDENTIFIER,$obj0,new InputStreamReader(System.in))>", "35": "<(IDENTIFIER,System,new InputStreamReader(System.in))<SUB>2</SUB>>", "37": "<(IDENTIFIER,$obj0,&lt;empty&gt;)>", "38": "<(&lt;operator&gt;.assignment,ANY st = new StringTokenizer(in.readLine()))<SUB>3</SUB>>", "40": "<(&lt;operator&gt;.alloc,new StringTokenizer(in.readLine()))<SUB>3</SUB>>", "5": "<(IDENTIFIER,st,new StringTokenizer(in.readLine()))<SUB>3</SUB>>", "43": "<(IDENTIFIER,in,readLine())<SUB>3</SUB>>", "45": "<(&lt;operator&gt;.assignment,long n = parseLong(st.nextToken()))<SUB>4</SUB>>", "47": "<(parseLong,parseLong(st.nextToken()))<SUB>4</SUB>>", "49": "<(nextToken,nextToken())<SUB>4</SUB>>", "51": "<(LOCAL,long s: long)<SUB>5</SUB>>", "53": "<(IDENTIFIER,s,long s = parseLong(st.nextToken()))<SUB>5</SUB>>", "55": "<(IDENTIFIER,Long,parseLong(st.nextToken()))<SUB>5</SUB>>", "57": "<(IDENTIFIER,st,nextToken())<SUB>5</SUB>>", "59": "<(&lt;operator&gt;.assignment,long i = (s / 10 + 1) * 10)<SUB>6</SUB>>", "61": "<(&lt;operator&gt;.multiplication,(s / 10 + 1) * 10)<SUB>6</SUB>>", "63": "<(&lt;operator&gt;.division,s / 10)<SUB>6</SUB>>", "65": "<(LITERAL,10,s / 10)<SUB>6</SUB>>", "67": "<(LITERAL,10,(s / 10 + 1) * 10)<SUB>6</SUB>>", "69": "<(&lt;operator&gt;.logicalOr,n &lt; 10 || n - sd(n + &quot;&quot;) &lt; s)<SUB>7</SUB>>", "71": "<(IDENTIFIER,n,n &lt; 10)<SUB>7</SUB>>", "73": "<(&lt;operator&gt;.lessThan,n - sd(n + &quot;&quot;) &lt; s)<SUB>7</SUB>>", "75": "<(IDENTIFIER,n,n - sd(n + &quot;&quot;))<SUB>7</SUB>>", "77": "<(IDENTIFIER,this,sd(n + &quot;&quot;))<SUB>7</SUB>>", "79": "<(IDENTIFIER,n,n + &quot;&quot;)<SUB>7</SUB>>", "81": "<(IDENTIFIER,s,n - sd(n + &quot;&quot;) &lt; s)<SUB>7</SUB>>", "83": "<(println,System.out.println(0))<SUB>8</SUB>>", "85": "<(IDENTIFIER,System,System.out.println(0))<SUB>8</SUB>>", "87": "<(LITERAL,0,System.out.println(0))<SUB>8</SUB>>", "89": "<(CONTROL_STRUCTURE,while (!(i - sd(&quot;&quot; + i) &gt;= s)),while (!(i - sd(&quot;&quot; + i) &gt;= s)))<SUB>11</SUB>>", "91": "<(&lt;operator&gt;.greaterEqualsThan,i - sd(&quot;&quot; + i) &gt;= s)<SUB>11</SUB>>", "93": "<(IDENTIFIER,i,i - sd(&quot;&quot; + i))<SUB>11</SUB>>", "95": "<(IDENTIFIER,this,sd(&quot;&quot; + i))<SUB>11</SUB>>", "97": "<(LITERAL,&quot;&quot;,&quot;&quot; + i)<SUB>11</SUB>>", "99": "<(IDENTIFIER,s,i - sd(&quot;&quot; + i) &gt;= s)<SUB>11</SUB>>", "101": "<(&lt;operator&gt;.assignmentPlus,i += 10)<SUB>12</SUB>>", "103": "<(LITERAL,10,i += 10)<SUB>12</SUB>>", "105": "<(&lt;operator&gt;.fieldAccess,System.out)<SUB>14</SUB>>", "107": "<(FIELD_IDENTIFIER,out,out)<SUB>14</SUB>>", "109": "<(&lt;operator&gt;.subtraction,n - i)<SUB>14</SUB>>", "111": "<(IDENTIFIER,i,n - i)<SUB>14</SUB>>", "113": "<(MODIFIER,PUBLIC)>", "115": "<(METHOD_RETURN,void)<SUB>1</SUB>>"}}