{"edges": [["19", "21"], ["19", "105"], ["19", "106"], ["19", "107"], ["21", "4"], ["21", "22"], ["21", "25"], ["21", "29"], ["21", "30"], ["21", "34"], ["21", "35"], ["21", "39"], ["21", "40"], ["21", "43"], ["21", "44"], ["21", "47"], ["21", "48"], ["21", "51"], ["21", "86"], ["22", "23"], ["22", "24"], ["25", "3"], ["25", "26"], ["26", "27"], ["26", "28"], ["30", "31"], ["30", "32"], ["32", "33"], ["35", "36"], ["35", "37"], ["37", "38"], ["40", "41"], ["40", "42"], ["44", "45"], ["44", "46"], ["48", "49"], ["48", "50"], ["51", "52"], ["51", "55"], ["52", "53"], ["52", "54"], ["55", "56"], ["55", "57"], ["55", "66"], ["57", "58"], ["57", "59"], ["59", "60"], ["59", "61"], ["61", "62"], ["61", "65"], ["62", "63"], ["62", "64"], ["66", "67"], ["66", "71"], ["66", "80"], ["67", "68"], ["67", "69"], ["67", "70"], ["71", "72"], ["71", "75"], ["72", "73"], ["72", "74"], ["75", "76"], ["75", "77"], ["77", "78"], ["77", "79"], ["80", "81"], ["81", "82"], ["81", "83"], ["83", "84"], ["83", "85"], ["86", "87"], ["86", "90"], ["86", "95"], ["87", "88"], ["87", "89"], ["90", "91"], ["90", "94"], ["91", "92"], ["91", "93"], ["95", "96"], ["96", "97"], ["96", "100"], ["97", "98"], ["97", "99"], ["100", "101"], ["100", "104"], ["101", "102"], ["101", "103"], ["22", "28"], ["25", "32"], ["30", "37"], ["35", "40"], ["40", "44"], ["44", "48"], ["48", "52"], ["24", "22"], ["26", "25"], ["32", "30"], ["37", "35"], ["52", "62"], ["52", "87"], ["87", "93"], ["87", "99"], ["90", "107"], ["28", "26"], ["57", "67"], ["91", "90"], ["96", "107"], ["59", "57"], ["67", "72"], ["67", "83"], ["93", "91"], ["97", "101"], ["100", "96"], ["61", "59"], ["72", "77"], ["75", "52"], ["81", "52"], ["99", "97"], ["101", "100"], ["62", "61"], ["77", "75"], ["83", "81"], ["19", "24"], ["20", "107"], ["22", "107"], ["25", "107"], ["25", "107"], ["30", "107"], ["35", "107"], ["37", "107"], ["35", "107"], ["35", "107"], ["40", "107"], ["44", "107"], ["48", "107"], ["48", "107"], ["52", "107"], ["52", "107"], ["52", "107"], ["87", "107"], ["90", "107"], ["90", "107"], ["90", "107"], ["61", "107"], ["59", "107"], ["57", "107"], ["57", "107"], ["67", "107"], ["67", "107"], ["83", "107"], ["81", "107"], ["81", "107"], ["72", "107"], ["77", "107"], ["75", "107"], ["75", "107"], ["67", "107"], ["19", "20"], ["19", "22"], ["32", "30"], ["37", "35"], ["19", "40"], ["19", "44"], ["30", "48"], ["19", "48"], ["22", "25"], ["19", "25"], ["25", "32"], ["19", "32"], ["32", "37"], ["19", "37"], ["44", "52"], ["81", "52"], ["19", "52"], ["62", "52"], ["48", "52"], ["62", "52"], ["75", "52"], ["62", "57"], ["19", "57"], ["61", "57"], ["61", "57"], ["40", "87"], ["72", "87"], ["19", "87"], ["87", "90"], ["19", "90"], ["101", "96"], ["101", "96"], ["19", "96"], ["62", "59"], ["19", "59"], ["61", "59"], ["61", "59"], ["19", "67"], ["57", "67"], ["35", "67"], ["67", "72"], ["19", "72"], ["77", "75"], ["77", "75"], ["67", "81"], ["19", "81"], ["101", "100"], ["101", "100"], ["19", "100"], ["62", "61"], ["62", "61"], ["19", "61"], ["19", "101"], ["30", "101"], ["87", "101"], ["52", "62"], ["19", "62"], ["52", "62"], ["19", "77"], ["67", "77"], ["67", "83"], ["19", "83"], ["52", "61"], ["52", "57"], ["52", "52"], ["52", "67"], ["52", "59"], ["52", "62"], ["87", "96"], ["87", "99"], ["87", "100"], ["87", "97"], ["87", "91"], ["87", "93"], ["87", "101"], ["87", "90"], ["67", "77"], ["67", "83"], ["67", "75"], ["67", "81"], ["67", "72"]], "features": {"19": "<(METHOD,main)<SUB>1</SUB>>", "21": "<(BLOCK,&lt;empty&gt;,&lt;empty&gt;)<SUB>1</SUB>>", "22": "<(&lt;operator&gt;.assignment,ANY scan = new Scanner(System.in))<SUB>2</SUB>>", "24": "<(&lt;operator&gt;.alloc,new Scanner(System.in))<SUB>2</SUB>>", "3": "<(IDENTIFIER,scan,new Scanner(System.in))<SUB>2</SUB>>", "27": "<(IDENTIFIER,System,new Scanner(System.in))<SUB>2</SUB>>", "29": "<(LOCAL,long n: long)<SUB>3</SUB>>", "31": "<(IDENTIFIER,n,long n = nextLong())<SUB>3</SUB>>", "33": "<(IDENTIFIER,scan,nextLong())<SUB>3</SUB>>", "35": "<(&lt;operator&gt;.assignment,long s = nextLong())<SUB>4</SUB>>", "37": "<(nextLong,nextLong())<SUB>4</SUB>>", "39": "<(LOCAL,long ans: long)<SUB>5</SUB>>", "41": "<(IDENTIFIER,ans,long ans = 0)<SUB>5</SUB>>", "43": "<(LOCAL,long l: long)<SUB>6</SUB>>", "45": "<(IDENTIFIER,l,long l = 0)<SUB>6</SUB>>", "47": "<(LOCAL,long r: long)<SUB>7</SUB>>", "49": "<(IDENTIFIER,r,long r = n)<SUB>7</SUB>>", "51": "<(CONTROL_STRUCTURE,while (l &lt;= r),while (l &lt;= r))<SUB>8</SUB>>", "53": "<(IDENTIFIER,l,l &lt;= r)<SUB>8</SUB>>", "55": "<(BLOCK,&lt;empty&gt;,&lt;empty&gt;)<SUB>8</SUB>>", "57": "<(&lt;operator&gt;.assignment,long mid = l + (r - l) / 2)<SUB>10</SUB>>", "59": "<(&lt;operator&gt;.addition,l + (r - l) / 2)<SUB>10</SUB>>", "61": "<(&lt;operator&gt;.division,(r - l) / 2)<SUB>10</SUB>>", "63": "<(IDENTIFIER,r,r - l)<SUB>10</SUB>>", "65": "<(LITERAL,2,(r - l) / 2)<SUB>10</SUB>>", "67": "<(isReallyBig,isReallyBig(mid, s))<SUB>11</SUB>>", "69": "<(IDENTIFIER,mid,isReallyBig(mid, s))<SUB>11</SUB>>", "71": "<(BLOCK,&lt;empty&gt;,&lt;empty&gt;)<SUB>11</SUB>>", "73": "<(IDENTIFIER,ans,ans = mid)<SUB>12</SUB>>", "75": "<(&lt;operator&gt;.assignment,r = mid - 1)<SUB>13</SUB>>", "77": "<(&lt;operator&gt;.subtraction,mid - 1)<SUB>13</SUB>>", "79": "<(LITERAL,1,mid - 1)<SUB>13</SUB>>", "81": "<(&lt;operator&gt;.assignment,l = mid + 1)<SUB>15</SUB>>", "83": "<(&lt;operator&gt;.addition,mid + 1)<SUB>15</SUB>>", "85": "<(LITERAL,1,mid + 1)<SUB>15</SUB>>", "87": "<(&lt;operator&gt;.equals,ans == 0)<SUB>17</SUB>>", "89": "<(LITERAL,0,ans == 0)<SUB>17</SUB>>", "91": "<(&lt;operator&gt;.fieldAccess,System.out)<SUB>17</SUB>>", "93": "<(FIELD_IDENTIFIER,out,out)<SUB>17</SUB>>", "95": "<(CONTROL_STRUCTURE,else,else)<SUB>19</SUB>>", "97": "<(&lt;operator&gt;.fieldAccess,System.out)<SUB>19</SUB>>", "99": "<(FIELD_IDENTIFIER,out,out)<SUB>19</SUB>>", "101": "<(&lt;operator&gt;.subtraction,n - ans)<SUB>19</SUB>>", "103": "<(IDENTIFIER,ans,n - ans)<SUB>19</SUB>>", "105": "<(MODIFIER,PUBLIC)>", "107": "<(METHOD_RETURN,void)<SUB>1</SUB>>"}}