{"edges": [["17", "18"], ["17", "19"], ["17", "48"], ["17", "49"], ["17", "50"], ["19", "20"], ["19", "40"], ["20", "21"], ["21", "22"], ["21", "25"], ["21", "39"], ["22", "23"], ["22", "24"], ["25", "26"], ["25", "27"], ["25", "28"], ["25", "35"], ["25", "36"], ["28", "29"], ["28", "32"], ["28", "34"], ["29", "30"], ["29", "31"], ["32", "33"], ["36", "37"], ["36", "38"], ["40", "41"], ["41", "42"], ["41", "45"], ["41", "47"], ["42", "43"], ["42", "44"], ["45", "46"], ["20", "44"], ["40", "50"], ["22", "31"], ["25", "20"], ["42", "45"], ["45", "40"], ["24", "22"], ["36", "25"], ["44", "42"], ["29", "32"], ["32", "36"], ["31", "29"], ["17", "24"], ["18", "50"], ["25", "50"], ["32", "50"], ["32", "50"], ["25", "50"], ["25", "50"], ["20", "50"], ["42", "50"], ["45", "50"], ["45", "50"], ["40", "50"], ["17", "18"], ["29", "20"], ["25", "20"], ["17", "20"], ["42", "40"], ["45", "40"], ["17", "40"], ["17", "22"], ["17", "39"], ["17", "42"], ["17", "47"], ["22", "25"], ["17", "25"], ["29", "25"], ["32", "25"], ["36", "25"], ["36", "25"], ["42", "45"], ["17", "45"], ["17", "29"], ["17", "34"], ["17", "36"], ["29", "32"], ["17", "32"]], "features": {"17": "<(METHOD,main)<SUB>1</SUB>>", "19": "<(BLOCK,&lt;empty&gt;,&lt;empty&gt;)<SUB>1</SUB>>", "21": "<(BLOCK,&lt;empty&gt;,&lt;empty&gt;)<SUB>2</SUB>>", "23": "<(IDENTIFIER,$obj1,&lt;empty&gt;)>", "25": "<(&lt;init&gt;,new Thread(null, new Runnable() {\\012\\012    public void run() {\\012        try {\\012        } catch (Exception e) {\\012            System.out.println(e);\\012        }\\012    }\\012}, &quot;1&quot;, 1 &lt;&lt; 26))<SUB>2</SUB>>", "27": "<(LITERAL,null,new Thread(null, new Runnable() {\\012\\012    public void run() {\\012        try {\\012        } catch (Exception e) {\\012            System.out.println(e);\\012        }\\012    }\\012}, &quot;1&quot;, 1 &lt;&lt; 26))<SUB>2</SUB>>", "29": "<(&lt;operator&gt;.assignment,&lt;empty&gt;)>", "31": "<(&lt;operator&gt;.alloc,new Runnable() {\\012\\012    public void run() {\\012        try {\\012        } catch (Exception e) {\\012            System.out.println(e);\\012        }\\012    }\\012})<SUB>2</SUB>>", "33": "<(IDENTIFIER,$obj0,new Runnable() {\\012\\012    public void run() {\\012        try {\\012        } catch (Exception e) {\\012            System.out.println(e);\\012        }\\012    }\\012})>", "35": "<(LITERAL,&quot;1&quot;,new Thread(null, new Runnable() {\\012\\012    public void run() {\\012        try {\\012        } catch (Exception e) {\\012            System.out.println(e);\\012        }\\012    }\\012}, &quot;1&quot;, 1 &lt;&lt; 26))<SUB>11</SUB>>", "37": "<(LITERAL,1,1 &lt;&lt; 26)<SUB>11</SUB>>", "39": "<(IDENTIFIER,$obj1,&lt;empty&gt;)>", "41": "<(BLOCK,&lt;empty&gt;,&lt;empty&gt;)<SUB>12</SUB>>", "43": "<(IDENTIFIER,$obj2,&lt;empty&gt;)>", "45": "<(&lt;init&gt;,new Main())<SUB>12</SUB>>", "47": "<(IDENTIFIER,$obj2,&lt;empty&gt;)>", "49": "<(MODIFIER,STATIC)>"}}