{"edges": [["21", "22"], ["21", "23"], ["21", "100"], ["21", "101"], ["21", "102"], ["23", "4"], ["23", "24"], ["23", "27"], ["23", "6"], ["23", "31"], ["23", "34"], ["23", "38"], ["23", "39"], ["23", "43"], ["23", "47"], ["23", "48"], ["23", "49"], ["23", "52"], ["23", "55"], ["23", "81"], ["23", "98"], ["24", "25"], ["24", "26"], ["27", "3"], ["27", "28"], ["28", "29"], ["28", "30"], ["31", "32"], ["31", "33"], ["34", "5"], ["34", "35"], ["35", "36"], ["35", "37"], ["39", "40"], ["39", "41"], ["41", "42"], ["43", "44"], ["43", "45"], ["45", "46"], ["49", "50"], ["49", "51"], ["52", "53"], ["52", "54"], ["55", "56"], ["55", "59"], ["56", "57"], ["56", "58"], ["59", "60"], ["59", "61"], ["59", "68"], ["61", "62"], ["61", "63"], ["63", "64"], ["63", "67"], ["64", "65"], ["64", "66"], ["68", "69"], ["68", "72"], ["68", "75"], ["69", "70"], ["69", "71"], ["72", "73"], ["72", "74"], ["75", "76"], ["76", "77"], ["76", "78"], ["78", "79"], ["78", "80"], ["81", "82"], ["81", "85"], ["81", "92"], ["82", "83"], ["82", "84"], ["85", "86"], ["85", "87"], ["87", "88"], ["87", "91"], ["88", "89"], ["88", "90"], ["92", "93"], ["93", "94"], ["93", "95"], ["95", "96"], ["95", "97"], ["98", "99"], ["24", "30"], ["27", "33"], ["31", "37"], ["34", "41"], ["39", "45"], ["43", "49"], ["49", "52"], ["52", "56"], ["98", "102"], ["26", "24"], ["28", "27"], ["33", "31"], ["35", "34"], ["41", "39"], ["45", "43"], ["56", "64"], ["56", "82"], ["82", "88"], ["82", "95"], ["85", "98"], ["30", "28"], ["37", "35"], ["61", "69"], ["87", "85"], ["93", "98"], ["63", "61"], ["69", "72"], ["69", "78"], ["72", "56"], ["88", "87"], ["95", "93"], ["64", "63"], ["76", "56"], ["78", "76"], ["21", "26"], ["22", "102"], ["24", "102"], ["27", "102"], ["27", "102"], ["31", "102"], ["34", "102"], ["34", "102"], ["39", "102"], ["45", "102"], ["43", "102"], ["43", "102"], ["49", "102"], ["52", "102"], ["56", "102"], ["56", "102"], ["82", "102"], ["82", "102"], ["95", "102"], ["95", "102"], ["93", "102"], ["93", "102"], ["88", "102"], ["88", "102"], ["87", "102"], ["85", "102"], ["85", "102"], ["98", "102"], ["98", "102"], ["63", "102"], ["61", "102"], ["61", "102"], ["69", "102"], ["78", "102"], ["76", "102"], ["76", "102"], ["72", "102"], ["72", "102"], ["43", "102"], ["21", "22"], ["21", "24"], ["21", "31"], ["41", "39"], ["45", "43"], ["21", "49"], ["39", "52"], ["21", "52"], ["24", "27"], ["21", "27"], ["31", "34"], ["21", "34"], ["93", "98"], ["85", "98"], ["21", "98"], ["27", "41"], ["21", "41"], ["41", "45"], ["21", "45"], ["49", "56"], ["76", "56"], ["21", "56"], ["52", "56"], ["72", "56"], ["63", "61"], ["63", "61"], ["69", "82"], ["21", "82"], ["56", "82"], ["34", "85"], ["21", "85"], ["88", "85"], ["88", "85"], ["69", "72"], ["21", "72"], ["88", "87"], ["88", "87"], ["21", "87"], ["34", "93"], ["21", "93"], ["95", "93"], ["95", "93"], ["56", "63"], ["21", "63"], ["56", "63"], ["21", "69"], ["61", "69"], ["69", "76"], ["21", "76"], ["21", "88"], ["39", "88"], ["82", "88"], ["21", "95"], ["39", "95"], ["82", "95"], ["56", "64"], ["21", "64"], ["56", "64"], ["69", "78"], ["21", "78"], ["56", "61"], ["56", "64"], ["56", "56"], ["56", "69"], ["56", "63"], ["82", "85"], ["82", "88"], ["82", "95"], ["82", "87"], ["82", "93"], ["69", "72"], ["69", "76"], ["69", "78"]], "features": {"21": "<(METHOD,main)<SUB>1</SUB>>", "23": "<(BLOCK,&lt;empty&gt;,&lt;empty&gt;)<SUB>1</SUB>>", "24": "<(&lt;operator&gt;.assignment,ANY in = new InputReader(System.in))<SUB>2</SUB>>", "26": "<(&lt;operator&gt;.alloc,new InputReader(System.in))<SUB>2</SUB>>", "3": "<(IDENTIFIER,in,new InputReader(System.in))<SUB>2</SUB>>", "29": "<(IDENTIFIER,System,new InputReader(System.in))<SUB>2</SUB>>", "6": "<(LOCAL,PrintWriter w: ANY)<SUB>3</SUB>>", "32": "<(IDENTIFIER,w,ANY w = new PrintWriter(System.out))<SUB>3</SUB>>", "34": "<(&lt;init&gt;,new PrintWriter(System.out))<SUB>3</SUB>>", "35": "<(&lt;operator&gt;.fieldAccess,System.out)<SUB>3</SUB>>", "37": "<(FIELD_IDENTIFIER,out,out)<SUB>3</SUB>>", "39": "<(&lt;operator&gt;.assignment,long n = nextLong())<SUB>4</SUB>>", "41": "<(nextLong,nextLong())<SUB>4</SUB>>", "43": "<(&lt;operator&gt;.assignment,s = nextLong())<SUB>5</SUB>>", "45": "<(nextLong,nextLong())<SUB>5</SUB>>", "47": "<(LOCAL,long l: long)<SUB>6</SUB>>", "49": "<(&lt;operator&gt;.assignment,long l = 0)<SUB>6</SUB>>", "51": "<(LITERAL,0,long l = 0)<SUB>6</SUB>>", "53": "<(IDENTIFIER,h,long h = n)<SUB>6</SUB>>", "55": "<(CONTROL_STRUCTURE,while (l &lt; h),while (l &lt; h))<SUB>7</SUB>>", "57": "<(IDENTIFIER,l,l &lt; h)<SUB>7</SUB>>", "59": "<(BLOCK,&lt;empty&gt;,&lt;empty&gt;)<SUB>7</SUB>>", "61": "<(&lt;operator&gt;.assignment,long mid = (l + h) / 2)<SUB>8</SUB>>", "63": "<(&lt;operator&gt;.division,(l + h) / 2)<SUB>8</SUB>>", "65": "<(IDENTIFIER,l,l + h)<SUB>8</SUB>>", "67": "<(LITERAL,2,(l + h) / 2)<SUB>8</SUB>>", "69": "<(Ok,Ok(mid))<SUB>12</SUB>>", "71": "<(IDENTIFIER,mid,Ok(mid))<SUB>12</SUB>>", "73": "<(IDENTIFIER,h,h = mid)<SUB>13</SUB>>", "75": "<(CONTROL_STRUCTURE,else,else)<SUB>15</SUB>>", "77": "<(IDENTIFIER,l,l = mid + 1)<SUB>15</SUB>>", "79": "<(IDENTIFIER,mid,mid + 1)<SUB>15</SUB>>", "81": "<(CONTROL_STRUCTURE,if (Ok(h)),if (Ok(h)))<SUB>17</SUB>>", "83": "<(IDENTIFIER,this,Ok(h))<SUB>17</SUB>>", "85": "<(println,println(n - h + 1))<SUB>18</SUB>>", "87": "<(&lt;operator&gt;.addition,n - h + 1)<SUB>18</SUB>>", "89": "<(IDENTIFIER,n,n - h)<SUB>18</SUB>>", "91": "<(LITERAL,1,n - h + 1)<SUB>18</SUB>>", "93": "<(println,println(n - h))<SUB>20</SUB>>", "95": "<(&lt;operator&gt;.subtraction,n - h)<SUB>20</SUB>>", "97": "<(IDENTIFIER,h,n - h)<SUB>20</SUB>>", "99": "<(IDENTIFIER,w,close())<SUB>22</SUB>>", "101": "<(MODIFIER,STATIC)>"}}