{"edges": [["17", "19"], ["17", "37"], ["17", "38"], ["17", "39"], ["19", "20"], ["19", "29"], ["20", "21"], ["20", "27"], ["21", "22"], ["22", "23"], ["22", "24"], ["24", "25"], ["24", "26"], ["27", "28"], ["29", "30"], ["30", "31"], ["30", "34"], ["30", "36"], ["31", "32"], ["31", "33"], ["34", "35"], ["29", "39"], ["22", "33"], ["31", "34"], ["34", "29"], ["24", "22"], ["33", "31"], ["26", "24"], ["17", "26"], ["18", "39"], ["22", "39"], ["22", "39"], ["22", "39"], ["31", "39"], ["34", "39"], ["34", "39"], ["29", "39"], ["17", "18"], ["31", "29"], ["34", "29"], ["17", "29"], ["17", "28"], ["17", "31"], ["17", "36"], ["17", "22"], ["31", "34"], ["17", "34"]], "features": {"17": "<(METHOD,main)<SUB>1</SUB>>", "19": "<(BLOCK,&lt;empty&gt;,&lt;empty&gt;)<SUB>1</SUB>>", "21": "<(BLOCK,try,try)<SUB>2</SUB>>", "23": "<(IDENTIFIER,Locale,setDefault(Locale.US))<SUB>3</SUB>>", "25": "<(IDENTIFIER,Locale,setDefault(Locale.US))<SUB>3</SUB>>", "27": "<(BLOCK,catch,catch)>", "29": "<(run,run())<SUB>6</SUB>>", "31": "<(&lt;operator&gt;.assignment,&lt;empty&gt;)>", "33": "<(&lt;operator&gt;.alloc,new Main())<SUB>6</SUB>>", "35": "<(IDENTIFIER,$obj0,new Main())>", "37": "<(MODIFIER,PUBLIC)>", "39": "<(METHOD_RETURN,void)<SUB>1</SUB>>"}}