{"edges": [["19", "20"], ["19", "21"], ["19", "130"], ["19", "131"], ["19", "132"], ["21", "4"], ["21", "22"], ["21", "25"], ["21", "36"], ["21", "37"], ["21", "43"], ["21", "44"], ["21", "51"], ["21", "58"], ["21", "59"], ["21", "63"], ["21", "99"], ["21", "101"], ["22", "23"], ["22", "24"], ["25", "3"], ["25", "26"], ["26", "27"], ["26", "30"], ["26", "35"], ["27", "28"], ["27", "29"], ["30", "31"], ["30", "32"], ["32", "33"], ["32", "34"], ["37", "38"], ["37", "39"], ["39", "40"], ["39", "42"], ["40", "41"], ["44", "45"], ["44", "46"], ["46", "47"], ["46", "48"], ["48", "49"], ["48", "50"], ["51", "52"], ["51", "53"], ["53", "54"], ["53", "55"], ["55", "56"], ["55", "57"], ["59", "60"], ["59", "61"], ["61", "62"], ["63", "64"], ["63", "65"], ["63", "68"], ["63", "71"], ["63", "73"], ["65", "66"], ["65", "67"], ["68", "69"], ["68", "70"], ["71", "72"], ["73", "74"], ["73", "75"], ["73", "83"], ["75", "76"], ["75", "77"], ["77", "78"], ["77", "79"], ["79", "80"], ["79", "81"], ["79", "82"], ["83", "84"], ["83", "95"], ["84", "85"], ["84", "94"], ["85", "86"], ["85", "89"], ["86", "87"], ["86", "88"], ["89", "90"], ["89", "91"], ["91", "92"], ["91", "93"], ["95", "96"], ["96", "97"], ["96", "98"], ["99", "100"], ["101", "102"], ["101", "113"], ["101", "123"], ["102", "103"], ["102", "106"], ["103", "104"], ["103", "105"], ["106", "107"], ["106", "112"], ["107", "108"], ["107", "109"], ["109", "110"], ["109", "111"], ["113", "114"], ["114", "115"], ["114", "118"], ["115", "116"], ["115", "117"], ["118", "119"], ["118", "122"], ["119", "120"], ["119", "121"], ["123", "124"], ["124", "125"], ["125", "126"], ["125", "129"], ["126", "127"], ["126", "128"], ["22", "29"], ["25", "40"], ["37", "48"], ["44", "55"], ["51", "61"], ["59", "65"], ["99", "103"], ["24", "22"], ["39", "37"], ["46", "44"], ["53", "51"], ["61", "59"], ["65", "68"], ["68", "78"], ["68", "99"], ["71", "68"], ["102", "117"], ["102", "128"], ["27", "34"], ["30", "25"], ["40", "39"], ["48", "46"], ["55", "53"], ["75", "86"], ["103", "102"], ["103", "109"], ["106", "102"], ["114", "132"], ["29", "27"], ["32", "30"], ["77", "75"], ["84", "96"], ["84", "71"], ["107", "106"], ["115", "119"], ["118", "114"], ["125", "132"], ["34", "32"], ["78", "79"], ["79", "77"], ["85", "84"], ["96", "71"], ["109", "107"], ["117", "115"], ["119", "118"], ["126", "125"], ["86", "91"], ["89", "85"], ["128", "126"], ["91", "89"], ["19", "24"], ["20", "132"], ["22", "132"], ["27", "132"], ["30", "132"], ["30", "132"], ["30", "132"], ["25", "132"], ["37", "132"], ["40", "132"], ["39", "132"], ["37", "132"], ["37", "132"], ["46", "132"], ["44", "132"], ["44", "132"], ["51", "132"], ["53", "132"], ["53", "132"], ["51", "132"], ["51", "132"], ["59", "132"], ["59", "132"], ["65", "132"], ["68", "132"], ["68", "132"], ["99", "132"], ["102", "132"], ["109", "132"], ["107", "132"], ["106", "132"], ["106", "132"], ["102", "132"], ["102", "132"], ["114", "132"], ["119", "132"], ["119", "132"], ["118", "132"], ["114", "132"], ["114", "132"], ["77", "132"], ["75", "132"], ["75", "132"], ["85", "132"], ["89", "132"], ["91", "132"], ["85", "132"], ["84", "132"], ["84", "132"], ["84", "132"], ["96", "132"], ["96", "132"], ["71", "132"], ["79", "132"], ["19", "20"], ["19", "22"], ["39", "37"], ["39", "37"], ["46", "44"], ["46", "44"], ["53", "51"], ["53", "51"], ["61", "59"], ["22", "25"], ["19", "25"], ["27", "25"], ["30", "25"], ["19", "65"], ["59", "99"], ["96", "99"], ["19", "99"], ["19", "27"], ["19", "35"], ["40", "39"], ["19", "39"], ["19", "46"], ["37", "46"], ["46", "53"], ["19", "53"], ["37", "53"], ["19", "61"], ["65", "68"], ["71", "68"], ["19", "68"], ["79", "71"], ["19", "71"], ["19", "75"], ["79", "75"], ["79", "75"], ["79", "75"], ["103", "102"], ["103", "102"], ["106", "102"], ["106", "102"], ["27", "30"], ["19", "30"], ["25", "40"], ["19", "40"], ["99", "103"], ["19", "103"], ["44", "103"], ["107", "106"], ["107", "106"], ["51", "106"], ["84", "106"], ["19", "106"], ["119", "114"], ["119", "114"], ["19", "114"], ["19", "77"], ["79", "77"], ["79", "77"], ["79", "77"], ["85", "84"], ["85", "84"], ["51", "84"], ["19", "84"], ["19", "96"], ["75", "96"], ["109", "107"], ["19", "107"], ["109", "107"], ["119", "118"], ["119", "118"], ["19", "118"], ["19", "125"], ["19", "79"], ["68", "79"], ["89", "85"], ["59", "85"], ["96", "85"], ["19", "85"], ["75", "85"], ["89", "85"], ["59", "96"], ["89", "109"], ["19", "109"], ["103", "109"], ["103", "119"], ["19", "119"], ["103", "119"], ["107", "119"], ["59", "86"], ["96", "86"], ["19", "86"], ["75", "86"], ["19", "89"], ["59", "89"], ["96", "89"], ["75", "89"], ["19", "91"], ["59", "91"], ["96", "91"], ["75", "91"], ["68", "68"], ["68", "77"], ["68", "89"], ["68", "75"], ["68", "84"], ["68", "85"], ["68", "91"], ["68", "79"], ["68", "71"], ["68", "78"], ["68", "86"], ["102", "115"], ["102", "128"], ["102", "114"], ["102", "119"], ["102", "126"], ["102", "118"], ["102", "117"], ["102", "125"], ["103", "107"], ["103", "106"], ["103", "109"], ["84", "96"]], "features": {"19": "<(METHOD,main)<SUB>1</SUB>>", "21": "<(BLOCK,&lt;empty&gt;,&lt;empty&gt;)<SUB>1</SUB>>", "22": "<(&lt;operator&gt;.assignment,ANY in = new BufferedReader(new InputStreamReader(System.in)))<SUB>3</SUB>>", "24": "<(&lt;operator&gt;.alloc,new BufferedReader(new InputStreamReader(System.in)))<SUB>3</SUB>>", "3": "<(IDENTIFIER,in,new BufferedReader(new InputStreamReader(System.in)))<SUB>3</SUB>>", "27": "<(&lt;operator&gt;.assignment,&lt;empty&gt;)>", "29": "<(&lt;operator&gt;.alloc,new InputStreamReader(System.in))<SUB>3</SUB>>", "31": "<(IDENTIFIER,$obj0,new InputStreamReader(System.in))>", "33": "<(IDENTIFIER,System,new InputStreamReader(System.in))<SUB>3</SUB>>", "35": "<(IDENTIFIER,$obj0,&lt;empty&gt;)>", "37": "<(&lt;operator&gt;.assignment,String[] line = split(&quot;\\\\s+&quot;))<SUB>5</SUB>>", "39": "<(split,split(&quot;\\\\s+&quot;))<SUB>5</SUB>>", "41": "<(IDENTIFIER,in,readLine())<SUB>5</SUB>>", "43": "<(LOCAL,long n: long)<SUB>7</SUB>>", "45": "<(IDENTIFIER,n,long n = Long.parseLong(line[0]))<SUB>7</SUB>>", "47": "<(IDENTIFIER,Long,Long.parseLong(line[0]))<SUB>7</SUB>>", "49": "<(IDENTIFIER,line,Long.parseLong(line[0]))<SUB>7</SUB>>", "51": "<(&lt;operator&gt;.assignment,lim = Long.parseLong(line[1]))<SUB>9</SUB>>", "53": "<(parseLong,Long.parseLong(line[1]))<SUB>9</SUB>>", "55": "<(&lt;operator&gt;.indexAccess,line[1])<SUB>9</SUB>>", "57": "<(LITERAL,1,Long.parseLong(line[1]))<SUB>9</SUB>>", "59": "<(&lt;operator&gt;.assignment,long pos = -1)<SUB>12</SUB>>", "61": "<(&lt;operator&gt;.minus,-1)<SUB>12</SUB>>", "63": "<(CONTROL_STRUCTURE,for (int i = 61; Some(i &gt;= 0); i--),for (int i = 61; Some(i &gt;= 0); i--))<SUB>14</SUB>>", "65": "<(&lt;operator&gt;.assignment,int i = 61)<SUB>14</SUB>>", "67": "<(LITERAL,61,int i = 61)<SUB>14</SUB>>", "69": "<(IDENTIFIER,i,i &gt;= 0)<SUB>14</SUB>>", "71": "<(&lt;operator&gt;.postDecrement,i--)<SUB>14</SUB>>", "73": "<(BLOCK,&lt;empty&gt;,&lt;empty&gt;)<SUB>14</SUB>>", "75": "<(&lt;operator&gt;.assignment,long shift = (long) Math.pow(2, i))<SUB>16</SUB>>", "77": "<(&lt;operator&gt;.cast,(long) Math.pow(2, i))<SUB>16</SUB>>", "79": "<(pow,Math.pow(2, i))<SUB>16</SUB>>", "81": "<(LITERAL,2,Math.pow(2, i))<SUB>16</SUB>>", "83": "<(CONTROL_STRUCTURE,if (pos + shift - sumOfDigits(pos + shift) &lt; lim),if (pos + shift - sumOfDigits(pos + shift) &lt; lim))<SUB>18</SUB>>", "85": "<(&lt;operator&gt;.subtraction,pos + shift - sumOfDigits(pos + shift))<SUB>18</SUB>>", "87": "<(IDENTIFIER,pos,pos + shift)<SUB>18</SUB>>", "89": "<(sumOfDigits,sumOfDigits(pos + shift))<SUB>18</SUB>>", "91": "<(&lt;operator&gt;.addition,pos + shift)<SUB>18</SUB>>", "93": "<(IDENTIFIER,shift,pos + shift)<SUB>18</SUB>>", "95": "<(BLOCK,&lt;empty&gt;,&lt;empty&gt;)<SUB>18</SUB>>", "97": "<(IDENTIFIER,pos,pos += shift)<SUB>19</SUB>>", "99": "<(&lt;operator&gt;.postIncrement,pos++)<SUB>23</SUB>>", "101": "<(CONTROL_STRUCTURE,if (pos &lt;= n &amp;&amp; pos - sumOfDigits(pos) &gt;= lim),if (pos &lt;= n &amp;&amp; pos - sumOfDigits(pos) &gt;= lim))<SUB>25</SUB>>", "103": "<(&lt;operator&gt;.lessEqualsThan,pos &lt;= n)<SUB>25</SUB>>", "105": "<(IDENTIFIER,n,pos &lt;= n)<SUB>25</SUB>>", "107": "<(&lt;operator&gt;.subtraction,pos - sumOfDigits(pos))<SUB>25</SUB>>", "109": "<(sumOfDigits,sumOfDigits(pos))<SUB>25</SUB>>", "111": "<(IDENTIFIER,pos,sumOfDigits(pos))<SUB>25</SUB>>", "113": "<(BLOCK,&lt;empty&gt;,&lt;empty&gt;)<SUB>25</SUB>>", "115": "<(&lt;operator&gt;.fieldAccess,System.out)<SUB>26</SUB>>", "117": "<(FIELD_IDENTIFIER,out,out)<SUB>26</SUB>>", "119": "<(&lt;operator&gt;.subtraction,n - pos)<SUB>26</SUB>>", "121": "<(IDENTIFIER,pos,n - pos)<SUB>26</SUB>>", "123": "<(CONTROL_STRUCTURE,else,else)<SUB>28</SUB>>", "125": "<(println,System.out.println(0))<SUB>29</SUB>>", "127": "<(IDENTIFIER,System,System.out.println(0))<SUB>29</SUB>>", "129": "<(LITERAL,0,System.out.println(0))<SUB>29</SUB>>", "131": "<(MODIFIER,STATIC)>"}}