{"edges": [["19", "20"], ["19", "21"], ["19", "44"], ["19", "45"], ["19", "46"], ["21", "4"], ["21", "22"], ["21", "25"], ["21", "26"], ["21", "27"], ["21", "31"], ["21", "32"], ["21", "36"], ["22", "23"], ["22", "24"], ["25", "3"], ["27", "28"], ["27", "29"], ["29", "30"], ["32", "33"], ["32", "34"], ["34", "35"], ["36", "37"], ["36", "40"], ["37", "38"], ["37", "39"], ["40", "41"], ["40", "42"], ["40", "43"], ["22", "25"], ["25", "29"], ["27", "34"], ["32", "39"], ["36", "46"], ["24", "22"], ["29", "27"], ["34", "32"], ["37", "40"], ["40", "36"], ["39", "37"], ["19", "24"], ["20", "46"], ["22", "46"], ["25", "46"], ["27", "46"], ["34", "46"], ["32", "46"], ["32", "46"], ["36", "46"], ["40", "46"], ["40", "46"], ["36", "46"], ["36", "46"], ["40", "46"], ["19", "20"], ["19", "22"], ["29", "27"], ["34", "32"], ["22", "25"], ["19", "25"], ["40", "36"], ["40", "36"], ["40", "36"], ["25", "29"], ["19", "29"], ["29", "34"], ["19", "34"], ["19", "40"], ["27", "40"], ["32", "40"]], "features": {"19": "<(METHOD,main)<SUB>1</SUB>>", "21": "<(BLOCK,&lt;empty&gt;,&lt;empty&gt;)<SUB>2</SUB>>", "22": "<(&lt;operator&gt;.assignment,ANY r = new FastReader())<SUB>3</SUB>>", "24": "<(&lt;operator&gt;.alloc,new FastReader())<SUB>3</SUB>>", "3": "<(IDENTIFIER,r,new FastReader())<SUB>3</SUB>>", "27": "<(&lt;operator&gt;.assignment,long n = nextLong())<SUB>4</SUB>>", "29": "<(nextLong,nextLong())<SUB>4</SUB>>", "31": "<(LOCAL,long s: long)<SUB>5</SUB>>", "33": "<(IDENTIFIER,s,long s = nextLong())<SUB>5</SUB>>", "35": "<(IDENTIFIER,r,nextLong())<SUB>5</SUB>>", "37": "<(&lt;operator&gt;.fieldAccess,System.out)<SUB>6</SUB>>", "39": "<(FIELD_IDENTIFIER,out,out)<SUB>6</SUB>>", "41": "<(IDENTIFIER,this,bigNumCount(n, s))<SUB>6</SUB>>", "43": "<(IDENTIFIER,s,bigNumCount(n, s))<SUB>6</SUB>>", "45": "<(MODIFIER,STATIC)>"}}