{"edges": [["21", "22"], ["21", "23"], ["21", "88"], ["21", "89"], ["21", "90"], ["23", "4"], ["23", "24"], ["23", "27"], ["23", "6"], ["23", "38"], ["23", "41"], ["23", "44"], ["23", "45"], ["23", "46"], ["23", "52"], ["23", "58"], ["23", "59"], ["23", "62"], ["23", "76"], ["24", "25"], ["24", "26"], ["27", "3"], ["27", "28"], ["28", "29"], ["28", "32"], ["28", "37"], ["29", "30"], ["29", "31"], ["32", "33"], ["32", "34"], ["34", "35"], ["34", "36"], ["38", "39"], ["38", "40"], ["41", "5"], ["41", "42"], ["42", "43"], ["46", "47"], ["46", "48"], ["48", "49"], ["48", "50"], ["50", "51"], ["52", "53"], ["52", "54"], ["54", "55"], ["54", "56"], ["56", "57"], ["59", "60"], ["59", "61"], ["62", "63"], ["62", "74"], ["63", "64"], ["63", "71"], ["64", "65"], ["64", "70"], ["65", "66"], ["65", "67"], ["67", "68"], ["67", "69"], ["71", "72"], ["71", "73"], ["74", "75"], ["76", "77"], ["76", "80"], ["77", "78"], ["77", "79"], ["80", "81"], ["80", "82"], ["80", "87"], ["82", "83"], ["82", "86"], ["83", "84"], ["83", "85"], ["24", "31"], ["27", "40"], ["38", "42"], ["41", "50"], ["46", "56"], ["52", "59"], ["59", "67"], ["76", "90"], ["26", "24"], ["40", "38"], ["42", "41"], ["48", "46"], ["54", "52"], ["63", "74"], ["63", "79"], ["74", "67"], ["77", "83"], ["80", "76"], ["29", "36"], ["32", "27"], ["50", "48"], ["56", "54"], ["64", "63"], ["64", "71"], ["71", "63"], ["79", "77"], ["82", "80"], ["31", "29"], ["34", "32"], ["65", "64"], ["83", "82"], ["36", "34"], ["67", "65"], ["21", "26"], ["22", "90"], ["24", "90"], ["29", "90"], ["32", "90"], ["32", "90"], ["32", "90"], ["27", "90"], ["38", "90"], ["42", "90"], ["41", "90"], ["41", "90"], ["46", "90"], ["54", "90"], ["56", "90"], ["54", "90"], ["52", "90"], ["52", "90"], ["59", "90"], ["65", "90"], ["64", "90"], ["64", "90"], ["63", "90"], ["63", "90"], ["63", "90"], ["76", "90"], ["83", "90"], ["83", "90"], ["82", "90"], ["80", "90"], ["76", "90"], ["76", "90"], ["74", "90"], ["67", "90"], ["80", "90"], ["21", "22"], ["21", "24"], ["21", "38"], ["48", "46"], ["48", "46"], ["54", "52"], ["54", "52"], ["52", "59"], ["21", "59"], ["24", "27"], ["21", "27"], ["29", "27"], ["32", "27"], ["38", "41"], ["21", "41"], ["42", "41"], ["80", "76"], ["80", "76"], ["80", "76"], ["21", "29"], ["21", "37"], ["27", "42"], ["21", "42"], ["21", "48"], ["50", "48"], ["48", "54"], ["21", "54"], ["56", "54"], ["64", "63"], ["64", "63"], ["71", "63"], ["71", "63"], ["65", "74"], ["71", "74"], ["21", "74"], ["21", "80"], ["83", "80"], ["83", "80"], ["29", "32"], ["21", "32"], ["41", "50"], ["21", "50"], ["50", "56"], ["21", "56"], ["65", "64"], ["65", "64"], ["21", "64"], ["52", "64"], ["65", "71"], ["21", "71"], ["46", "71"], ["83", "82"], ["83", "82"], ["21", "82"], ["67", "65"], ["21", "65"], ["67", "65"], ["46", "83"], ["71", "83"], ["21", "83"], ["65", "83"], ["71", "83"], ["21", "67"], ["59", "67"], ["74", "67"], ["63", "65"], ["63", "64"], ["63", "67"], ["63", "74"], ["63", "63"], ["64", "71"]], "features": {"21": "<(METHOD,main)<SUB>1</SUB>>", "23": "<(BLOCK,&lt;empty&gt;,&lt;empty&gt;)<SUB>1</SUB>>", "24": "<(&lt;operator&gt;.assignment,ANY br = new BufferedReader(new InputStreamReader(System.in)))<SUB>2</SUB>>", "26": "<(&lt;operator&gt;.alloc,new BufferedReader(new InputStreamReader(System.in)))<SUB>2</SUB>>", "3": "<(IDENTIFIER,br,new BufferedReader(new InputStreamReader(System.in)))<SUB>2</SUB>>", "29": "<(&lt;operator&gt;.assignment,&lt;empty&gt;)>", "31": "<(&lt;operator&gt;.alloc,new InputStreamReader(System.in))<SUB>2</SUB>>", "33": "<(IDENTIFIER,$obj0,new InputStreamReader(System.in))>", "35": "<(IDENTIFIER,System,new InputStreamReader(System.in))<SUB>2</SUB>>", "37": "<(IDENTIFIER,$obj0,&lt;empty&gt;)>", "38": "<(&lt;operator&gt;.assignment,ANY st = new StringTokenizer(br.readLine()))<SUB>3</SUB>>", "40": "<(&lt;operator&gt;.alloc,new StringTokenizer(br.readLine()))<SUB>3</SUB>>", "5": "<(IDENTIFIER,st,new StringTokenizer(br.readLine()))<SUB>3</SUB>>", "43": "<(IDENTIFIER,br,readLine())<SUB>3</SUB>>", "45": "<(LOCAL,long s: long)<SUB>4</SUB>>", "47": "<(IDENTIFIER,n,long n = parseLong(st.nextToken()))<SUB>4</SUB>>", "49": "<(IDENTIFIER,Long,parseLong(st.nextToken()))<SUB>4</SUB>>", "51": "<(IDENTIFIER,st,nextToken())<SUB>4</SUB>>", "53": "<(IDENTIFIER,s,long s = parseLong(st.nextToken()))<SUB>5</SUB>>", "55": "<(IDENTIFIER,Long,parseLong(st.nextToken()))<SUB>5</SUB>>", "57": "<(IDENTIFIER,st,nextToken())<SUB>5</SUB>>", "59": "<(&lt;operator&gt;.assignment,long m = s)<SUB>6</SUB>>", "61": "<(IDENTIFIER,s,long m = s)<SUB>6</SUB>>", "63": "<(&lt;operator&gt;.logicalAnd,m - f(m) &lt; s &amp;&amp; m &lt;= n)<SUB>7</SUB>>", "65": "<(&lt;operator&gt;.subtraction,m - f(m))<SUB>7</SUB>>", "67": "<(f,f(m))<SUB>7</SUB>>", "69": "<(IDENTIFIER,m,f(m))<SUB>7</SUB>>", "71": "<(&lt;operator&gt;.lessEqualsThan,m &lt;= n)<SUB>7</SUB>>", "73": "<(IDENTIFIER,n,m &lt;= n)<SUB>7</SUB>>", "75": "<(IDENTIFIER,m,m++)<SUB>7</SUB>>", "77": "<(&lt;operator&gt;.fieldAccess,System.out)<SUB>8</SUB>>", "79": "<(FIELD_IDENTIFIER,out,out)<SUB>8</SUB>>", "81": "<(IDENTIFIER,Math,Math.max(n - m + 1, 0))<SUB>8</SUB>>", "83": "<(&lt;operator&gt;.subtraction,n - m)<SUB>8</SUB>>", "85": "<(IDENTIFIER,m,n - m)<SUB>8</SUB>>", "87": "<(LITERAL,0,Math.max(n - m + 1, 0))<SUB>8</SUB>>", "89": "<(MODIFIER,STATIC)>"}}