{"edges": [["19", "21"], ["19", "87"], ["19", "88"], ["19", "89"], ["21", "4"], ["21", "22"], ["21", "25"], ["21", "29"], ["21", "30"], ["21", "34"], ["21", "35"], ["21", "39"], ["21", "41"], ["21", "42"], ["21", "45"], ["21", "46"], ["21", "49"], ["21", "70"], ["21", "82"], ["22", "23"], ["22", "24"], ["25", "3"], ["25", "26"], ["26", "27"], ["26", "28"], ["30", "31"], ["30", "32"], ["32", "33"], ["35", "36"], ["35", "37"], ["37", "38"], ["39", "40"], ["42", "43"], ["42", "44"], ["46", "47"], ["46", "48"], ["49", "50"], ["49", "59"], ["49", "61"], ["50", "51"], ["50", "56"], ["51", "52"], ["51", "53"], ["53", "54"], ["53", "55"], ["56", "57"], ["56", "58"], ["59", "60"], ["61", "62"], ["62", "63"], ["62", "67"], ["63", "64"], ["63", "65"], ["63", "66"], ["67", "68"], ["68", "69"], ["70", "71"], ["70", "74"], ["71", "72"], ["71", "73"], ["74", "75"], ["75", "76"], ["75", "77"], ["77", "78"], ["77", "81"], ["78", "79"], ["78", "80"], ["82", "83"], ["82", "86"], ["83", "84"], ["83", "85"], ["22", "28"], ["25", "32"], ["30", "37"], ["35", "39"], ["39", "42"], ["42", "46"], ["46", "53"], ["82", "89"], ["24", "22"], ["26", "25"], ["32", "30"], ["37", "35"], ["50", "59"], ["59", "63"], ["59", "71"], ["71", "78"], ["71", "85"], ["83", "82"], ["28", "26"], ["51", "50"], ["51", "56"], ["56", "50"], ["75", "85"], ["85", "83"], ["53", "51"], ["63", "59"], ["63", "68"], ["77", "75"], ["68", "59"], ["78", "77"], ["19", "24"], ["20", "89"], ["22", "89"], ["25", "89"], ["25", "89"], ["30", "89"], ["35", "89"], ["35", "89"], ["39", "89"], ["39", "89"], ["42", "89"], ["46", "89"], ["53", "89"], ["51", "89"], ["50", "89"], ["50", "89"], ["59", "89"], ["71", "89"], ["71", "89"], ["71", "89"], ["78", "89"], ["78", "89"], ["77", "89"], ["75", "89"], ["75", "89"], ["82", "89"], ["82", "89"], ["82", "89"], ["63", "89"], ["63", "89"], ["68", "89"], ["63", "89"], ["19", "20"], ["19", "22"], ["32", "30"], ["37", "35"], ["19", "42"], ["35", "46"], ["19", "46"], ["22", "25"], ["19", "25"], ["37", "39"], ["19", "39"], ["42", "82"], ["75", "82"], ["68", "82"], ["19", "82"], ["25", "32"], ["19", "32"], ["32", "37"], ["19", "37"], ["51", "50"], ["51", "50"], ["56", "50"], ["56", "50"], ["51", "59"], ["56", "59"], ["63", "59"], ["19", "59"], ["59", "71"], ["19", "71"], ["30", "71"], ["56", "71"], ["78", "75"], ["78", "75"], ["19", "75"], ["46", "51"], ["19", "51"], ["35", "51"], ["51", "56"], ["19", "56"], ["30", "56"], ["42", "75"], ["68", "75"], ["19", "53"], ["35", "53"], ["19", "63"], ["59", "63"], ["35", "63"], ["78", "77"], ["78", "77"], ["19", "77"], ["42", "68"], ["19", "68"], ["71", "78"], ["19", "78"], ["71", "78"], ["59", "59"], ["59", "63"], ["71", "77"], ["71", "75"], ["71", "78"], ["51", "56"], ["63", "68"]], "features": {"19": "<(METHOD,main)<SUB>1</SUB>>", "21": "<(BLOCK,&lt;empty&gt;,&lt;empty&gt;)<SUB>1</SUB>>", "22": "<(&lt;operator&gt;.assignment,ANY sc = new Scanner(System.in))<SUB>2</SUB>>", "24": "<(&lt;operator&gt;.alloc,new Scanner(System.in))<SUB>2</SUB>>", "3": "<(IDENTIFIER,sc,new Scanner(System.in))<SUB>2</SUB>>", "27": "<(IDENTIFIER,System,new Scanner(System.in))<SUB>2</SUB>>", "29": "<(LOCAL,long n: long)<SUB>3</SUB>>", "31": "<(IDENTIFIER,n,long n = nextLong())<SUB>3</SUB>>", "33": "<(IDENTIFIER,sc,nextLong())<SUB>3</SUB>>", "35": "<(&lt;operator&gt;.assignment,long s = nextLong())<SUB>4</SUB>>", "37": "<(nextLong,nextLong())<SUB>4</SUB>>", "39": "<(close,close())<SUB>5</SUB>>", "41": "<(LOCAL,long count: long)<SUB>6</SUB>>", "43": "<(IDENTIFIER,count,long count = 0)<SUB>6</SUB>>", "45": "<(LOCAL,long i: long)<SUB>7</SUB>>", "47": "<(IDENTIFIER,i,long i = s)<SUB>7</SUB>>", "49": "<(CONTROL_STRUCTURE,for (; Some(i &lt; s + 200 &amp;&amp; i &lt;= n); i++),for (; Some(i &lt; s + 200 &amp;&amp; i &lt;= n); i++))<SUB>8</SUB>>", "51": "<(&lt;operator&gt;.lessThan,i &lt; s + 200)<SUB>8</SUB>>", "53": "<(&lt;operator&gt;.addition,s + 200)<SUB>8</SUB>>", "55": "<(LITERAL,200,s + 200)<SUB>8</SUB>>", "57": "<(IDENTIFIER,i,i &lt;= n)<SUB>8</SUB>>", "59": "<(&lt;operator&gt;.postIncrement,i++)<SUB>8</SUB>>", "61": "<(BLOCK,&lt;empty&gt;,&lt;empty&gt;)<SUB>8</SUB>>", "63": "<(realbig,realbig(i, s))<SUB>9</SUB>>", "65": "<(IDENTIFIER,i,realbig(i, s))<SUB>9</SUB>>", "67": "<(BLOCK,&lt;empty&gt;,&lt;empty&gt;)<SUB>9</SUB>>", "69": "<(IDENTIFIER,count,count++)<SUB>10</SUB>>", "71": "<(&lt;operator&gt;.lessEqualsThan,i &lt;= n)<SUB>13</SUB>>", "73": "<(IDENTIFIER,n,i &lt;= n)<SUB>13</SUB>>", "75": "<(&lt;operator&gt;.assignmentPlus,count += n - i + 1)<SUB>14</SUB>>", "77": "<(&lt;operator&gt;.addition,n - i + 1)<SUB>14</SUB>>", "79": "<(IDENTIFIER,n,n - i)<SUB>14</SUB>>", "81": "<(LITERAL,1,n - i + 1)<SUB>14</SUB>>", "83": "<(&lt;operator&gt;.fieldAccess,System.out)<SUB>16</SUB>>", "85": "<(FIELD_IDENTIFIER,out,out)<SUB>16</SUB>>", "87": "<(MODIFIER,PUBLIC)>", "89": "<(METHOD_RETURN,void)<SUB>1</SUB>>"}}