{"edges": [["19", "20"], ["19", "21"], ["19", "96"], ["19", "97"], ["19", "98"], ["21", "4"], ["21", "22"], ["21", "25"], ["21", "29"], ["21", "30"], ["21", "34"], ["21", "35"], ["21", "39"], ["21", "40"], ["21", "41"], ["21", "44"], ["21", "47"], ["21", "75"], ["22", "23"], ["22", "24"], ["25", "3"], ["25", "26"], ["26", "27"], ["26", "28"], ["30", "31"], ["30", "32"], ["32", "33"], ["35", "36"], ["35", "37"], ["37", "38"], ["41", "42"], ["41", "43"], ["44", "45"], ["44", "46"], ["47", "48"], ["47", "51"], ["48", "49"], ["48", "50"], ["51", "52"], ["51", "53"], ["51", "60"], ["53", "54"], ["53", "55"], ["55", "56"], ["55", "59"], ["56", "57"], ["56", "58"], ["60", "61"], ["60", "66"], ["60", "69"], ["61", "62"], ["61", "65"], ["62", "63"], ["62", "64"], ["66", "67"], ["66", "68"], ["69", "70"], ["70", "71"], ["70", "72"], ["72", "73"], ["72", "74"], ["75", "76"], ["75", "81"], ["75", "90"], ["76", "77"], ["76", "80"], ["77", "78"], ["77", "79"], ["81", "82"], ["81", "85"], ["82", "83"], ["82", "84"], ["85", "86"], ["85", "89"], ["86", "87"], ["86", "88"], ["90", "91"], ["91", "92"], ["91", "95"], ["92", "93"], ["92", "94"], ["22", "28"], ["25", "32"], ["30", "37"], ["35", "41"], ["41", "44"], ["44", "48"], ["24", "22"], ["26", "25"], ["32", "30"], ["37", "35"], ["48", "56"], ["48", "77"], ["76", "84"], ["76", "94"], ["81", "98"], ["28", "26"], ["53", "62"], ["77", "76"], ["82", "86"], ["85", "81"], ["91", "98"], ["55", "53"], ["61", "66"], ["61", "72"], ["66", "48"], ["84", "82"], ["86", "85"], ["92", "91"], ["56", "55"], ["62", "61"], ["70", "48"], ["94", "92"], ["72", "70"], ["19", "24"], ["20", "98"], ["22", "98"], ["25", "98"], ["25", "98"], ["30", "98"], ["37", "98"], ["35", "98"], ["35", "98"], ["41", "98"], ["44", "98"], ["48", "98"], ["48", "98"], ["77", "98"], ["76", "98"], ["76", "98"], ["76", "98"], ["81", "98"], ["86", "98"], ["86", "98"], ["85", "98"], ["81", "98"], ["81", "98"], ["55", "98"], ["53", "98"], ["53", "98"], ["61", "98"], ["61", "98"], ["72", "98"], ["70", "98"], ["70", "98"], ["66", "98"], ["66", "98"], ["19", "20"], ["19", "22"], ["32", "30"], ["37", "35"], ["19", "41"], ["30", "44"], ["19", "44"], ["22", "25"], ["19", "25"], ["25", "32"], ["19", "32"], ["32", "37"], ["19", "37"], ["41", "48"], ["70", "48"], ["19", "48"], ["44", "48"], ["66", "48"], ["55", "53"], ["55", "53"], ["77", "76"], ["77", "76"], ["35", "76"], ["61", "76"], ["19", "76"], ["86", "81"], ["86", "81"], ["19", "81"], ["62", "66"], ["19", "66"], ["62", "77"], ["19", "77"], ["48", "77"], ["86", "85"], ["86", "85"], ["19", "85"], ["19", "91"], ["48", "55"], ["19", "55"], ["48", "55"], ["62", "61"], ["62", "61"], ["35", "61"], ["19", "61"], ["62", "70"], ["19", "70"], ["19", "86"], ["30", "86"], ["77", "86"], ["48", "56"], ["19", "56"], ["48", "56"], ["19", "62"], ["53", "62"], ["62", "72"], ["19", "72"], ["48", "48"], ["48", "61"], ["48", "53"], ["48", "56"], ["48", "55"], ["48", "62"], ["76", "94"], ["76", "81"], ["76", "84"], ["76", "85"], ["76", "92"], ["76", "91"], ["76", "82"], ["76", "86"], ["61", "66"], ["61", "72"], ["61", "70"]], "features": {"19": "<(METHOD,main)<SUB>1</SUB>>", "21": "<(BLOCK,&lt;empty&gt;,&lt;empty&gt;)<SUB>1</SUB>>", "22": "<(&lt;operator&gt;.assignment,ANY sc = new InputReader(System.in))<SUB>2</SUB>>", "24": "<(&lt;operator&gt;.alloc,new InputReader(System.in))<SUB>2</SUB>>", "3": "<(IDENTIFIER,sc,new InputReader(System.in))<SUB>2</SUB>>", "27": "<(IDENTIFIER,System,new InputReader(System.in))<SUB>2</SUB>>", "29": "<(LOCAL,long n: long)<SUB>3</SUB>>", "31": "<(IDENTIFIER,n,long n = nextLong())<SUB>3</SUB>>", "33": "<(IDENTIFIER,sc,nextLong())<SUB>3</SUB>>", "35": "<(&lt;operator&gt;.assignment,long s = nextLong())<SUB>4</SUB>>", "37": "<(nextLong,nextLong())<SUB>4</SUB>>", "39": "<(LOCAL,long start: long)<SUB>6</SUB>>", "41": "<(&lt;operator&gt;.assignment,long start = 0)<SUB>6</SUB>>", "43": "<(LITERAL,0,long start = 0)<SUB>6</SUB>>", "45": "<(IDENTIFIER,end,long end = n)<SUB>6</SUB>>", "47": "<(CONTROL_STRUCTURE,while (start &lt; end),while (start &lt; end))<SUB>7</SUB>>", "49": "<(IDENTIFIER,start,start &lt; end)<SUB>7</SUB>>", "51": "<(BLOCK,&lt;empty&gt;,&lt;empty&gt;)<SUB>8</SUB>>", "53": "<(&lt;operator&gt;.assignment,long mid = (start + end) / 2)<SUB>9</SUB>>", "55": "<(&lt;operator&gt;.division,(start + end) / 2)<SUB>9</SUB>>", "57": "<(IDENTIFIER,start,start + end)<SUB>9</SUB>>", "59": "<(LITERAL,2,(start + end) / 2)<SUB>9</SUB>>", "61": "<(&lt;operator&gt;.greaterEqualsThan,func(mid) &gt;= s)<SUB>10</SUB>>", "63": "<(IDENTIFIER,this,func(mid))<SUB>10</SUB>>", "65": "<(IDENTIFIER,s,func(mid) &gt;= s)<SUB>10</SUB>>", "67": "<(IDENTIFIER,end,end = mid)<SUB>11</SUB>>", "69": "<(CONTROL_STRUCTURE,else,else)<SUB>13</SUB>>", "71": "<(IDENTIFIER,start,start = mid + 1)<SUB>13</SUB>>", "73": "<(IDENTIFIER,mid,mid + 1)<SUB>13</SUB>>", "75": "<(CONTROL_STRUCTURE,if (func(start) &gt;= s),if (func(start) &gt;= s))<SUB>15</SUB>>", "77": "<(func,func(start))<SUB>15</SUB>>", "79": "<(IDENTIFIER,start,func(start))<SUB>15</SUB>>", "81": "<(println,System.out.println(n - start + 1))<SUB>16</SUB>>", "83": "<(IDENTIFIER,System,System.out.println(n - start + 1))<SUB>16</SUB>>", "85": "<(&lt;operator&gt;.addition,n - start + 1)<SUB>16</SUB>>", "87": "<(IDENTIFIER,n,n - start)<SUB>16</SUB>>", "89": "<(LITERAL,1,n - start + 1)<SUB>16</SUB>>", "91": "<(println,System.out.println(0))<SUB>18</SUB>>", "93": "<(IDENTIFIER,System,System.out.println(0))<SUB>18</SUB>>", "95": "<(LITERAL,0,System.out.println(0))<SUB>18</SUB>>", "97": "<(MODIFIER,STATIC)>"}}