{"edges": [["19", "21"], ["19", "131"], ["19", "132"], ["19", "133"], ["21", "4"], ["21", "22"], ["21", "25"], ["21", "36"], ["21", "37"], ["21", "43"], ["21", "44"], ["21", "51"], ["21", "52"], ["21", "59"], ["21", "60"], ["21", "67"], ["21", "68"], ["21", "72"], ["21", "108"], ["21", "109"], ["21", "117"], ["22", "23"], ["22", "24"], ["25", "3"], ["25", "26"], ["26", "27"], ["26", "30"], ["26", "35"], ["27", "28"], ["27", "29"], ["30", "31"], ["30", "32"], ["32", "33"], ["32", "34"], ["37", "38"], ["37", "39"], ["39", "40"], ["39", "42"], ["40", "41"], ["44", "45"], ["44", "46"], ["46", "47"], ["46", "48"], ["48", "49"], ["48", "50"], ["52", "53"], ["52", "54"], ["54", "55"], ["54", "56"], ["56", "57"], ["56", "58"], ["60", "61"], ["60", "62"], ["62", "63"], ["62", "64"], ["64", "65"], ["64", "66"], ["68", "69"], ["68", "70"], ["70", "71"], ["72", "73"], ["72", "74"], ["72", "77"], ["72", "80"], ["72", "82"], ["74", "75"], ["74", "76"], ["77", "78"], ["77", "79"], ["80", "81"], ["82", "83"], ["82", "89"], ["83", "84"], ["83", "85"], ["85", "86"], ["85", "88"], ["86", "87"], ["89", "90"], ["89", "93"], ["90", "91"], ["90", "92"], ["93", "94"], ["93", "97"], ["93", "107"], ["94", "95"], ["94", "96"], ["97", "98"], ["97", "99"], ["97", "102"], ["99", "100"], ["99", "101"], ["102", "103"], ["102", "104"], ["104", "105"], ["104", "106"], ["109", "110"], ["109", "111"], ["111", "112"], ["112", "113"], ["112", "114"], ["112", "115"], ["112", "116"], ["117", "118"], ["117", "120"], ["118", "119"], ["120", "121"], ["120", "122"], ["120", "126"], ["122", "123"], ["122", "124"], ["124", "125"], ["126", "127"], ["126", "130"], ["127", "128"], ["127", "129"], ["22", "29"], ["25", "40"], ["37", "48"], ["44", "56"], ["52", "64"], ["60", "70"], ["68", "74"], ["109", "118"], ["24", "22"], ["39", "37"], ["46", "44"], ["54", "52"], ["62", "60"], ["70", "68"], ["74", "77"], ["77", "86"], ["77", "112"], ["80", "77"], ["111", "109"], ["118", "133"], ["118", "124"], ["27", "34"], ["30", "25"], ["40", "39"], ["48", "46"], ["56", "54"], ["64", "62"], ["83", "90"], ["89", "80"], ["112", "111"], ["122", "129"], ["126", "118"], ["29", "27"], ["32", "30"], ["85", "83"], ["90", "96"], ["124", "122"], ["127", "126"], ["34", "32"], ["86", "85"], ["94", "99"], ["97", "89"], ["129", "127"], ["96", "94"], ["99", "104"], ["102", "97"], ["104", "102"], ["19", "24"], ["20", "133"], ["22", "133"], ["30", "133"], ["30", "133"], ["30", "133"], ["25", "133"], ["37", "133"], ["40", "133"], ["39", "133"], ["37", "133"], ["37", "133"], ["46", "133"], ["44", "133"], ["44", "133"], ["54", "133"], ["52", "133"], ["52", "133"], ["62", "133"], ["62", "133"], ["60", "133"], ["60", "133"], ["68", "133"], ["68", "133"], ["74", "133"], ["77", "133"], ["77", "133"], ["77", "133"], ["112", "133"], ["112", "133"], ["112", "133"], ["111", "133"], ["109", "133"], ["118", "133"], ["118", "133"], ["126", "133"], ["126", "133"], ["126", "133"], ["80", "133"], ["112", "133"], ["19", "20"], ["19", "22"], ["39", "37"], ["39", "37"], ["46", "44"], ["46", "44"], ["54", "52"], ["54", "52"], ["62", "60"], ["62", "60"], ["70", "68"], ["111", "109"], ["22", "25"], ["19", "25"], ["27", "25"], ["30", "25"], ["19", "74"], ["19", "27"], ["19", "35"], ["40", "39"], ["19", "39"], ["19", "46"], ["37", "46"], ["46", "54"], ["19", "54"], ["37", "54"], ["54", "62"], ["19", "62"], ["37", "62"], ["60", "70"], ["19", "70"], ["74", "77"], ["80", "77"], ["19", "77"], ["70", "77"], ["77", "80"], ["19", "80"], ["85", "83"], ["85", "83"], ["94", "89"], ["97", "89"], ["19", "89"], ["112", "111"], ["112", "111"], ["112", "111"], ["112", "111"], ["109", "118"], ["124", "118"], ["19", "118"], ["124", "122"], ["27", "30"], ["19", "30"], ["25", "40"], ["19", "40"], ["19", "112"], ["52", "112"], ["44", "112"], ["68", "112"], ["89", "112"], ["122", "126"], ["19", "126"], ["86", "85"], ["19", "85"], ["19", "94"], ["19", "107"], ["118", "124"], ["19", "124"], ["40", "86"], ["19", "86"], ["94", "97"], ["19", "97"], ["46", "97"], ["83", "97"], ["102", "97"], ["102", "97"], ["62", "102"], ["19", "102"], ["54", "102"], ["83", "102"], ["77", "80"], ["77", "94"], ["77", "96"], ["77", "77"], ["77", "83"], ["77", "89"], ["77", "99"], ["77", "102"], ["77", "85"], ["77", "104"], ["77", "97"], ["77", "90"], ["77", "86"], ["118", "122"], ["118", "118"], ["118", "127"], ["118", "129"], ["118", "124"], ["118", "126"]], "features": {"19": "<(METHOD,main)<SUB>1</SUB>>", "21": "<(BLOCK,&lt;empty&gt;,&lt;empty&gt;)<SUB>1</SUB>>", "22": "<(&lt;operator&gt;.assignment,ANY reader = new BufferedReader(new InputStreamReader(System.in)))<SUB>2</SUB>>", "24": "<(&lt;operator&gt;.alloc,new BufferedReader(new InputStreamReader(System.in)))<SUB>2</SUB>>", "3": "<(IDENTIFIER,reader,new BufferedReader(new InputStreamReader(System.in)))<SUB>2</SUB>>", "27": "<(&lt;operator&gt;.assignment,&lt;empty&gt;)>", "29": "<(&lt;operator&gt;.alloc,new InputStreamReader(System.in))<SUB>2</SUB>>", "31": "<(IDENTIFIER,$obj0,new InputStreamReader(System.in))>", "33": "<(IDENTIFIER,System,new InputStreamReader(System.in))<SUB>2</SUB>>", "35": "<(IDENTIFIER,$obj0,&lt;empty&gt;)>", "37": "<(&lt;operator&gt;.assignment,String[] line = split(&quot; &quot;))<SUB>3</SUB>>", "39": "<(split,split(&quot; &quot;))<SUB>3</SUB>>", "41": "<(IDENTIFIER,reader,readLine())<SUB>3</SUB>>", "43": "<(LOCAL,int w: int)<SUB>4</SUB>>", "45": "<(IDENTIFIER,w,int w = Integer.valueOf(line[0]))<SUB>4</SUB>>", "47": "<(IDENTIFIER,Integer,Integer.valueOf(line[0]))<SUB>4</SUB>>", "49": "<(IDENTIFIER,line,Integer.valueOf(line[0]))<SUB>4</SUB>>", "51": "<(LOCAL,int h: int)<SUB>5</SUB>>", "53": "<(IDENTIFIER,h,int h = Integer.valueOf(line[1]))<SUB>5</SUB>>", "55": "<(IDENTIFIER,Integer,Integer.valueOf(line[1]))<SUB>5</SUB>>", "57": "<(IDENTIFIER,line,Integer.valueOf(line[1]))<SUB>5</SUB>>", "59": "<(LOCAL,int n: int)<SUB>6</SUB>>", "61": "<(IDENTIFIER,n,int n = Integer.valueOf(line[2]))<SUB>6</SUB>>", "63": "<(IDENTIFIER,Integer,Integer.valueOf(line[2]))<SUB>6</SUB>>", "65": "<(IDENTIFIER,line,Integer.valueOf(line[2]))<SUB>6</SUB>>", "67": "<(LOCAL,Request[] requests: ANY)<SUB>8</SUB>>", "69": "<(IDENTIFIER,requests,ANY requests = new Request[n])<SUB>8</SUB>>", "71": "<(IDENTIFIER,n,new Request[n])<SUB>8</SUB>>", "73": "<(LOCAL,int i: int)<SUB>10</SUB>>", "75": "<(IDENTIFIER,i,int i = 0)<SUB>10</SUB>>", "77": "<(&lt;operator&gt;.lessThan,i &lt; n)<SUB>10</SUB>>", "79": "<(IDENTIFIER,n,i &lt; n)<SUB>10</SUB>>", "81": "<(IDENTIFIER,i,i++)<SUB>10</SUB>>", "83": "<(&lt;operator&gt;.assignment,line = split(&quot; &quot;))<SUB>11</SUB>>", "85": "<(split,split(&quot; &quot;))<SUB>11</SUB>>", "87": "<(IDENTIFIER,reader,readLine())<SUB>11</SUB>>", "89": "<(&lt;operator&gt;.assignment,requests[i] = new Request(line[0], Integer.valueOf(line[1])))<SUB>12</SUB>>", "91": "<(IDENTIFIER,requests,requests[i] = new Request(line[0], Integer.valueOf(line[1])))<SUB>12</SUB>>", "93": "<(BLOCK,&lt;empty&gt;,&lt;empty&gt;)<SUB>12</SUB>>", "95": "<(IDENTIFIER,$obj2,&lt;empty&gt;)>", "97": "<(&lt;init&gt;,new Request(line[0], Integer.valueOf(line[1])))<SUB>12</SUB>>", "99": "<(&lt;operator&gt;.indexAccess,line[0])<SUB>12</SUB>>", "101": "<(LITERAL,0,new Request(line[0], Integer.valueOf(line[1])))<SUB>12</SUB>>", "103": "<(IDENTIFIER,Integer,Integer.valueOf(line[1]))<SUB>12</SUB>>", "105": "<(IDENTIFIER,line,Integer.valueOf(line[1]))<SUB>12</SUB>>", "107": "<(IDENTIFIER,$obj2,&lt;empty&gt;)>", "109": "<(&lt;operator&gt;.assignment,)<SUB>15</SUB>>", "111": "<(iterator,&lt;empty&gt;)<SUB>15</SUB>>", "113": "<(IDENTIFIER,this,solve(h, w, requests))<SUB>15</SUB>>", "115": "<(IDENTIFIER,w,solve(h, w, requests))<SUB>15</SUB>>", "117": "<(CONTROL_STRUCTURE,FOR,FOR)<SUB>15</SUB>>", "119": "<(IDENTIFIER,$iterLocal0,&lt;empty&gt;)>", "121": "<(LOCAL,e: long)<SUB>15</SUB>>", "123": "<(IDENTIFIER,e,&lt;empty&gt;)>", "125": "<(IDENTIFIER,$iterLocal0,&lt;empty&gt;)>", "127": "<(&lt;operator&gt;.fieldAccess,System.out)<SUB>16</SUB>>", "129": "<(FIELD_IDENTIFIER,out,out)<SUB>16</SUB>>", "131": "<(MODIFIER,PUBLIC)>", "133": "<(METHOD_RETURN,void)<SUB>1</SUB>>"}}