{"edges": [["17", "19"], ["17", "91"], ["17", "92"], ["17", "93"], ["19", "20"], ["19", "21"], ["19", "25"], ["19", "26"], ["19", "30"], ["19", "31"], ["19", "34"], ["19", "35"], ["19", "38"], ["19", "69"], ["21", "22"], ["21", "23"], ["23", "24"], ["26", "27"], ["26", "28"], ["28", "29"], ["31", "32"], ["31", "33"], ["35", "36"], ["35", "37"], ["38", "39"], ["38", "42"], ["39", "40"], ["39", "41"], ["42", "43"], ["42", "44"], ["42", "51"], ["44", "45"], ["44", "46"], ["46", "47"], ["46", "50"], ["47", "48"], ["47", "49"], ["51", "52"], ["51", "56"], ["51", "62"], ["52", "53"], ["52", "54"], ["52", "55"], ["56", "57"], ["57", "58"], ["57", "59"], ["59", "60"], ["59", "61"], ["62", "63"], ["63", "64"], ["64", "65"], ["64", "66"], ["66", "67"], ["66", "68"], ["69", "70"], ["69", "74"], ["69", "84"], ["70", "71"], ["70", "72"], ["70", "73"], ["74", "75"], ["75", "76"], ["75", "79"], ["76", "77"], ["76", "78"], ["79", "80"], ["79", "83"], ["80", "81"], ["80", "82"], ["84", "85"], ["85", "86"], ["86", "87"], ["86", "90"], ["87", "88"], ["87", "89"], ["21", "28"], ["26", "31"], ["31", "35"], ["35", "39"], ["23", "21"], ["28", "26"], ["39", "47"], ["39", "70"], ["70", "78"], ["70", "89"], ["44", "52"], ["75", "93"], ["46", "44"], ["52", "59"], ["52", "66"], ["76", "80"], ["79", "75"], ["86", "93"], ["47", "46"], ["57", "39"], ["78", "76"], ["80", "79"], ["87", "86"], ["59", "57"], ["64", "39"], ["89", "87"], ["66", "64"], ["17", "23"], ["18", "93"], ["21", "93"], ["28", "93"], ["26", "93"], ["26", "93"], ["31", "93"], ["35", "93"], ["39", "93"], ["39", "93"], ["70", "93"], ["70", "93"], ["70", "93"], ["75", "93"], ["80", "93"], ["80", "93"], ["79", "93"], ["75", "93"], ["75", "93"], ["46", "93"], ["44", "93"], ["44", "93"], ["52", "93"], ["66", "93"], ["64", "93"], ["64", "93"], ["59", "93"], ["57", "93"], ["57", "93"], ["17", "18"], ["23", "21"], ["28", "26"], ["17", "31"], ["21", "35"], ["17", "35"], ["17", "23"], ["23", "28"], ["17", "28"], ["31", "39"], ["64", "39"], ["17", "39"], ["35", "39"], ["57", "39"], ["46", "44"], ["46", "44"], ["52", "70"], ["17", "70"], ["39", "70"], ["26", "70"], ["52", "70"], ["80", "75"], ["80", "75"], ["17", "75"], ["39", "46"], ["17", "46"], ["39", "46"], ["17", "52"], ["44", "52"], ["26", "52"], ["59", "57"], ["59", "57"], ["80", "79"], ["80", "79"], ["17", "79"], ["17", "86"], ["39", "47"], ["17", "47"], ["39", "47"], ["52", "64"], ["17", "64"], ["17", "80"], ["21", "80"], ["70", "80"], ["52", "59"], ["17", "59"], ["52", "66"], ["17", "66"], ["39", "47"], ["39", "52"], ["39", "46"], ["39", "44"], ["39", "39"], ["70", "80"], ["70", "89"], ["70", "75"], ["70", "76"], ["70", "87"], ["70", "78"], ["70", "79"], ["70", "86"], ["52", "64"], ["52", "57"], ["52", "66"], ["52", "59"]], "features": {"17": "<(METHOD,main)<SUB>1</SUB>>", "19": "<(BLOCK,&lt;empty&gt;,&lt;empty&gt;)<SUB>1</SUB>>", "21": "<(&lt;operator&gt;.assignment,long n = nextLong())<SUB>4</SUB>>", "23": "<(nextLong,nextLong())<SUB>4</SUB>>", "25": "<(LOCAL,long s: long)<SUB>5</SUB>>", "27": "<(IDENTIFIER,s,long s = nextLong())<SUB>5</SUB>>", "29": "<(IDENTIFIER,scn,nextLong())<SUB>5</SUB>>", "31": "<(&lt;operator&gt;.assignment,long lo = 0)<SUB>7</SUB>>", "33": "<(LITERAL,0,long lo = 0)<SUB>7</SUB>>", "35": "<(&lt;operator&gt;.assignment,long hi = n)<SUB>8</SUB>>", "37": "<(IDENTIFIER,n,long hi = n)<SUB>8</SUB>>", "39": "<(&lt;operator&gt;.lessEqualsThan,lo &lt;= hi)<SUB>9</SUB>>", "41": "<(IDENTIFIER,hi,lo &lt;= hi)<SUB>9</SUB>>", "43": "<(LOCAL,long mid: long)<SUB>11</SUB>>", "45": "<(IDENTIFIER,mid,long mid = (lo + hi) / 2)<SUB>11</SUB>>", "47": "<(&lt;operator&gt;.addition,lo + hi)<SUB>11</SUB>>", "49": "<(IDENTIFIER,hi,lo + hi)<SUB>11</SUB>>", "51": "<(CONTROL_STRUCTURE,if (check(mid, s)),if (check(mid, s)))<SUB>12</SUB>>", "53": "<(IDENTIFIER,this,check(mid, s))<SUB>12</SUB>>", "55": "<(IDENTIFIER,s,check(mid, s))<SUB>12</SUB>>", "57": "<(&lt;operator&gt;.assignment,hi = mid - 1)<SUB>14</SUB>>", "59": "<(&lt;operator&gt;.subtraction,mid - 1)<SUB>14</SUB>>", "61": "<(LITERAL,1,mid - 1)<SUB>14</SUB>>", "63": "<(BLOCK,&lt;empty&gt;,&lt;empty&gt;)<SUB>17</SUB>>", "65": "<(IDENTIFIER,lo,lo = mid + 1)<SUB>18</SUB>>", "67": "<(IDENTIFIER,mid,mid + 1)<SUB>18</SUB>>", "69": "<(CONTROL_STRUCTURE,if (check(lo, s)),if (check(lo, s)))<SUB>22</SUB>>", "71": "<(IDENTIFIER,this,check(lo, s))<SUB>22</SUB>>", "73": "<(IDENTIFIER,s,check(lo, s))<SUB>22</SUB>>", "75": "<(println,System.out.println(n - lo + 1))<SUB>24</SUB>>", "77": "<(IDENTIFIER,System,System.out.println(n - lo + 1))<SUB>24</SUB>>", "79": "<(&lt;operator&gt;.addition,n - lo + 1)<SUB>24</SUB>>", "81": "<(IDENTIFIER,n,n - lo)<SUB>24</SUB>>", "83": "<(LITERAL,1,n - lo + 1)<SUB>24</SUB>>", "85": "<(BLOCK,&lt;empty&gt;,&lt;empty&gt;)<SUB>27</SUB>>", "87": "<(&lt;operator&gt;.fieldAccess,System.out)<SUB>28</SUB>>", "89": "<(FIELD_IDENTIFIER,out,out)<SUB>28</SUB>>", "91": "<(MODIFIER,PUBLIC)>", "93": "<(METHOD_RETURN,void)<SUB>1</SUB>>"}}