{"edges": [["19", "21"], ["19", "127"], ["19", "128"], ["19", "129"], ["21", "4"], ["21", "22"], ["21", "25"], ["21", "29"], ["21", "30"], ["21", "34"], ["21", "35"], ["21", "39"], ["21", "40"], ["21", "43"], ["21", "54"], ["21", "73"], ["21", "122"], ["22", "23"], ["22", "24"], ["25", "3"], ["25", "26"], ["26", "27"], ["26", "28"], ["30", "31"], ["30", "32"], ["32", "33"], ["35", "36"], ["35", "37"], ["37", "38"], ["40", "41"], ["40", "42"], ["43", "44"], ["43", "47"], ["44", "45"], ["44", "46"], ["47", "48"], ["47", "53"], ["48", "49"], ["48", "52"], ["49", "50"], ["49", "51"], ["54", "55"], ["54", "60"], ["55", "56"], ["55", "57"], ["57", "58"], ["57", "59"], ["60", "61"], ["60", "68"], ["61", "62"], ["61", "63"], ["63", "64"], ["63", "65"], ["65", "66"], ["65", "67"], ["68", "69"], ["68", "70"], ["70", "71"], ["70", "72"], ["73", "74"], ["73", "75"], ["73", "78"], ["73", "81"], ["73", "83"], ["75", "76"], ["75", "77"], ["78", "79"], ["78", "80"], ["81", "82"], ["83", "84"], ["83", "85"], ["83", "91"], ["83", "92"], ["83", "95"], ["83", "114"], ["85", "86"], ["85", "87"], ["87", "88"], ["88", "89"], ["88", "90"], ["92", "93"], ["92", "94"], ["95", "96"], ["95", "97"], ["95", "100"], ["95", "105"], ["95", "107"], ["97", "98"], ["97", "99"], ["100", "101"], ["100", "102"], ["102", "103"], ["102", "104"], ["105", "106"], ["107", "108"], ["107", "109"], ["109", "110"], ["109", "113"], ["110", "111"], ["110", "112"], ["114", "115"], ["114", "120"], ["115", "116"], ["115", "119"], ["116", "117"], ["116", "118"], ["120", "121"], ["122", "123"], ["122", "126"], ["123", "124"], ["123", "125"], ["22", "28"], ["25", "32"], ["30", "37"], ["35", "40"], ["40", "44"], ["122", "129"], ["24", "22"], ["26", "25"], ["32", "30"], ["37", "35"], ["44", "51"], ["44", "57"], ["55", "65"], ["55", "75"], ["75", "78"], ["78", "88"], ["78", "125"], ["81", "78"], ["123", "122"], ["28", "26"], ["48", "53"], ["53", "129"], ["57", "55"], ["61", "70"], ["68", "75"], ["85", "92"], ["92", "97"], ["125", "123"], ["49", "48"], ["63", "61"], ["70", "68"], ["87", "85"], ["97", "104"], ["100", "110"], ["100", "116"], ["105", "104"], ["107", "105"], ["115", "120"], ["115", "81"], ["120", "81"], ["51", "49"], ["65", "63"], ["88", "87"], ["102", "100"], ["109", "107"], ["116", "115"], ["104", "102"], ["110", "109"], ["19", "24"], ["53", "129"], ["20", "129"], ["22", "129"], ["25", "129"], ["25", "129"], ["30", "129"], ["37", "129"], ["35", "129"], ["35", "129"], ["40", "129"], ["40", "129"], ["44", "129"], ["44", "129"], ["44", "129"], ["48", "129"], ["48", "129"], ["19", "20"], ["19", "22"], ["32", "30"], ["37", "35"], ["19", "40"], ["22", "25"], ["19", "25"], ["19", "75"], ["44", "75"], ["40", "122"], ["61", "122"], ["120", "122"], ["19", "122"], ["25", "32"], ["19", "32"], ["32", "37"], ["19", "37"], ["35", "44"], ["19", "44"], ["30", "44"], ["19", "53"], ["44", "55"], ["19", "55"], ["44", "55"], ["63", "61"], ["63", "61"], ["19", "68"], ["44", "68"], ["75", "78"], ["81", "78"], ["19", "78"], ["55", "78"], ["68", "78"], ["116", "81"], ["19", "81"], ["87", "85"], ["19", "92"], ["19", "48"], ["44", "57"], ["19", "57"], ["40", "61"], ["19", "61"], ["19", "97"], ["109", "107"], ["109", "107"], ["55", "63"], ["19", "63"], ["44", "63"], ["19", "70"], ["44", "70"], ["19", "87"], ["78", "87"], ["97", "100"], ["105", "100"], ["19", "100"], ["85", "100"], ["100", "105"], ["19", "105"], ["92", "107"], ["19", "107"], ["116", "115"], ["116", "115"], ["19", "115"], ["44", "115"], ["40", "120"], ["61", "120"], ["19", "120"], ["19", "65"], ["44", "65"], ["19", "88"], ["78", "88"], ["85", "109"], ["19", "109"], ["19", "116"], ["78", "116"], ["92", "116"], ["107", "116"], ["44", "48"], ["44", "49"], ["44", "51"], ["44", "57"], ["44", "75"], ["44", "122"], ["44", "123"], ["44", "53"], ["44", "55"], ["44", "125"], ["44", "78"], ["55", "68"], ["55", "65"], ["55", "61"], ["55", "70"], ["55", "63"], ["78", "115"], ["78", "116"], ["78", "81"], ["78", "102"], ["78", "85"], ["78", "104"], ["78", "92"], ["78", "87"], ["78", "97"], ["78", "100"], ["78", "88"], ["78", "78"], ["100", "107"], ["100", "102"], ["100", "104"], ["100", "105"], ["100", "100"], ["100", "110"], ["100", "109"], ["115", "120"]], "features": {"19": "<(METHOD,main)<SUB>1</SUB>>", "21": "<(BLOCK,&lt;empty&gt;,&lt;empty&gt;)<SUB>2</SUB>>", "22": "<(&lt;operator&gt;.assignment,ANY scan = new Scanner(System.in))<SUB>3</SUB>>", "24": "<(&lt;operator&gt;.alloc,new Scanner(System.in))<SUB>3</SUB>>", "3": "<(IDENTIFIER,scan,new Scanner(System.in))<SUB>3</SUB>>", "27": "<(IDENTIFIER,System,new Scanner(System.in))<SUB>3</SUB>>", "29": "<(LOCAL,long n: long)<SUB>4</SUB>>", "31": "<(IDENTIFIER,n,long n = nextLong())<SUB>4</SUB>>", "33": "<(IDENTIFIER,scan,nextLong())<SUB>4</SUB>>", "35": "<(&lt;operator&gt;.assignment,long s = nextLong())<SUB>5</SUB>>", "37": "<(nextLong,nextLong())<SUB>5</SUB>>", "39": "<(LOCAL,long ans: long)<SUB>6</SUB>>", "41": "<(IDENTIFIER,ans,long ans = 0)<SUB>6</SUB>>", "43": "<(CONTROL_STRUCTURE,if (s &gt; n),if (s &gt; n))<SUB>7</SUB>>", "45": "<(IDENTIFIER,s,s &gt; n)<SUB>7</SUB>>", "47": "<(BLOCK,&lt;empty&gt;,&lt;empty&gt;)<SUB>8</SUB>>", "49": "<(&lt;operator&gt;.fieldAccess,System.out)<SUB>9</SUB>>", "51": "<(FIELD_IDENTIFIER,out,out)<SUB>9</SUB>>", "53": "<(RETURN,return;,return;)<SUB>10</SUB>>", "55": "<(&lt;operator&gt;.greaterThan,n &gt; s + 200)<SUB>12</SUB>>", "57": "<(&lt;operator&gt;.addition,s + 200)<SUB>12</SUB>>", "59": "<(LITERAL,200,s + 200)<SUB>12</SUB>>", "61": "<(&lt;operator&gt;.assignmentPlus,ans += n - (s + 200))<SUB>14</SUB>>", "63": "<(&lt;operator&gt;.subtraction,n - (s + 200))<SUB>14</SUB>>", "65": "<(&lt;operator&gt;.addition,s + 200)<SUB>14</SUB>>", "67": "<(LITERAL,200,s + 200)<SUB>14</SUB>>", "69": "<(IDENTIFIER,n,n = s + 200)<SUB>15</SUB>>", "71": "<(IDENTIFIER,s,s + 200)<SUB>15</SUB>>", "73": "<(CONTROL_STRUCTURE,for (long i = s; Some(i &lt;= n); i++),for (long i = s; Some(i &lt;= n); i++))<SUB>17</SUB>>", "75": "<(&lt;operator&gt;.assignment,long i = s)<SUB>17</SUB>>", "77": "<(IDENTIFIER,s,long i = s)<SUB>17</SUB>>", "79": "<(IDENTIFIER,i,i &lt;= n)<SUB>17</SUB>>", "81": "<(&lt;operator&gt;.postIncrement,i++)<SUB>17</SUB>>", "83": "<(BLOCK,&lt;empty&gt;,&lt;empty&gt;)<SUB>18</SUB>>", "85": "<(&lt;operator&gt;.assignment,char[] num = this.toCharArray())<SUB>19</SUB>>", "87": "<(toCharArray,this.toCharArray())<SUB>19</SUB>>", "89": "<(LITERAL,&quot;&quot;,&quot;&quot; + i)<SUB>19</SUB>>", "91": "<(LOCAL,int sum: int)<SUB>20</SUB>>", "93": "<(IDENTIFIER,sum,int sum = 0)<SUB>20</SUB>>", "95": "<(CONTROL_STRUCTURE,for (int j = 0; Some(j &lt; num.length); j++),for (int j = 0; Some(j &lt; num.length); j++))<SUB>21</SUB>>", "97": "<(&lt;operator&gt;.assignment,int j = 0)<SUB>21</SUB>>", "99": "<(LITERAL,0,int j = 0)<SUB>21</SUB>>", "101": "<(IDENTIFIER,j,j &lt; num.length)<SUB>21</SUB>>", "103": "<(IDENTIFIER,num,j &lt; num.length)<SUB>21</SUB>>", "105": "<(&lt;operator&gt;.postIncrement,j++)<SUB>21</SUB>>", "107": "<(&lt;operator&gt;.assignmentPlus,sum += num[j] - '0')<SUB>22</SUB>>", "109": "<(&lt;operator&gt;.subtraction,num[j] - '0')<SUB>22</SUB>>", "111": "<(IDENTIFIER,num,num[j] - '0')<SUB>22</SUB>>", "113": "<(LITERAL,'0',num[j] - '0')<SUB>22</SUB>>", "115": "<(&lt;operator&gt;.greaterEqualsThan,i - sum &gt;= s)<SUB>23</SUB>>", "117": "<(IDENTIFIER,i,i - sum)<SUB>23</SUB>>", "119": "<(IDENTIFIER,s,i - sum &gt;= s)<SUB>23</SUB>>", "121": "<(IDENTIFIER,ans,ans++)<SUB>24</SUB>>", "123": "<(&lt;operator&gt;.fieldAccess,System.out)<SUB>26</SUB>>", "125": "<(FIELD_IDENTIFIER,out,out)<SUB>26</SUB>>", "127": "<(MODIFIER,PUBLIC)>", "129": "<(METHOD_RETURN,void)<SUB>1</SUB>>"}}