{"edges": [["21", "23"], ["21", "125"], ["21", "126"], ["21", "127"], ["23", "4"], ["23", "24"], ["23", "27"], ["23", "6"], ["23", "31"], ["23", "34"], ["23", "38"], ["23", "39"], ["23", "43"], ["23", "47"], ["23", "123"], ["24", "25"], ["24", "26"], ["27", "3"], ["27", "28"], ["28", "29"], ["28", "30"], ["31", "32"], ["31", "33"], ["34", "5"], ["34", "35"], ["35", "36"], ["35", "37"], ["39", "40"], ["39", "41"], ["41", "42"], ["43", "44"], ["43", "45"], ["45", "46"], ["47", "48"], ["47", "51"], ["47", "55"], ["48", "49"], ["48", "50"], ["51", "52"], ["52", "53"], ["52", "54"], ["55", "56"], ["56", "57"], ["56", "58"], ["56", "59"], ["56", "62"], ["56", "65"], ["56", "66"], ["56", "69"], ["56", "70"], ["56", "73"], ["56", "74"], ["56", "77"], ["56", "108"], ["59", "60"], ["59", "61"], ["62", "63"], ["62", "64"], ["66", "67"], ["66", "68"], ["70", "71"], ["70", "72"], ["74", "75"], ["74", "76"], ["77", "78"], ["77", "82"], ["78", "79"], ["78", "81"], ["79", "80"], ["82", "83"], ["82", "90"], ["83", "84"], ["83", "85"], ["85", "86"], ["85", "89"], ["86", "87"], ["86", "88"], ["90", "91"], ["90", "94"], ["90", "101"], ["91", "92"], ["91", "93"], ["94", "95"], ["94", "98"], ["95", "96"], ["95", "97"], ["98", "99"], ["98", "100"], ["101", "102"], ["102", "103"], ["103", "104"], ["103", "105"], ["105", "106"], ["105", "107"], ["108", "109"], ["108", "110"], ["108", "118"], ["110", "111"], ["111", "112"], ["111", "113"], ["113", "114"], ["113", "117"], ["114", "115"], ["114", "116"], ["118", "119"], ["119", "120"], ["120", "121"], ["120", "122"], ["123", "124"], ["24", "30"], ["27", "33"], ["31", "37"], ["34", "41"], ["39", "45"], ["43", "48"], ["123", "127"], ["26", "24"], ["28", "27"], ["33", "31"], ["35", "34"], ["41", "39"], ["45", "43"], ["48", "52"], ["48", "59"], ["30", "28"], ["37", "35"], ["52", "123"], ["59", "62"], ["62", "66"], ["66", "70"], ["70", "74"], ["74", "79"], ["78", "109"], ["78", "86"], ["109", "114"], ["109", "120"], ["79", "78"], ["83", "91"], ["111", "123"], ["85", "83"], ["91", "95"], ["91", "105"], ["113", "111"], ["120", "123"], ["86", "85"], ["95", "98"], ["98", "79"], ["114", "113"], ["103", "79"], ["105", "103"], ["21", "26"], ["22", "127"], ["24", "127"], ["27", "127"], ["27", "127"], ["31", "127"], ["34", "127"], ["34", "127"], ["39", "127"], ["45", "127"], ["43", "127"], ["43", "127"], ["48", "127"], ["48", "127"], ["48", "127"], ["59", "127"], ["59", "127"], ["62", "127"], ["62", "127"], ["62", "127"], ["66", "127"], ["66", "127"], ["70", "127"], ["70", "127"], ["74", "127"], ["79", "127"], ["78", "127"], ["78", "127"], ["120", "127"], ["114", "127"], ["114", "127"], ["113", "127"], ["111", "127"], ["111", "127"], ["86", "127"], ["86", "127"], ["85", "127"], ["83", "127"], ["83", "127"], ["91", "127"], ["103", "127"], ["105", "127"], ["103", "127"], ["103", "127"], ["95", "127"], ["95", "127"], ["95", "127"], ["98", "127"], ["98", "127"], ["52", "127"], ["123", "127"], ["123", "127"], ["91", "127"], ["21", "22"], ["21", "24"], ["21", "31"], ["41", "39"], ["45", "43"], ["24", "27"], ["21", "27"], ["31", "34"], ["21", "34"], ["120", "123"], ["111", "123"], ["52", "123"], ["21", "123"], ["34", "41"], ["21", "41"], ["41", "45"], ["21", "45"], ["43", "48"], ["21", "48"], ["39", "48"], ["27", "52"], ["21", "52"], ["21", "59"], ["48", "62"], ["21", "62"], ["21", "66"], ["21", "70"], ["21", "74"], ["21", "109"], ["79", "78"], ["21", "78"], ["85", "83"], ["85", "83"], ["74", "79"], ["21", "79"], ["27", "111"], ["21", "111"], ["114", "111"], ["114", "111"], ["59", "85"], ["103", "85"], ["21", "85"], ["62", "85"], ["95", "85"], ["21", "91"], ["83", "91"], ["91", "95"], ["21", "95"], ["21", "98"], ["114", "113"], ["114", "113"], ["21", "113"], ["27", "120"], ["21", "120"], ["59", "86"], ["103", "86"], ["21", "86"], ["62", "86"], ["95", "86"], ["91", "103"], ["21", "103"], ["21", "114"], ["48", "114"], ["59", "114"], ["103", "114"], ["91", "105"], ["21", "105"], ["48", "66"], ["48", "52"], ["48", "74"], ["48", "59"], ["48", "79"], ["48", "70"], ["48", "78"], ["48", "109"], ["48", "62"], ["78", "85"], ["78", "91"], ["78", "79"], ["78", "83"], ["78", "78"], ["78", "86"], ["109", "120"], ["109", "113"], ["109", "114"], ["109", "111"], ["91", "98"], ["91", "103"], ["91", "95"], ["91", "105"]], "features": {"21": "<(METHOD,main)<SUB>1</SUB>>", "23": "<(BLOCK,&lt;empty&gt;,&lt;empty&gt;)<SUB>1</SUB>>", "24": "<(&lt;operator&gt;.assignment,ANY pw = new PrintWriter(System.out))<SUB>2</SUB>>", "26": "<(&lt;operator&gt;.alloc,new PrintWriter(System.out))<SUB>2</SUB>>", "3": "<(IDENTIFIER,pw,new PrintWriter(System.out))<SUB>2</SUB>>", "29": "<(IDENTIFIER,System,new PrintWriter(System.out))<SUB>2</SUB>>", "6": "<(LOCAL,InputReader ip: ANY)<SUB>3</SUB>>", "32": "<(IDENTIFIER,ip,ANY ip = new InputReader(System.in))<SUB>3</SUB>>", "34": "<(&lt;init&gt;,new InputReader(System.in))<SUB>3</SUB>>", "35": "<(&lt;operator&gt;.fieldAccess,System.in)<SUB>3</SUB>>", "37": "<(FIELD_IDENTIFIER,in,in)<SUB>3</SUB>>", "39": "<(&lt;operator&gt;.assignment,n = nextLong())<SUB>6</SUB>>", "41": "<(nextLong,nextLong())<SUB>6</SUB>>", "43": "<(&lt;operator&gt;.assignment,s = nextLong())<SUB>7</SUB>>", "45": "<(nextLong,nextLong())<SUB>7</SUB>>", "47": "<(CONTROL_STRUCTURE,if (s &gt; n),if (s &gt; n))<SUB>9</SUB>>", "49": "<(IDENTIFIER,s,s &gt; n)<SUB>9</SUB>>", "51": "<(BLOCK,&lt;empty&gt;,&lt;empty&gt;)<SUB>9</SUB>>", "53": "<(IDENTIFIER,pw,println(&quot;0&quot;))<SUB>10</SUB>>", "55": "<(CONTROL_STRUCTURE,else,else)<SUB>12</SUB>>", "57": "<(LOCAL,long l: long)<SUB>13</SUB>>", "59": "<(&lt;operator&gt;.assignment,long l = 0)<SUB>13</SUB>>", "61": "<(LITERAL,0,long l = 0)<SUB>13</SUB>>", "63": "<(IDENTIFIER,r,long r = n)<SUB>13</SUB>>", "65": "<(LOCAL,boolean possible: boolean)<SUB>14</SUB>>", "67": "<(IDENTIFIER,possible,boolean possible = false)<SUB>14</SUB>>", "69": "<(LOCAL,long mid: long)<SUB>15</SUB>>", "71": "<(IDENTIFIER,mid,long mid = 0)<SUB>15</SUB>>", "73": "<(LOCAL,int it: int)<SUB>16</SUB>>", "75": "<(IDENTIFIER,it,int it = 100)<SUB>16</SUB>>", "77": "<(CONTROL_STRUCTURE,while (it-- &gt; 0),while (it-- &gt; 0))<SUB>17</SUB>>", "79": "<(&lt;operator&gt;.postDecrement,it--)<SUB>17</SUB>>", "81": "<(LITERAL,0,it-- &gt; 0)<SUB>17</SUB>>", "83": "<(&lt;operator&gt;.assignment,mid = (l + r) / 2)<SUB>18</SUB>>", "85": "<(&lt;operator&gt;.division,(l + r) / 2)<SUB>18</SUB>>", "87": "<(IDENTIFIER,l,l + r)<SUB>18</SUB>>", "89": "<(LITERAL,2,(l + r) / 2)<SUB>18</SUB>>", "91": "<(check,check(mid))<SUB>19</SUB>>", "93": "<(IDENTIFIER,mid,check(mid))<SUB>19</SUB>>", "95": "<(&lt;operator&gt;.assignment,r = mid)<SUB>20</SUB>>", "97": "<(IDENTIFIER,mid,r = mid)<SUB>20</SUB>>", "99": "<(IDENTIFIER,possible,possible = true)<SUB>21</SUB>>", "101": "<(CONTROL_STRUCTURE,else,else)<SUB>23</SUB>>", "103": "<(&lt;operator&gt;.assignment,l = mid + 1)<SUB>24</SUB>>", "105": "<(&lt;operator&gt;.addition,mid + 1)<SUB>24</SUB>>", "107": "<(LITERAL,1,mid + 1)<SUB>24</SUB>>", "109": "<(IDENTIFIER,possible,if (possible))<SUB>29</SUB>>", "111": "<(println,println(n - l + 1))<SUB>30</SUB>>", "113": "<(&lt;operator&gt;.addition,n - l + 1)<SUB>30</SUB>>", "115": "<(IDENTIFIER,n,n - l)<SUB>30</SUB>>", "117": "<(LITERAL,1,n - l + 1)<SUB>30</SUB>>", "119": "<(BLOCK,&lt;empty&gt;,&lt;empty&gt;)<SUB>32</SUB>>", "121": "<(IDENTIFIER,pw,println(&quot;0&quot;))<SUB>33</SUB>>", "123": "<(close,close())<SUB>37</SUB>>", "125": "<(MODIFIER,PUBLIC)>", "127": "<(METHOD_RETURN,void)<SUB>1</SUB>>"}}