{"edges": [["19", "21"], ["19", "107"], ["19", "108"], ["19", "109"], ["21", "4"], ["21", "22"], ["21", "25"], ["21", "29"], ["21", "30"], ["21", "34"], ["21", "35"], ["21", "39"], ["21", "40"], ["21", "41"], ["21", "44"], ["21", "49"], ["21", "98"], ["22", "23"], ["22", "24"], ["25", "3"], ["25", "26"], ["26", "27"], ["26", "28"], ["30", "31"], ["30", "32"], ["32", "33"], ["35", "36"], ["35", "37"], ["37", "38"], ["41", "42"], ["41", "43"], ["44", "45"], ["44", "46"], ["46", "47"], ["46", "48"], ["49", "50"], ["49", "55"], ["50", "51"], ["50", "54"], ["51", "52"], ["51", "53"], ["55", "56"], ["55", "57"], ["55", "64"], ["55", "65"], ["55", "66"], ["55", "69"], ["55", "72"], ["55", "85"], ["57", "58"], ["57", "59"], ["59", "60"], ["59", "63"], ["60", "61"], ["60", "62"], ["66", "67"], ["66", "68"], ["69", "70"], ["69", "71"], ["72", "73"], ["72", "76"], ["73", "74"], ["73", "75"], ["76", "77"], ["76", "82"], ["77", "78"], ["77", "79"], ["79", "80"], ["79", "81"], ["82", "83"], ["82", "84"], ["85", "86"], ["85", "91"], ["85", "94"], ["86", "87"], ["86", "90"], ["87", "88"], ["87", "89"], ["91", "92"], ["91", "93"], ["94", "95"], ["95", "96"], ["95", "97"], ["98", "99"], ["98", "102"], ["99", "100"], ["99", "101"], ["102", "103"], ["102", "106"], ["103", "104"], ["103", "105"], ["22", "28"], ["25", "32"], ["30", "37"], ["35", "41"], ["41", "46"], ["44", "51"], ["98", "109"], ["24", "22"], ["26", "25"], ["32", "30"], ["37", "35"], ["46", "44"], ["50", "60"], ["50", "101"], ["99", "103"], ["102", "98"], ["28", "26"], ["51", "50"], ["57", "66"], ["66", "69"], ["69", "73"], ["101", "99"], ["103", "102"], ["59", "57"], ["73", "79"], ["73", "87"], ["86", "91"], ["86", "95"], ["91", "51"], ["60", "59"], ["77", "82"], ["82", "73"], ["87", "86"], ["95", "51"], ["79", "77"], ["19", "24"], ["20", "109"], ["22", "109"], ["25", "109"], ["25", "109"], ["30", "109"], ["35", "109"], ["37", "109"], ["35", "109"], ["35", "109"], ["41", "109"], ["44", "109"], ["44", "109"], ["51", "109"], ["50", "109"], ["50", "109"], ["98", "109"], ["103", "109"], ["103", "109"], ["102", "109"], ["98", "109"], ["98", "109"], ["59", "109"], ["57", "109"], ["57", "109"], ["66", "109"], ["69", "109"], ["73", "109"], ["73", "109"], ["87", "109"], ["86", "109"], ["86", "109"], ["86", "109"], ["95", "109"], ["95", "109"], ["91", "109"], ["91", "109"], ["77", "109"], ["77", "109"], ["82", "109"], ["19", "20"], ["19", "22"], ["32", "30"], ["37", "35"], ["19", "41"], ["30", "44"], ["19", "44"], ["22", "25"], ["19", "25"], ["103", "98"], ["103", "98"], ["19", "98"], ["25", "32"], ["19", "32"], ["32", "37"], ["19", "37"], ["30", "46"], ["19", "46"], ["51", "50"], ["51", "50"], ["19", "50"], ["59", "57"], ["59", "57"], ["57", "66"], ["19", "66"], ["19", "69"], ["103", "102"], ["103", "102"], ["19", "102"], ["44", "51"], ["91", "51"], ["19", "51"], ["41", "51"], ["95", "51"], ["87", "91"], ["19", "91"], ["19", "103"], ["30", "103"], ["51", "103"], ["51", "59"], ["19", "59"], ["51", "59"], ["66", "73"], ["82", "73"], ["19", "73"], ["79", "77"], ["79", "77"], ["19", "82"], ["87", "86"], ["87", "86"], ["35", "86"], ["19", "86"], ["87", "95"], ["19", "95"], ["51", "60"], ["19", "60"], ["51", "60"], ["69", "77"], ["19", "77"], ["79", "82"], ["19", "87"], ["57", "87"], ["69", "87"], ["77", "87"], ["73", "79"], ["19", "79"], ["50", "60"], ["50", "73"], ["50", "51"], ["50", "57"], ["50", "66"], ["50", "69"], ["50", "50"], ["50", "59"], ["50", "87"], ["50", "86"], ["73", "73"], ["73", "77"], ["73", "82"], ["73", "79"], ["86", "95"], ["86", "91"]], "features": {"19": "<(METHOD,main)<SUB>1</SUB>>", "21": "<(BLOCK,&lt;empty&gt;,&lt;empty&gt;)<SUB>1</SUB>>", "22": "<(&lt;operator&gt;.assignment,ANY scanner = new Scanner(System.in))<SUB>2</SUB>>", "24": "<(&lt;operator&gt;.alloc,new Scanner(System.in))<SUB>2</SUB>>", "3": "<(IDENTIFIER,scanner,new Scanner(System.in))<SUB>2</SUB>>", "27": "<(IDENTIFIER,System,new Scanner(System.in))<SUB>2</SUB>>", "29": "<(LOCAL,long n: long)<SUB>3</SUB>>", "31": "<(IDENTIFIER,n,long n = nextLong())<SUB>3</SUB>>", "33": "<(IDENTIFIER,scanner,nextLong())<SUB>3</SUB>>", "35": "<(&lt;operator&gt;.assignment,long s = nextLong())<SUB>4</SUB>>", "37": "<(nextLong,nextLong())<SUB>4</SUB>>", "39": "<(LOCAL,long l: long)<SUB>5</SUB>>", "41": "<(&lt;operator&gt;.assignment,long l = 0)<SUB>5</SUB>>", "43": "<(LITERAL,0,long l = 0)<SUB>5</SUB>>", "45": "<(IDENTIFIER,r,long r = n + 1)<SUB>5</SUB>>", "47": "<(IDENTIFIER,n,n + 1)<SUB>5</SUB>>", "49": "<(CONTROL_STRUCTURE,while (r - l &gt; 1),while (r - l &gt; 1))<SUB>6</SUB>>", "51": "<(&lt;operator&gt;.subtraction,r - l)<SUB>6</SUB>>", "53": "<(IDENTIFIER,l,r - l)<SUB>6</SUB>>", "55": "<(BLOCK,&lt;empty&gt;,&lt;empty&gt;)<SUB>6</SUB>>", "57": "<(&lt;operator&gt;.assignment,long mid = (l + r) / 2)<SUB>7</SUB>>", "59": "<(&lt;operator&gt;.division,(l + r) / 2)<SUB>7</SUB>>", "61": "<(IDENTIFIER,l,l + r)<SUB>7</SUB>>", "63": "<(LITERAL,2,(l + r) / 2)<SUB>7</SUB>>", "65": "<(LOCAL,long sum: long)<SUB>8</SUB>>", "67": "<(IDENTIFIER,k,long k = mid)<SUB>8</SUB>>", "69": "<(&lt;operator&gt;.assignment,long sum = 0)<SUB>8</SUB>>", "71": "<(LITERAL,0,long sum = 0)<SUB>8</SUB>>", "73": "<(&lt;operator&gt;.notEquals,k != 0)<SUB>9</SUB>>", "75": "<(LITERAL,0,k != 0)<SUB>9</SUB>>", "77": "<(&lt;operator&gt;.assignmentPlus,sum += k % 10)<SUB>10</SUB>>", "79": "<(&lt;operator&gt;.modulo,k % 10)<SUB>10</SUB>>", "81": "<(LITERAL,10,k % 10)<SUB>10</SUB>>", "83": "<(IDENTIFIER,k,k /= 10)<SUB>11</SUB>>", "85": "<(CONTROL_STRUCTURE,if (mid - sum &gt;= s),if (mid - sum &gt;= s))<SUB>13</SUB>>", "87": "<(&lt;operator&gt;.subtraction,mid - sum)<SUB>13</SUB>>", "89": "<(IDENTIFIER,sum,mid - sum)<SUB>13</SUB>>", "91": "<(&lt;operator&gt;.assignment,r = mid)<SUB>13</SUB>>", "93": "<(IDENTIFIER,mid,r = mid)<SUB>13</SUB>>", "95": "<(&lt;operator&gt;.assignment,l = mid)<SUB>13</SUB>>", "97": "<(IDENTIFIER,mid,l = mid)<SUB>13</SUB>>", "99": "<(&lt;operator&gt;.fieldAccess,System.out)<SUB>15</SUB>>", "101": "<(FIELD_IDENTIFIER,out,out)<SUB>15</SUB>>", "103": "<(&lt;operator&gt;.subtraction,n - r)<SUB>15</SUB>>", "105": "<(IDENTIFIER,r,n - r)<SUB>15</SUB>>", "107": "<(MODIFIER,PUBLIC)>", "109": "<(METHOD_RETURN,void)<SUB>1</SUB>>"}}