{"edges": [["21", "23"], ["21", "69"], ["21", "70"], ["21", "71"], ["23", "4"], ["23", "24"], ["23", "27"], ["23", "31"], ["23", "32"], ["23", "6"], ["23", "37"], ["23", "40"], ["23", "42"], ["23", "43"], ["23", "44"], ["23", "48"], ["23", "52"], ["23", "53"], ["23", "60"], ["23", "67"], ["24", "25"], ["24", "26"], ["27", "3"], ["27", "28"], ["28", "29"], ["28", "30"], ["32", "33"], ["32", "34"], ["34", "35"], ["34", "36"], ["37", "38"], ["37", "39"], ["40", "5"], ["40", "41"], ["44", "45"], ["44", "46"], ["46", "47"], ["48", "49"], ["48", "50"], ["50", "51"], ["53", "54"], ["53", "55"], ["55", "56"], ["55", "57"], ["55", "58"], ["55", "59"], ["60", "61"], ["60", "62"], ["62", "63"], ["62", "66"], ["63", "64"], ["63", "65"], ["67", "68"], ["24", "30"], ["27", "36"], ["32", "39"], ["37", "40"], ["40", "46"], ["44", "50"], ["48", "55"], ["53", "63"], ["60", "67"], ["67", "71"], ["26", "24"], ["28", "27"], ["34", "32"], ["39", "37"], ["46", "44"], ["50", "48"], ["55", "53"], ["62", "60"], ["30", "28"], ["36", "34"], ["63", "62"], ["21", "26"], ["22", "71"], ["24", "71"], ["27", "71"], ["27", "71"], ["32", "71"], ["32", "71"], ["37", "71"], ["40", "71"], ["40", "71"], ["44", "71"], ["50", "71"], ["48", "71"], ["48", "71"], ["55", "71"], ["53", "71"], ["53", "71"], ["63", "71"], ["63", "71"], ["62", "71"], ["60", "71"], ["60", "71"], ["67", "71"], ["67", "71"], ["55", "71"], ["21", "22"], ["21", "24"], ["21", "37"], ["46", "44"], ["50", "48"], ["55", "53"], ["55", "53"], ["55", "53"], ["55", "53"], ["24", "27"], ["21", "27"], ["37", "40"], ["21", "40"], ["32", "40"], ["40", "60"], ["21", "60"], ["63", "60"], ["63", "60"], ["60", "67"], ["21", "67"], ["27", "46"], ["21", "46"], ["46", "50"], ["21", "50"], ["21", "55"], ["44", "55"], ["48", "55"], ["63", "62"], ["63", "62"], ["21", "62"], ["55", "63"], ["21", "63"], ["53", "63"]], "features": {"21": "<(METHOD,main)<SUB>1</SUB>>", "23": "<(BLOCK,&lt;empty&gt;,&lt;empty&gt;)<SUB>1</SUB>>", "24": "<(&lt;operator&gt;.assignment,ANY in = new InputReader(System.in))<SUB>2</SUB>>", "26": "<(&lt;operator&gt;.alloc,new InputReader(System.in))<SUB>2</SUB>>", "3": "<(IDENTIFIER,in,new InputReader(System.in))<SUB>2</SUB>>", "29": "<(IDENTIFIER,System,new InputReader(System.in))<SUB>2</SUB>>", "31": "<(LOCAL,OutputStream outputStream: ANY)<SUB>3</SUB>>", "33": "<(IDENTIFIER,outputStream,ANY outputStream = System.out)<SUB>3</SUB>>", "35": "<(IDENTIFIER,System,ANY outputStream = System.out)<SUB>3</SUB>>", "6": "<(LOCAL,PrintWriter out: ANY)<SUB>4</SUB>>", "38": "<(IDENTIFIER,out,ANY out = new PrintWriter(outputStream))<SUB>4</SUB>>", "40": "<(&lt;init&gt;,new PrintWriter(outputStream))<SUB>4</SUB>>", "41": "<(IDENTIFIER,outputStream,new PrintWriter(outputStream))<SUB>4</SUB>>", "43": "<(LOCAL,long s: long)<SUB>6</SUB>>", "45": "<(IDENTIFIER,n,long n = nextLong())<SUB>6</SUB>>", "47": "<(IDENTIFIER,in,nextLong())<SUB>6</SUB>>", "49": "<(IDENTIFIER,s,long s = nextLong())<SUB>6</SUB>>", "51": "<(IDENTIFIER,in,nextLong())<SUB>6</SUB>>", "53": "<(&lt;operator&gt;.assignment,long x = BS(0, n, s))<SUB>7</SUB>>", "55": "<(BS,BS(0, n, s))<SUB>7</SUB>>", "57": "<(LITERAL,0,BS(0, n, s))<SUB>7</SUB>>", "59": "<(IDENTIFIER,s,BS(0, n, s))<SUB>7</SUB>>", "61": "<(IDENTIFIER,out,print(n - x + 1))<SUB>8</SUB>>", "63": "<(&lt;operator&gt;.subtraction,n - x)<SUB>8</SUB>>", "65": "<(IDENTIFIER,x,n - x)<SUB>8</SUB>>", "67": "<(close,close())<SUB>9</SUB>>", "69": "<(MODIFIER,PUBLIC)>", "71": "<(METHOD_RETURN,void)<SUB>1</SUB>>"}}