{"edges": [["17", "18"], ["17", "19"], ["17", "94"], ["17", "95"], ["17", "96"], ["19", "20"], ["19", "23"], ["19", "25"], ["19", "28"], ["19", "33"], ["19", "34"], ["19", "38"], ["19", "39"], ["19", "43"], ["19", "44"], ["19", "45"], ["19", "46"], ["19", "49"], ["19", "52"], ["19", "55"], ["19", "85"], ["19", "92"], ["20", "21"], ["20", "22"], ["23", "24"], ["25", "26"], ["25", "27"], ["28", "29"], ["28", "30"], ["30", "31"], ["30", "32"], ["34", "35"], ["34", "36"], ["36", "37"], ["39", "40"], ["39", "41"], ["41", "42"], ["46", "47"], ["46", "48"], ["49", "50"], ["49", "51"], ["52", "53"], ["52", "54"], ["55", "56"], ["55", "59"], ["56", "57"], ["56", "58"], ["59", "60"], ["59", "67"], ["60", "61"], ["60", "62"], ["62", "63"], ["62", "66"], ["63", "64"], ["63", "65"], ["67", "68"], ["67", "72"], ["67", "78"], ["68", "69"], ["68", "70"], ["68", "71"], ["72", "73"], ["73", "74"], ["73", "75"], ["75", "76"], ["75", "77"], ["78", "79"], ["79", "80"], ["80", "81"], ["80", "82"], ["82", "83"], ["82", "84"], ["85", "86"], ["85", "87"], ["87", "88"], ["87", "91"], ["88", "89"], ["88", "90"], ["92", "93"], ["20", "23"], ["23", "27"], ["25", "32"], ["28", "36"], ["34", "41"], ["39", "46"], ["46", "49"], ["49", "52"], ["52", "56"], ["85", "92"], ["92", "96"], ["22", "20"], ["27", "25"], ["30", "28"], ["36", "34"], ["41", "39"], ["56", "63"], ["56", "88"], ["87", "85"], ["32", "30"], ["60", "68"], ["88", "87"], ["62", "60"], ["68", "75"], ["68", "82"], ["63", "62"], ["73", "56"], ["75", "73"], ["80", "56"], ["82", "80"], ["17", "22"], ["18", "96"], ["20", "96"], ["23", "96"], ["25", "96"], ["28", "96"], ["28", "96"], ["34", "96"], ["39", "96"], ["41", "96"], ["39", "96"], ["39", "96"], ["46", "96"], ["49", "96"], ["49", "96"], ["52", "96"], ["56", "96"], ["56", "96"], ["88", "96"], ["88", "96"], ["87", "96"], ["85", "96"], ["85", "96"], ["92", "96"], ["92", "96"], ["62", "96"], ["60", "96"], ["60", "96"], ["68", "96"], ["68", "96"], ["82", "96"], ["80", "96"], ["80", "96"], ["75", "96"], ["73", "96"], ["73", "96"], ["68", "96"], ["17", "18"], ["17", "20"], ["17", "25"], ["36", "34"], ["41", "39"], ["17", "46"], ["17", "49"], ["34", "52"], ["17", "52"], ["20", "23"], ["17", "23"], ["25", "28"], ["17", "28"], ["28", "85"], ["17", "85"], ["88", "85"], ["88", "85"], ["85", "92"], ["17", "92"], ["23", "36"], ["17", "36"], ["36", "41"], ["17", "41"], ["46", "56"], ["80", "56"], ["17", "56"], ["52", "56"], ["73", "56"], ["62", "60"], ["62", "60"], ["88", "87"], ["88", "87"], ["17", "87"], ["17", "88"], ["34", "88"], ["56", "88"], ["56", "62"], ["17", "62"], ["56", "62"], ["17", "68"], ["60", "68"], ["39", "68"], ["75", "73"], ["75", "73"], ["56", "63"], ["17", "63"], ["56", "63"], ["68", "80"], ["17", "80"], ["68", "75"], ["17", "75"], ["68", "82"], ["17", "82"], ["56", "68"], ["56", "60"], ["56", "56"], ["56", "63"], ["56", "62"], ["68", "80"], ["68", "73"], ["68", "75"], ["68", "82"]], "features": {"17": "<(METHOD,main)<SUB>1</SUB>>", "19": "<(BLOCK,&lt;empty&gt;,&lt;empty&gt;)<SUB>1</SUB>>", "21": "<(IDENTIFIER,in,in = new Reader())<SUB>2</SUB>>", "23": "<(&lt;init&gt;,new Reader())<SUB>2</SUB>>", "25": "<(&lt;operator&gt;.assignment,out = new PrintWriter(System.out))<SUB>3</SUB>>", "27": "<(&lt;operator&gt;.alloc,new PrintWriter(System.out))<SUB>3</SUB>>", "29": "<(IDENTIFIER,out,new PrintWriter(System.out))<SUB>3</SUB>>", "31": "<(IDENTIFIER,System,new PrintWriter(System.out))<SUB>3</SUB>>", "33": "<(LOCAL,long n: long)<SUB>4</SUB>>", "35": "<(IDENTIFIER,n,long n = nextLong())<SUB>4</SUB>>", "37": "<(IDENTIFIER,in,nextLong())<SUB>4</SUB>>", "39": "<(&lt;operator&gt;.assignment,long s = nextLong())<SUB>5</SUB>>", "41": "<(nextLong,nextLong())<SUB>5</SUB>>", "43": "<(LOCAL,long low: long)<SUB>6</SUB>>", "45": "<(LOCAL,long high: long)<SUB>6</SUB>>", "47": "<(IDENTIFIER,low,long low = 0)<SUB>6</SUB>>", "49": "<(&lt;operator&gt;.assignment,long mid = 0)<SUB>6</SUB>>", "51": "<(LITERAL,0,long mid = 0)<SUB>6</SUB>>", "53": "<(IDENTIFIER,high,long high = n)<SUB>6</SUB>>", "55": "<(CONTROL_STRUCTURE,while (low &lt;= high),while (low &lt;= high))<SUB>7</SUB>>", "57": "<(IDENTIFIER,low,low &lt;= high)<SUB>7</SUB>>", "59": "<(BLOCK,&lt;empty&gt;,&lt;empty&gt;)<SUB>7</SUB>>", "61": "<(IDENTIFIER,mid,mid = (low + high) / 2)<SUB>8</SUB>>", "63": "<(&lt;operator&gt;.addition,low + high)<SUB>8</SUB>>", "65": "<(IDENTIFIER,high,low + high)<SUB>8</SUB>>", "67": "<(CONTROL_STRUCTURE,if (func(mid, s)),if (func(mid, s)))<SUB>9</SUB>>", "69": "<(IDENTIFIER,this,func(mid, s))<SUB>9</SUB>>", "71": "<(IDENTIFIER,s,func(mid, s))<SUB>9</SUB>>", "73": "<(&lt;operator&gt;.assignment,high = mid - 1)<SUB>10</SUB>>", "75": "<(&lt;operator&gt;.subtraction,mid - 1)<SUB>10</SUB>>", "77": "<(LITERAL,1,mid - 1)<SUB>10</SUB>>", "79": "<(BLOCK,&lt;empty&gt;,&lt;empty&gt;)<SUB>12</SUB>>", "81": "<(IDENTIFIER,low,low = mid + 1)<SUB>13</SUB>>", "83": "<(IDENTIFIER,mid,mid + 1)<SUB>13</SUB>>", "85": "<(println,println(n - low + 1))<SUB>16</SUB>>", "87": "<(&lt;operator&gt;.addition,n - low + 1)<SUB>16</SUB>>", "89": "<(IDENTIFIER,n,n - low)<SUB>16</SUB>>", "91": "<(LITERAL,1,n - low + 1)<SUB>16</SUB>>", "93": "<(IDENTIFIER,out,close())<SUB>17</SUB>>", "95": "<(MODIFIER,STATIC)>"}}