{"edges": [["23", "25"], ["23", "165"], ["23", "166"], ["23", "167"], ["25", "4"], ["25", "26"], ["25", "29"], ["25", "40"], ["26", "27"], ["26", "28"], ["29", "3"], ["29", "30"], ["30", "31"], ["30", "34"], ["30", "39"], ["31", "32"], ["31", "33"], ["34", "35"], ["34", "36"], ["36", "37"], ["36", "38"], ["40", "41"], ["40", "161"], ["41", "42"], ["41", "43"], ["41", "6"], ["41", "49"], ["41", "52"], ["41", "8"], ["41", "56"], ["41", "59"], ["41", "63"], ["41", "64"], ["41", "69"], ["41", "70"], ["41", "85"], ["41", "86"], ["41", "95"], ["41", "96"], ["41", "130"], ["41", "131"], ["41", "140"], ["43", "44"], ["43", "45"], ["45", "46"], ["45", "48"], ["46", "47"], ["49", "50"], ["49", "51"], ["52", "5"], ["52", "53"], ["53", "54"], ["53", "55"], ["56", "57"], ["56", "58"], ["59", "7"], ["59", "60"], ["60", "61"], ["60", "62"], ["64", "65"], ["64", "66"], ["66", "67"], ["66", "68"], ["70", "71"], ["70", "72"], ["72", "73"], ["72", "82"], ["73", "74"], ["73", "77"], ["73", "81"], ["74", "75"], ["74", "76"], ["77", "78"], ["77", "79"], ["79", "80"], ["82", "83"], ["82", "84"], ["86", "87"], ["86", "88"], ["88", "89"], ["88", "92"], ["89", "90"], ["89", "91"], ["92", "93"], ["92", "94"], ["96", "97"], ["96", "106"], ["97", "98"], ["97", "105"], ["98", "99"], ["98", "102"], ["99", "100"], ["99", "101"], ["102", "103"], ["102", "104"], ["106", "107"], ["106", "116"], ["107", "108"], ["107", "109"], ["109", "110"], ["109", "111"], ["111", "112"], ["111", "115"], ["112", "113"], ["112", "114"], ["116", "117"], ["116", "121"], ["116", "125"], ["117", "118"], ["117", "119"], ["117", "120"], ["121", "122"], ["122", "123"], ["122", "124"], ["125", "126"], ["126", "127"], ["127", "128"], ["127", "129"], ["131", "132"], ["131", "133"], ["133", "134"], ["133", "137"], ["134", "135"], ["134", "136"], ["137", "138"], ["137", "139"], ["140", "141"], ["140", "148"], ["140", "154"], ["141", "142"], ["141", "147"], ["142", "143"], ["142", "144"], ["144", "145"], ["144", "146"], ["148", "149"], ["149", "150"], ["149", "153"], ["150", "151"], ["150", "152"], ["154", "155"], ["155", "156"], ["156", "157"], ["156", "160"], ["157", "158"], ["157", "159"], ["161", "162"], ["162", "163"], ["163", "164"], ["26", "33"], ["29", "46"], ["28", "26"], ["31", "38"], ["34", "29"], ["43", "51"], ["49", "53"], ["52", "58"], ["56", "60"], ["59", "68"], ["64", "76"], ["70", "91"], ["86", "99"], ["131", "146"], ["33", "31"], ["36", "34"], ["45", "43"], ["51", "49"], ["53", "52"], ["58", "56"], ["60", "59"], ["66", "64"], ["72", "70"], ["88", "86"], ["97", "112"], ["97", "134"], ["133", "131"], ["141", "152"], ["141", "159"], ["163", "167"], ["38", "36"], ["46", "45"], ["68", "66"], ["82", "72"], ["89", "94"], ["92", "88"], ["98", "97"], ["107", "117"], ["134", "139"], ["137", "133"], ["142", "141"], ["149", "167"], ["149", "163"], ["74", "79"], ["77", "84"], ["84", "82"], ["91", "89"], ["94", "92"], ["99", "104"], ["102", "98"], ["109", "107"], ["117", "122"], ["117", "127"], ["139", "137"], ["144", "142"], ["150", "149"], ["156", "167"], ["156", "163"], ["76", "74"], ["79", "77"], ["104", "102"], ["111", "109"], ["122", "99"], ["146", "144"], ["152", "150"], ["157", "156"], ["112", "111"], ["127", "99"], ["159", "157"], ["23", "28"], ["24", "167"], ["26", "167"], ["34", "167"], ["34", "167"], ["34", "167"], ["29", "167"], ["43", "167"], ["46", "167"], ["45", "167"], ["43", "167"], ["43", "167"], ["49", "167"], ["52", "167"], ["52", "167"], ["56", "167"], ["59", "167"], ["59", "167"], ["59", "167"], ["64", "167"], ["74", "167"], ["77", "167"], ["77", "167"], ["77", "167"], ["72", "167"], ["70", "167"], ["70", "167"], ["86", "167"], ["86", "167"], ["99", "167"], ["98", "167"], ["97", "167"], ["97", "167"], ["134", "167"], ["134", "167"], ["133", "167"], ["133", "167"], ["131", "167"], ["131", "167"], ["142", "167"], ["142", "167"], ["141", "167"], ["141", "167"], ["149", "167"], ["149", "167"], ["111", "167"], ["109", "167"], ["107", "167"], ["107", "167"], ["117", "167"], ["117", "167"], ["127", "167"], ["127", "167"], ["122", "167"], ["122", "167"], ["163", "167"], ["117", "167"], ["23", "24"], ["23", "26"], ["26", "29"], ["23", "29"], ["31", "29"], ["34", "29"], ["23", "31"], ["23", "39"], ["45", "43"], ["45", "43"], ["23", "49"], ["23", "56"], ["72", "70"], ["72", "70"], ["72", "70"], ["88", "86"], ["133", "131"], ["133", "131"], ["23", "162"], ["31", "34"], ["23", "34"], ["49", "52"], ["23", "52"], ["43", "52"], ["56", "59"], ["23", "59"], ["43", "59"], ["46", "45"], ["23", "45"], ["74", "72"], ["77", "72"], ["23", "72"], ["98", "97"], ["98", "97"], ["23", "97"], ["109", "107"], ["109", "107"], ["134", "133"], ["134", "133"], ["98", "133"], ["142", "141"], ["142", "141"], ["23", "141"], ["23", "163"], ["29", "46"], ["23", "46"], ["23", "74"], ["23", "81"], ["99", "98"], ["99", "98"], ["88", "98"], ["79", "134"], ["23", "134"], ["99", "134"], ["131", "142"], ["23", "142"], ["23", "149"], ["74", "77"], ["23", "77"], ["79", "77"], ["70", "99"], ["112", "99"], ["122", "99"], ["23", "99"], ["64", "99"], ["109", "99"], ["127", "99"], ["112", "109"], ["23", "109"], ["111", "109"], ["111", "109"], ["23", "117"], ["107", "117"], ["59", "117"], ["117", "122"], ["23", "122"], ["142", "156"], ["23", "156"], ["52", "79"], ["23", "79"], ["112", "111"], ["112", "111"], ["86", "111"], ["23", "111"], ["117", "127"], ["23", "127"], ["99", "112"], ["23", "112"], ["99", "112"], ["97", "107"], ["97", "98"], ["97", "99"], ["97", "102"], ["97", "104"], ["97", "117"], ["97", "97"], ["97", "112"], ["97", "111"], ["97", "109"], ["141", "152"], ["141", "149"], ["141", "150"], ["141", "157"], ["141", "159"], ["141", "156"], ["149", "163"], ["117", "122"], ["117", "127"], ["156", "163"]], "features": {"23": "<(METHOD,main)<SUB>1</SUB>>", "25": "<(BLOCK,&lt;empty&gt;,&lt;empty&gt;)<SUB>1</SUB>>", "26": "<(&lt;operator&gt;.assignment,ANY in = new BufferedReader(new InputStreamReader(System.in)))<SUB>2</SUB>>", "28": "<(&lt;operator&gt;.alloc,new BufferedReader(new InputStreamReader(System.in)))<SUB>2</SUB>>", "3": "<(IDENTIFIER,in,new BufferedReader(new InputStreamReader(System.in)))<SUB>2</SUB>>", "31": "<(&lt;operator&gt;.assignment,&lt;empty&gt;)>", "33": "<(&lt;operator&gt;.alloc,new InputStreamReader(System.in))<SUB>2</SUB>>", "35": "<(IDENTIFIER,$obj0,new InputStreamReader(System.in))>", "37": "<(IDENTIFIER,System,new InputStreamReader(System.in))<SUB>2</SUB>>", "39": "<(IDENTIFIER,$obj0,&lt;empty&gt;)>", "41": "<(BLOCK,try,try)<SUB>2</SUB>>", "43": "<(&lt;operator&gt;.assignment,String[] str = split(&quot; &quot;))<SUB>3</SUB>>", "45": "<(split,split(&quot; &quot;))<SUB>3</SUB>>", "47": "<(IDENTIFIER,in,readLine())<SUB>3</SUB>>", "6": "<(LOCAL,BigInteger n: ANY)<SUB>4</SUB>>", "50": "<(IDENTIFIER,n,ANY n = new BigInteger(str[0]))<SUB>4</SUB>>", "52": "<(&lt;init&gt;,new BigInteger(str[0]))<SUB>4</SUB>>", "53": "<(&lt;operator&gt;.indexAccess,str[0])<SUB>4</SUB>>", "55": "<(LITERAL,0,new BigInteger(str[0]))<SUB>4</SUB>>", "56": "<(&lt;operator&gt;.assignment,ANY s = new BigInteger(str[1]))<SUB>5</SUB>>", "58": "<(&lt;operator&gt;.alloc,new BigInteger(str[1]))<SUB>5</SUB>>", "7": "<(IDENTIFIER,s,new BigInteger(str[1]))<SUB>5</SUB>>", "61": "<(IDENTIFIER,str,new BigInteger(str[1]))<SUB>5</SUB>>", "63": "<(LOCAL,BigInteger left: ANY)<SUB>7</SUB>>", "65": "<(IDENTIFIER,left,ANY left = BigInteger.ONE)<SUB>7</SUB>>", "67": "<(IDENTIFIER,BigInteger,ANY left = BigInteger.ONE)<SUB>7</SUB>>", "69": "<(LOCAL,BigInteger right: ANY)<SUB>8</SUB>>", "71": "<(IDENTIFIER,right,ANY right = add(BigInteger.TEN))<SUB>8</SUB>>", "73": "<(BLOCK,&lt;empty&gt;,&lt;empty&gt;)<SUB>8</SUB>>", "75": "<(IDENTIFIER,$obj4,&lt;empty&gt;)>", "77": "<(&lt;init&gt;,new BigInteger(n.toString()))<SUB>8</SUB>>", "79": "<(toString,toString())<SUB>8</SUB>>", "81": "<(IDENTIFIER,$obj4,&lt;empty&gt;)>", "83": "<(IDENTIFIER,BigInteger,add(BigInteger.TEN))<SUB>8</SUB>>", "85": "<(LOCAL,BigInteger TWO: ANY)<SUB>10</SUB>>", "87": "<(IDENTIFIER,TWO,ANY TWO = add(BigInteger.ONE))<SUB>10</SUB>>", "89": "<(&lt;operator&gt;.fieldAccess,BigInteger.ONE)<SUB>10</SUB>>", "91": "<(FIELD_IDENTIFIER,ONE,ONE)<SUB>10</SUB>>", "93": "<(IDENTIFIER,BigInteger,add(BigInteger.ONE))<SUB>10</SUB>>", "95": "<(LOCAL,BigInteger t: ANY)<SUB>12</SUB>>", "97": "<(&lt;operator&gt;.greaterThan,right.subtract(left).compareTo(BigInteger.ONE) &gt; 0)<SUB>14</SUB>>", "99": "<(subtract,subtract(left))<SUB>14</SUB>>", "101": "<(IDENTIFIER,left,subtract(left))<SUB>14</SUB>>", "103": "<(IDENTIFIER,BigInteger,compareTo(BigInteger.ONE))<SUB>14</SUB>>", "105": "<(LITERAL,0,right.subtract(left).compareTo(BigInteger.ONE) &gt; 0)<SUB>14</SUB>>", "107": "<(&lt;operator&gt;.assignment,t = add(right.subtract(left).divide(TWO)))<SUB>15</SUB>>", "109": "<(add,add(right.subtract(left).divide(TWO)))<SUB>15</SUB>>", "111": "<(divide,divide(TWO))<SUB>15</SUB>>", "113": "<(IDENTIFIER,right,subtract(left))<SUB>15</SUB>>", "115": "<(IDENTIFIER,TWO,divide(TWO))<SUB>15</SUB>>", "117": "<(check,check(t, s))<SUB>16</SUB>>", "119": "<(IDENTIFIER,t,check(t, s))<SUB>16</SUB>>", "121": "<(BLOCK,&lt;empty&gt;,&lt;empty&gt;)<SUB>16</SUB>>", "123": "<(IDENTIFIER,right,right = t)<SUB>17</SUB>>", "125": "<(CONTROL_STRUCTURE,else,else)<SUB>18</SUB>>", "127": "<(&lt;operator&gt;.assignment,left = t)<SUB>19</SUB>>", "129": "<(IDENTIFIER,t,left = t)<SUB>19</SUB>>", "131": "<(&lt;operator&gt;.assignment,ANY result = add(BigInteger.ONE))<SUB>22</SUB>>", "133": "<(add,add(BigInteger.ONE))<SUB>22</SUB>>", "135": "<(IDENTIFIER,n,subtract(right))<SUB>22</SUB>>", "137": "<(&lt;operator&gt;.fieldAccess,BigInteger.ONE)<SUB>22</SUB>>", "139": "<(FIELD_IDENTIFIER,ONE,ONE)<SUB>22</SUB>>", "141": "<(&lt;operator&gt;.lessEqualsThan,result.compareTo(BigInteger.ZERO) &lt;= 0)<SUB>23</SUB>>", "143": "<(IDENTIFIER,result,compareTo(BigInteger.ZERO))<SUB>23</SUB>>", "145": "<(IDENTIFIER,BigInteger,compareTo(BigInteger.ZERO))<SUB>23</SUB>>", "147": "<(LITERAL,0,result.compareTo(BigInteger.ZERO) &lt;= 0)<SUB>23</SUB>>", "149": "<(println,System.out.println(0))<SUB>24</SUB>>", "151": "<(IDENTIFIER,System,System.out.println(0))<SUB>24</SUB>>", "153": "<(LITERAL,0,System.out.println(0))<SUB>24</SUB>>", "155": "<(BLOCK,&lt;empty&gt;,&lt;empty&gt;)<SUB>25</SUB>>", "157": "<(&lt;operator&gt;.fieldAccess,System.out)<SUB>26</SUB>>", "159": "<(FIELD_IDENTIFIER,out,out)<SUB>26</SUB>>", "161": "<(BLOCK,catch,catch)>", "163": "<(printStackTrace,printStackTrace())<SUB>30</SUB>>", "165": "<(MODIFIER,PUBLIC)>", "167": "<(METHOD_RETURN,void)<SUB>1</SUB>>"}}