{"edges": [["19", "21"], ["19", "115"], ["19", "116"], ["19", "117"], ["21", "4"], ["21", "22"], ["21", "25"], ["21", "29"], ["21", "30"], ["21", "31"], ["21", "35"], ["21", "39"], ["21", "40"], ["21", "41"], ["21", "44"], ["21", "47"], ["21", "48"], ["21", "51"], ["21", "108"], ["22", "23"], ["22", "24"], ["25", "3"], ["25", "26"], ["26", "27"], ["26", "28"], ["31", "32"], ["31", "33"], ["33", "34"], ["35", "36"], ["35", "37"], ["37", "38"], ["41", "42"], ["41", "43"], ["44", "45"], ["44", "46"], ["48", "49"], ["48", "50"], ["51", "52"], ["51", "55"], ["52", "53"], ["52", "54"], ["55", "56"], ["55", "57"], ["55", "66"], ["55", "67"], ["55", "70"], ["55", "71"], ["55", "74"], ["55", "87"], ["57", "58"], ["57", "59"], ["59", "60"], ["59", "61"], ["61", "62"], ["61", "65"], ["62", "63"], ["62", "64"], ["67", "68"], ["67", "69"], ["71", "72"], ["71", "73"], ["74", "75"], ["74", "78"], ["75", "76"], ["75", "77"], ["78", "79"], ["78", "84"], ["79", "80"], ["79", "81"], ["81", "82"], ["81", "83"], ["84", "85"], ["84", "86"], ["87", "88"], ["87", "93"], ["87", "102"], ["88", "89"], ["88", "92"], ["89", "90"], ["89", "91"], ["93", "94"], ["93", "97"], ["94", "95"], ["94", "96"], ["97", "98"], ["97", "99"], ["99", "100"], ["99", "101"], ["102", "103"], ["103", "104"], ["103", "105"], ["105", "106"], ["105", "107"], ["108", "109"], ["108", "112"], ["109", "110"], ["109", "111"], ["112", "113"], ["112", "114"], ["22", "28"], ["25", "33"], ["31", "37"], ["35", "41"], ["41", "44"], ["44", "48"], ["48", "52"], ["108", "117"], ["24", "22"], ["26", "25"], ["33", "31"], ["37", "35"], ["52", "62"], ["52", "111"], ["109", "112"], ["112", "108"], ["28", "26"], ["57", "67"], ["67", "71"], ["71", "75"], ["111", "109"], ["59", "57"], ["75", "81"], ["75", "89"], ["88", "94"], ["88", "105"], ["61", "59"], ["79", "84"], ["84", "75"], ["89", "88"], ["94", "99"], ["97", "52"], ["103", "52"], ["62", "61"], ["81", "79"], ["99", "97"], ["105", "103"], ["19", "24"], ["20", "117"], ["22", "117"], ["25", "117"], ["25", "117"], ["31", "117"], ["35", "117"], ["37", "117"], ["35", "117"], ["35", "117"], ["41", "117"], ["44", "117"], ["48", "117"], ["52", "117"], ["52", "117"], ["52", "117"], ["108", "117"], ["112", "117"], ["112", "117"], ["108", "117"], ["108", "117"], ["61", "117"], ["59", "117"], ["57", "117"], ["57", "117"], ["67", "117"], ["71", "117"], ["75", "117"], ["75", "117"], ["89", "117"], ["88", "117"], ["88", "117"], ["88", "117"], ["105", "117"], ["103", "117"], ["103", "117"], ["94", "117"], ["99", "117"], ["97", "117"], ["97", "117"], ["79", "117"], ["79", "117"], ["84", "117"], ["19", "20"], ["19", "22"], ["33", "31"], ["37", "35"], ["19", "41"], ["31", "44"], ["19", "44"], ["19", "48"], ["22", "25"], ["19", "25"], ["112", "108"], ["112", "108"], ["25", "33"], ["19", "33"], ["33", "37"], ["19", "37"], ["41", "52"], ["97", "52"], ["19", "52"], ["62", "52"], ["44", "52"], ["62", "52"], ["103", "52"], ["62", "57"], ["19", "57"], ["61", "57"], ["61", "57"], ["19", "67"], ["57", "71"], ["19", "71"], ["19", "112"], ["31", "112"], ["48", "112"], ["94", "112"], ["62", "59"], ["19", "59"], ["61", "59"], ["61", "59"], ["71", "75"], ["84", "75"], ["19", "75"], ["81", "79"], ["81", "79"], ["19", "84"], ["89", "88"], ["89", "88"], ["35", "88"], ["19", "88"], ["89", "94"], ["19", "94"], ["19", "97"], ["89", "97"], ["105", "103"], ["105", "103"], ["62", "61"], ["62", "61"], ["19", "61"], ["67", "79"], ["19", "79"], ["81", "84"], ["19", "89"], ["57", "89"], ["67", "89"], ["79", "89"], ["52", "62"], ["19", "62"], ["52", "62"], ["75", "81"], ["19", "81"], ["19", "99"], ["89", "99"], ["89", "105"], ["19", "105"], ["52", "61"], ["52", "57"], ["52", "89"], ["52", "71"], ["52", "75"], ["52", "52"], ["52", "67"], ["52", "88"], ["52", "59"], ["52", "62"], ["75", "75"], ["75", "81"], ["75", "84"], ["75", "79"], ["88", "94"], ["88", "105"], ["88", "99"], ["88", "103"], ["88", "97"]], "features": {"19": "<(METHOD,main)<SUB>1</SUB>>", "21": "<(BLOCK,&lt;empty&gt;,&lt;empty&gt;)<SUB>1</SUB>>", "22": "<(&lt;operator&gt;.assignment,ANY sc = new Scanner(System.in))<SUB>2</SUB>>", "24": "<(&lt;operator&gt;.alloc,new Scanner(System.in))<SUB>2</SUB>>", "3": "<(IDENTIFIER,sc,new Scanner(System.in))<SUB>2</SUB>>", "27": "<(IDENTIFIER,System,new Scanner(System.in))<SUB>2</SUB>>", "29": "<(LOCAL,long N: long)<SUB>3</SUB>>", "31": "<(&lt;operator&gt;.assignment,long N = nextLong())<SUB>3</SUB>>", "33": "<(nextLong,nextLong())<SUB>3</SUB>>", "35": "<(&lt;operator&gt;.assignment,long S = nextLong())<SUB>3</SUB>>", "37": "<(nextLong,nextLong())<SUB>3</SUB>>", "39": "<(LOCAL,long lo: long)<SUB>4</SUB>>", "41": "<(&lt;operator&gt;.assignment,long lo = 0)<SUB>4</SUB>>", "43": "<(LITERAL,0,long lo = 0)<SUB>4</SUB>>", "45": "<(IDENTIFIER,hi,long hi = N)<SUB>4</SUB>>", "47": "<(LOCAL,long pivot: long)<SUB>5</SUB>>", "49": "<(IDENTIFIER,pivot,long pivot = 0)<SUB>5</SUB>>", "51": "<(CONTROL_STRUCTURE,while (lo &lt;= hi),while (lo &lt;= hi))<SUB>6</SUB>>", "53": "<(IDENTIFIER,lo,lo &lt;= hi)<SUB>6</SUB>>", "55": "<(BLOCK,&lt;empty&gt;,&lt;empty&gt;)<SUB>6</SUB>>", "57": "<(&lt;operator&gt;.assignment,long mid = lo + (hi - lo) / 2)<SUB>7</SUB>>", "59": "<(&lt;operator&gt;.addition,lo + (hi - lo) / 2)<SUB>7</SUB>>", "61": "<(&lt;operator&gt;.division,(hi - lo) / 2)<SUB>7</SUB>>", "63": "<(IDENTIFIER,hi,hi - lo)<SUB>7</SUB>>", "65": "<(LITERAL,2,(hi - lo) / 2)<SUB>7</SUB>>", "67": "<(&lt;operator&gt;.assignment,int sumOfDigits = 0)<SUB>8</SUB>>", "69": "<(LITERAL,0,int sumOfDigits = 0)<SUB>8</SUB>>", "71": "<(&lt;operator&gt;.assignment,long saveMid = mid)<SUB>9</SUB>>", "73": "<(IDENTIFIER,mid,long saveMid = mid)<SUB>9</SUB>>", "75": "<(&lt;operator&gt;.greaterThan,saveMid &gt; 0)<SUB>10</SUB>>", "77": "<(LITERAL,0,saveMid &gt; 0)<SUB>10</SUB>>", "79": "<(&lt;operator&gt;.assignmentPlus,sumOfDigits += saveMid % 10)<SUB>11</SUB>>", "81": "<(&lt;operator&gt;.modulo,saveMid % 10)<SUB>11</SUB>>", "83": "<(LITERAL,10,saveMid % 10)<SUB>11</SUB>>", "85": "<(IDENTIFIER,saveMid,saveMid /= 10)<SUB>12</SUB>>", "87": "<(CONTROL_STRUCTURE,if (mid - sumOfDigits &lt; S),if (mid - sumOfDigits &lt; S))<SUB>14</SUB>>", "89": "<(&lt;operator&gt;.subtraction,mid - sumOfDigits)<SUB>14</SUB>>", "91": "<(IDENTIFIER,sumOfDigits,mid - sumOfDigits)<SUB>14</SUB>>", "93": "<(BLOCK,&lt;empty&gt;,&lt;empty&gt;)<SUB>14</SUB>>", "95": "<(IDENTIFIER,pivot,pivot = mid)<SUB>15</SUB>>", "97": "<(&lt;operator&gt;.assignment,lo = mid + 1)<SUB>16</SUB>>", "99": "<(&lt;operator&gt;.addition,mid + 1)<SUB>16</SUB>>", "101": "<(LITERAL,1,mid + 1)<SUB>16</SUB>>", "103": "<(&lt;operator&gt;.assignment,hi = mid - 1)<SUB>18</SUB>>", "105": "<(&lt;operator&gt;.subtraction,mid - 1)<SUB>18</SUB>>", "107": "<(LITERAL,1,mid - 1)<SUB>18</SUB>>", "109": "<(&lt;operator&gt;.fieldAccess,System.out)<SUB>21</SUB>>", "111": "<(FIELD_IDENTIFIER,out,out)<SUB>21</SUB>>", "113": "<(IDENTIFIER,N,N - pivot)<SUB>21</SUB>>", "115": "<(MODIFIER,PUBLIC)>", "117": "<(METHOD_RETURN,void)<SUB>1</SUB>>"}}