{"edges": [["19", "21"], ["19", "87"], ["19", "88"], ["19", "89"], ["21", "4"], ["21", "22"], ["21", "25"], ["21", "29"], ["21", "30"], ["21", "34"], ["21", "35"], ["21", "39"], ["21", "40"], ["21", "43"], ["21", "44"], ["21", "47"], ["21", "78"], ["22", "23"], ["22", "24"], ["25", "3"], ["25", "26"], ["26", "27"], ["26", "28"], ["30", "31"], ["30", "32"], ["32", "33"], ["35", "36"], ["35", "37"], ["37", "38"], ["40", "41"], ["40", "42"], ["44", "45"], ["44", "46"], ["47", "48"], ["47", "51"], ["48", "49"], ["48", "50"], ["51", "52"], ["51", "53"], ["51", "60"], ["53", "54"], ["53", "55"], ["55", "56"], ["55", "59"], ["56", "57"], ["56", "58"], ["60", "61"], ["60", "65"], ["60", "71"], ["61", "62"], ["61", "63"], ["61", "64"], ["65", "66"], ["66", "67"], ["66", "68"], ["68", "69"], ["68", "70"], ["71", "72"], ["72", "73"], ["73", "74"], ["73", "75"], ["75", "76"], ["75", "77"], ["78", "79"], ["78", "82"], ["79", "80"], ["79", "81"], ["82", "83"], ["82", "86"], ["83", "84"], ["83", "85"], ["22", "28"], ["25", "32"], ["30", "37"], ["35", "40"], ["40", "44"], ["44", "48"], ["78", "89"], ["24", "22"], ["26", "25"], ["32", "30"], ["37", "35"], ["48", "56"], ["48", "81"], ["79", "83"], ["82", "78"], ["28", "26"], ["53", "61"], ["81", "79"], ["83", "82"], ["55", "53"], ["61", "68"], ["61", "75"], ["56", "55"], ["66", "48"], ["68", "66"], ["73", "48"], ["75", "73"], ["19", "24"], ["20", "89"], ["22", "89"], ["25", "89"], ["25", "89"], ["30", "89"], ["35", "89"], ["37", "89"], ["35", "89"], ["35", "89"], ["40", "89"], ["44", "89"], ["48", "89"], ["48", "89"], ["78", "89"], ["83", "89"], ["83", "89"], ["82", "89"], ["78", "89"], ["78", "89"], ["55", "89"], ["53", "89"], ["53", "89"], ["61", "89"], ["61", "89"], ["75", "89"], ["73", "89"], ["73", "89"], ["68", "89"], ["66", "89"], ["66", "89"], ["61", "89"], ["19", "20"], ["19", "22"], ["32", "30"], ["37", "35"], ["19", "40"], ["30", "44"], ["19", "44"], ["22", "25"], ["19", "25"], ["83", "78"], ["83", "78"], ["19", "78"], ["25", "32"], ["19", "32"], ["32", "37"], ["19", "37"], ["40", "48"], ["73", "48"], ["19", "48"], ["44", "48"], ["66", "48"], ["55", "53"], ["55", "53"], ["83", "82"], ["83", "82"], ["19", "82"], ["19", "83"], ["30", "83"], ["48", "83"], ["48", "55"], ["19", "55"], ["48", "55"], ["19", "61"], ["53", "61"], ["35", "61"], ["68", "66"], ["68", "66"], ["48", "56"], ["19", "56"], ["48", "56"], ["61", "73"], ["19", "73"], ["61", "68"], ["19", "68"], ["61", "75"], ["19", "75"], ["48", "48"], ["48", "61"], ["48", "53"], ["48", "56"], ["48", "55"], ["61", "68"], ["61", "73"], ["61", "66"], ["61", "75"]], "features": {"19": "<(METHOD,main)<SUB>1</SUB>>", "21": "<(BLOCK,&lt;empty&gt;,&lt;empty&gt;)<SUB>1</SUB>>", "22": "<(&lt;operator&gt;.assignment,ANY ob = new Scanner(System.in))<SUB>2</SUB>>", "24": "<(&lt;operator&gt;.alloc,new Scanner(System.in))<SUB>2</SUB>>", "3": "<(IDENTIFIER,ob,new Scanner(System.in))<SUB>2</SUB>>", "27": "<(IDENTIFIER,System,new Scanner(System.in))<SUB>2</SUB>>", "29": "<(LOCAL,long n: long)<SUB>3</SUB>>", "31": "<(IDENTIFIER,n,long n = nextLong())<SUB>3</SUB>>", "33": "<(IDENTIFIER,ob,nextLong())<SUB>3</SUB>>", "35": "<(&lt;operator&gt;.assignment,long s = nextLong())<SUB>4</SUB>>", "37": "<(nextLong,nextLong())<SUB>4</SUB>>", "39": "<(LOCAL,long l: long)<SUB>5</SUB>>", "41": "<(IDENTIFIER,l,long l = 1)<SUB>5</SUB>>", "43": "<(LOCAL,long r: long)<SUB>6</SUB>>", "45": "<(IDENTIFIER,r,long r = n)<SUB>6</SUB>>", "47": "<(CONTROL_STRUCTURE,while (l &lt;= r),while (l &lt;= r))<SUB>7</SUB>>", "49": "<(IDENTIFIER,l,l &lt;= r)<SUB>7</SUB>>", "51": "<(BLOCK,&lt;empty&gt;,&lt;empty&gt;)<SUB>7</SUB>>", "53": "<(&lt;operator&gt;.assignment,long mid = (l + r) / 2)<SUB>8</SUB>>", "55": "<(&lt;operator&gt;.division,(l + r) / 2)<SUB>8</SUB>>", "57": "<(IDENTIFIER,l,l + r)<SUB>8</SUB>>", "59": "<(LITERAL,2,(l + r) / 2)<SUB>8</SUB>>", "61": "<(reallybignumber,reallybignumber(mid, s))<SUB>9</SUB>>", "63": "<(IDENTIFIER,mid,reallybignumber(mid, s))<SUB>9</SUB>>", "65": "<(BLOCK,&lt;empty&gt;,&lt;empty&gt;)<SUB>9</SUB>>", "67": "<(IDENTIFIER,r,r = mid - 1)<SUB>10</SUB>>", "69": "<(IDENTIFIER,mid,mid - 1)<SUB>10</SUB>>", "71": "<(CONTROL_STRUCTURE,else,else)<SUB>11</SUB>>", "73": "<(&lt;operator&gt;.assignment,l = mid + 1)<SUB>12</SUB>>", "75": "<(&lt;operator&gt;.addition,mid + 1)<SUB>12</SUB>>", "77": "<(LITERAL,1,mid + 1)<SUB>12</SUB>>", "79": "<(&lt;operator&gt;.fieldAccess,System.out)<SUB>20</SUB>>", "81": "<(FIELD_IDENTIFIER,out,out)<SUB>20</SUB>>", "83": "<(&lt;operator&gt;.subtraction,n - l)<SUB>20</SUB>>", "85": "<(IDENTIFIER,l,n - l)<SUB>20</SUB>>", "87": "<(MODIFIER,PUBLIC)>", "89": "<(METHOD_RETURN,void)<SUB>1</SUB>>"}}