{"edges": [["19", "21"], ["19", "99"], ["19", "100"], ["19", "101"], ["21", "4"], ["21", "22"], ["21", "25"], ["21", "29"], ["21", "30"], ["21", "34"], ["21", "35"], ["21", "39"], ["21", "40"], ["21", "43"], ["21", "44"], ["21", "49"], ["21", "88"], ["21", "97"], ["22", "23"], ["22", "24"], ["25", "3"], ["25", "26"], ["26", "27"], ["26", "28"], ["30", "31"], ["30", "32"], ["32", "33"], ["35", "36"], ["35", "37"], ["37", "38"], ["40", "41"], ["40", "42"], ["44", "45"], ["44", "46"], ["46", "47"], ["46", "48"], ["49", "50"], ["49", "55"], ["50", "51"], ["50", "54"], ["51", "52"], ["51", "53"], ["55", "56"], ["55", "57"], ["55", "60"], ["55", "61"], ["55", "68"], ["55", "69"], ["55", "75"], ["57", "58"], ["57", "59"], ["61", "62"], ["61", "63"], ["63", "64"], ["63", "67"], ["64", "65"], ["64", "66"], ["69", "70"], ["69", "71"], ["71", "72"], ["71", "73"], ["71", "74"], ["75", "76"], ["75", "81"], ["75", "84"], ["76", "77"], ["76", "80"], ["77", "78"], ["77", "79"], ["81", "82"], ["81", "83"], ["84", "85"], ["85", "86"], ["85", "87"], ["88", "89"], ["88", "92"], ["89", "90"], ["89", "91"], ["92", "93"], ["92", "96"], ["93", "94"], ["93", "95"], ["97", "98"], ["22", "28"], ["25", "32"], ["30", "37"], ["35", "40"], ["40", "46"], ["44", "51"], ["88", "97"], ["97", "101"], ["24", "22"], ["26", "25"], ["32", "30"], ["37", "35"], ["46", "44"], ["50", "57"], ["50", "91"], ["89", "93"], ["92", "88"], ["28", "26"], ["51", "50"], ["57", "64"], ["61", "71"], ["69", "77"], ["91", "89"], ["93", "92"], ["63", "61"], ["71", "69"], ["76", "81"], ["76", "85"], ["81", "51"], ["64", "63"], ["77", "76"], ["85", "51"], ["19", "24"], ["20", "101"], ["22", "101"], ["25", "101"], ["25", "101"], ["30", "101"], ["35", "101"], ["35", "101"], ["35", "101"], ["40", "101"], ["44", "101"], ["44", "101"], ["51", "101"], ["50", "101"], ["50", "101"], ["88", "101"], ["93", "101"], ["93", "101"], ["92", "101"], ["88", "101"], ["88", "101"], ["97", "101"], ["97", "101"], ["57", "101"], ["63", "101"], ["61", "101"], ["61", "101"], ["71", "101"], ["69", "101"], ["69", "101"], ["77", "101"], ["76", "101"], ["76", "101"], ["76", "101"], ["85", "101"], ["85", "101"], ["81", "101"], ["81", "101"], ["71", "101"], ["19", "20"], ["19", "22"], ["32", "30"], ["37", "35"], ["19", "40"], ["30", "44"], ["19", "44"], ["22", "25"], ["19", "25"], ["93", "88"], ["93", "88"], ["19", "88"], ["37", "97"], ["19", "97"], ["25", "32"], ["19", "32"], ["32", "37"], ["19", "37"], ["30", "46"], ["19", "46"], ["51", "50"], ["51", "50"], ["19", "50"], ["19", "57"], ["63", "61"], ["63", "61"], ["71", "69"], ["71", "69"], ["71", "69"], ["93", "92"], ["93", "92"], ["19", "92"], ["44", "51"], ["81", "51"], ["19", "51"], ["40", "51"], ["85", "51"], ["77", "81"], ["19", "81"], ["19", "93"], ["30", "93"], ["51", "93"], ["51", "63"], ["19", "63"], ["51", "63"], ["19", "71"], ["61", "71"], ["57", "71"], ["77", "76"], ["77", "76"], ["35", "76"], ["19", "76"], ["77", "85"], ["19", "85"], ["51", "64"], ["19", "64"], ["51", "64"], ["71", "77"], ["19", "77"], ["69", "77"], ["50", "61"], ["50", "77"], ["50", "64"], ["50", "51"], ["50", "57"], ["50", "71"], ["50", "69"], ["50", "63"], ["50", "76"], ["50", "50"], ["76", "81"], ["76", "85"]], "features": {"19": "<(METHOD,main)<SUB>1</SUB>>", "21": "<(BLOCK,&lt;empty&gt;,&lt;empty&gt;)<SUB>1</SUB>>", "22": "<(&lt;operator&gt;.assignment,ANY scan = new Scanner(System.in))<SUB>3</SUB>>", "24": "<(&lt;operator&gt;.alloc,new Scanner(System.in))<SUB>3</SUB>>", "3": "<(IDENTIFIER,scan,new Scanner(System.in))<SUB>3</SUB>>", "27": "<(IDENTIFIER,System,new Scanner(System.in))<SUB>3</SUB>>", "29": "<(LOCAL,long n: long)<SUB>5</SUB>>", "31": "<(IDENTIFIER,n,long n = nextLong())<SUB>5</SUB>>", "33": "<(IDENTIFIER,scan,nextLong())<SUB>5</SUB>>", "35": "<(&lt;operator&gt;.assignment,long s = nextLong())<SUB>6</SUB>>", "37": "<(nextLong,nextLong())<SUB>6</SUB>>", "39": "<(LOCAL,long low: long)<SUB>7</SUB>>", "41": "<(IDENTIFIER,low,long low = 0)<SUB>7</SUB>>", "43": "<(LOCAL,long high: long)<SUB>8</SUB>>", "45": "<(IDENTIFIER,high,long high = n + 1)<SUB>8</SUB>>", "47": "<(IDENTIFIER,n,n + 1)<SUB>8</SUB>>", "49": "<(CONTROL_STRUCTURE,while (high - low &gt; 1),while (high - low &gt; 1))<SUB>9</SUB>>", "51": "<(&lt;operator&gt;.subtraction,high - low)<SUB>9</SUB>>", "53": "<(IDENTIFIER,low,high - low)<SUB>9</SUB>>", "55": "<(BLOCK,&lt;empty&gt;,&lt;empty&gt;)<SUB>9</SUB>>", "57": "<(&lt;operator&gt;.assignment,long sum = 0)<SUB>10</SUB>>", "59": "<(LITERAL,0,long sum = 0)<SUB>10</SUB>>", "61": "<(&lt;operator&gt;.assignment,long mid = (high + low) / 2)<SUB>11</SUB>>", "63": "<(&lt;operator&gt;.division,(high + low) / 2)<SUB>11</SUB>>", "65": "<(IDENTIFIER,high,high + low)<SUB>11</SUB>>", "67": "<(LITERAL,2,(high + low) / 2)<SUB>11</SUB>>", "69": "<(&lt;operator&gt;.assignment,long value = findSum(mid, sum))<SUB>12</SUB>>", "71": "<(findSum,findSum(mid, sum))<SUB>12</SUB>>", "73": "<(IDENTIFIER,mid,findSum(mid, sum))<SUB>12</SUB>>", "75": "<(CONTROL_STRUCTURE,if (mid - value &gt;= s),if (mid - value &gt;= s))<SUB>13</SUB>>", "77": "<(&lt;operator&gt;.subtraction,mid - value)<SUB>13</SUB>>", "79": "<(IDENTIFIER,value,mid - value)<SUB>13</SUB>>", "81": "<(&lt;operator&gt;.assignment,high = mid)<SUB>14</SUB>>", "83": "<(IDENTIFIER,mid,high = mid)<SUB>14</SUB>>", "85": "<(&lt;operator&gt;.assignment,low = mid)<SUB>16</SUB>>", "87": "<(IDENTIFIER,mid,low = mid)<SUB>16</SUB>>", "89": "<(&lt;operator&gt;.fieldAccess,System.out)<SUB>19</SUB>>", "91": "<(FIELD_IDENTIFIER,out,out)<SUB>19</SUB>>", "93": "<(&lt;operator&gt;.subtraction,n - high)<SUB>19</SUB>>", "95": "<(IDENTIFIER,high,n - high)<SUB>19</SUB>>", "97": "<(close,close())<SUB>21</SUB>>", "99": "<(MODIFIER,PUBLIC)>", "101": "<(METHOD_RETURN,void)<SUB>1</SUB>>"}}