{"edges": [["21", "23"], ["21", "125"], ["21", "126"], ["21", "127"], ["23", "4"], ["23", "24"], ["23", "27"], ["23", "6"], ["23", "31"], ["23", "34"], ["23", "38"], ["23", "39"], ["23", "42"], ["24", "25"], ["24", "26"], ["27", "3"], ["27", "28"], ["28", "29"], ["28", "30"], ["31", "32"], ["31", "33"], ["34", "5"], ["34", "35"], ["35", "36"], ["35", "37"], ["39", "40"], ["39", "41"], ["42", "43"], ["42", "44"], ["42", "47"], ["42", "50"], ["42", "52"], ["44", "45"], ["44", "46"], ["47", "48"], ["47", "49"], ["50", "51"], ["52", "53"], ["52", "54"], ["52", "58"], ["52", "59"], ["52", "63"], ["52", "64"], ["52", "65"], ["52", "68"], ["52", "71"], ["52", "72"], ["52", "77"], ["52", "116"], ["54", "55"], ["54", "56"], ["56", "57"], ["59", "60"], ["59", "61"], ["61", "62"], ["65", "66"], ["65", "67"], ["68", "69"], ["68", "70"], ["72", "73"], ["72", "74"], ["74", "75"], ["74", "76"], ["77", "78"], ["77", "81"], ["78", "79"], ["78", "80"], ["81", "82"], ["81", "83"], ["81", "92"], ["83", "84"], ["83", "85"], ["85", "86"], ["85", "87"], ["87", "88"], ["87", "91"], ["88", "89"], ["88", "90"], ["92", "93"], ["92", "100"], ["92", "109"], ["93", "94"], ["93", "99"], ["94", "95"], ["94", "96"], ["96", "97"], ["96", "98"], ["100", "101"], ["100", "104"], ["101", "102"], ["101", "103"], ["104", "105"], ["104", "106"], ["106", "107"], ["106", "108"], ["109", "110"], ["110", "111"], ["111", "112"], ["111", "113"], ["113", "114"], ["113", "115"], ["116", "117"], ["116", "120"], ["117", "118"], ["117", "119"], ["120", "121"], ["120", "124"], ["121", "122"], ["121", "123"], ["24", "30"], ["27", "33"], ["31", "37"], ["34", "39"], ["39", "44"], ["26", "24"], ["28", "27"], ["33", "31"], ["35", "34"], ["44", "47"], ["47", "127"], ["47", "56"], ["50", "47"], ["30", "28"], ["37", "35"], ["54", "61"], ["59", "65"], ["65", "68"], ["68", "74"], ["72", "78"], ["116", "50"], ["56", "54"], ["61", "59"], ["74", "72"], ["78", "88"], ["78", "119"], ["117", "121"], ["120", "116"], ["83", "96"], ["119", "117"], ["121", "120"], ["85", "83"], ["93", "101"], ["93", "113"], ["87", "85"], ["94", "93"], ["101", "106"], ["104", "78"], ["88", "87"], ["96", "94"], ["106", "104"], ["111", "78"], ["113", "111"], ["21", "26"], ["22", "127"], ["24", "127"], ["27", "127"], ["27", "127"], ["27", "127"], ["31", "127"], ["34", "127"], ["34", "127"], ["34", "127"], ["39", "127"], ["44", "127"], ["47", "127"], ["47", "127"], ["47", "127"], ["50", "127"], ["96", "127"], ["21", "22"], ["21", "24"], ["21", "31"], ["21", "39"], ["24", "27"], ["21", "27"], ["31", "34"], ["21", "34"], ["21", "44"], ["44", "47"], ["50", "47"], ["21", "47"], ["39", "47"], ["47", "50"], ["21", "50"], ["56", "54"], ["61", "59"], ["21", "65"], ["54", "68"], ["21", "68"], ["21", "72"], ["54", "72"], ["34", "116"], ["121", "116"], ["121", "116"], ["21", "116"], ["27", "56"], ["61", "56"], ["21", "56"], ["56", "61"], ["21", "61"], ["21", "74"], ["54", "74"], ["65", "78"], ["111", "78"], ["21", "78"], ["88", "78"], ["68", "78"], ["88", "78"], ["104", "78"], ["88", "83"], ["21", "83"], ["87", "83"], ["87", "83"], ["121", "120"], ["121", "120"], ["21", "120"], ["21", "121"], ["54", "121"], ["72", "121"], ["101", "121"], ["88", "85"], ["21", "85"], ["87", "85"], ["87", "85"], ["94", "93"], ["94", "93"], ["59", "93"], ["21", "93"], ["94", "101"], ["21", "101"], ["106", "104"], ["106", "104"], ["88", "87"], ["88", "87"], ["21", "87"], ["96", "94"], ["21", "94"], ["96", "94"], ["94", "111"], ["21", "111"], ["78", "88"], ["21", "88"], ["78", "88"], ["21", "96"], ["83", "96"], ["21", "106"], ["94", "106"], ["94", "113"], ["21", "113"], ["47", "47"], ["47", "68"], ["47", "120"], ["47", "116"], ["47", "72"], ["47", "56"], ["47", "74"], ["47", "119"], ["47", "121"], ["47", "65"], ["47", "50"], ["47", "59"], ["47", "54"], ["47", "61"], ["47", "117"], ["47", "78"], ["78", "94"], ["78", "96"], ["78", "85"], ["78", "87"], ["78", "93"], ["78", "83"], ["78", "88"], ["78", "78"], ["93", "113"], ["93", "104"], ["93", "106"], ["93", "101"], ["93", "111"]], "features": {"21": "<(METHOD,main)<SUB>1</SUB>>", "23": "<(BLOCK,&lt;empty&gt;,&lt;empty&gt;)<SUB>1</SUB>>", "24": "<(&lt;operator&gt;.assignment,ANY in = new InputReader(System.in))<SUB>2</SUB>>", "26": "<(&lt;operator&gt;.alloc,new InputReader(System.in))<SUB>2</SUB>>", "3": "<(IDENTIFIER,in,new InputReader(System.in))<SUB>2</SUB>>", "29": "<(IDENTIFIER,System,new InputReader(System.in))<SUB>2</SUB>>", "6": "<(LOCAL,PrintWriter out: ANY)<SUB>3</SUB>>", "32": "<(IDENTIFIER,out,ANY out = new PrintWriter(System.out))<SUB>3</SUB>>", "34": "<(&lt;init&gt;,new PrintWriter(System.out))<SUB>3</SUB>>", "35": "<(&lt;operator&gt;.fieldAccess,System.out)<SUB>3</SUB>>", "37": "<(FIELD_IDENTIFIER,out,out)<SUB>3</SUB>>", "39": "<(&lt;operator&gt;.assignment,int t = 1)<SUB>4</SUB>>", "41": "<(LITERAL,1,int t = 1)<SUB>4</SUB>>", "43": "<(LOCAL,int zxz: int)<SUB>5</SUB>>", "45": "<(IDENTIFIER,zxz,int zxz = 0)<SUB>5</SUB>>", "47": "<(&lt;operator&gt;.lessThan,zxz &lt; t)<SUB>5</SUB>>", "49": "<(IDENTIFIER,t,zxz &lt; t)<SUB>5</SUB>>", "51": "<(IDENTIFIER,zxz,zxz++)<SUB>5</SUB>>", "53": "<(LOCAL,long n: long)<SUB>7</SUB>>", "55": "<(IDENTIFIER,n,long n = nextLong())<SUB>7</SUB>>", "57": "<(IDENTIFIER,in,nextLong())<SUB>7</SUB>>", "59": "<(&lt;operator&gt;.assignment,long s = nextLong())<SUB>8</SUB>>", "61": "<(nextLong,nextLong())<SUB>8</SUB>>", "63": "<(LOCAL,long start: long)<SUB>9</SUB>>", "65": "<(&lt;operator&gt;.assignment,long start = 0)<SUB>9</SUB>>", "67": "<(LITERAL,0,long start = 0)<SUB>9</SUB>>", "69": "<(IDENTIFIER,end,long end = n)<SUB>9</SUB>>", "71": "<(LOCAL,long ans: long)<SUB>10</SUB>>", "73": "<(IDENTIFIER,ans,long ans = n + 1)<SUB>10</SUB>>", "75": "<(IDENTIFIER,n,n + 1)<SUB>10</SUB>>", "77": "<(CONTROL_STRUCTURE,while (start &lt;= end),while (start &lt;= end))<SUB>11</SUB>>", "79": "<(IDENTIFIER,start,start &lt;= end)<SUB>11</SUB>>", "81": "<(BLOCK,&lt;empty&gt;,&lt;empty&gt;)<SUB>11</SUB>>", "83": "<(&lt;operator&gt;.assignment,long mid = start + (end - start) / 2)<SUB>12</SUB>>", "85": "<(&lt;operator&gt;.addition,start + (end - start) / 2)<SUB>12</SUB>>", "87": "<(&lt;operator&gt;.division,(end - start) / 2)<SUB>12</SUB>>", "89": "<(IDENTIFIER,end,end - start)<SUB>12</SUB>>", "91": "<(LITERAL,2,(end - start) / 2)<SUB>12</SUB>>", "93": "<(&lt;operator&gt;.greaterEqualsThan,mid - digitSum(mid) &gt;= s)<SUB>13</SUB>>", "95": "<(IDENTIFIER,mid,mid - digitSum(mid))<SUB>13</SUB>>", "97": "<(IDENTIFIER,this,digitSum(mid))<SUB>13</SUB>>", "99": "<(IDENTIFIER,s,mid - digitSum(mid) &gt;= s)<SUB>13</SUB>>", "101": "<(&lt;operator&gt;.assignment,ans = mid)<SUB>14</SUB>>", "103": "<(IDENTIFIER,mid,ans = mid)<SUB>14</SUB>>", "105": "<(IDENTIFIER,end,end = mid - 1)<SUB>15</SUB>>", "107": "<(IDENTIFIER,mid,mid - 1)<SUB>15</SUB>>", "109": "<(CONTROL_STRUCTURE,else,else)<SUB>17</SUB>>", "111": "<(&lt;operator&gt;.assignment,start = mid + 1)<SUB>18</SUB>>", "113": "<(&lt;operator&gt;.addition,mid + 1)<SUB>18</SUB>>", "115": "<(LITERAL,1,mid + 1)<SUB>18</SUB>>", "117": "<(&lt;operator&gt;.fieldAccess,System.out)<SUB>21</SUB>>", "119": "<(FIELD_IDENTIFIER,out,out)<SUB>21</SUB>>", "121": "<(&lt;operator&gt;.subtraction,n - ans)<SUB>21</SUB>>", "123": "<(IDENTIFIER,ans,n - ans)<SUB>21</SUB>>", "125": "<(MODIFIER,PUBLIC)>", "127": "<(METHOD_RETURN,void)<SUB>1</SUB>>"}}