{"edges": [["21", "23"], ["21", "125"], ["21", "126"], ["21", "127"], ["23", "4"], ["23", "24"], ["23", "27"], ["23", "6"], ["23", "38"], ["23", "41"], ["23", "44"], ["23", "45"], ["23", "51"], ["23", "52"], ["23", "58"], ["23", "59"], ["23", "64"], ["23", "65"], ["23", "120"], ["24", "25"], ["24", "26"], ["27", "3"], ["27", "28"], ["28", "29"], ["28", "32"], ["28", "37"], ["29", "30"], ["29", "31"], ["32", "33"], ["32", "34"], ["34", "35"], ["34", "36"], ["38", "39"], ["38", "40"], ["41", "5"], ["41", "42"], ["42", "43"], ["45", "46"], ["45", "47"], ["47", "48"], ["47", "49"], ["49", "50"], ["52", "53"], ["52", "54"], ["54", "55"], ["54", "56"], ["56", "57"], ["59", "60"], ["59", "61"], ["61", "62"], ["61", "63"], ["65", "66"], ["65", "71"], ["65", "98"], ["66", "67"], ["66", "68"], ["68", "69"], ["68", "70"], ["71", "72"], ["71", "79"], ["72", "73"], ["72", "74"], ["74", "75"], ["74", "78"], ["75", "76"], ["75", "77"], ["79", "80"], ["79", "81"], ["79", "84"], ["79", "89"], ["79", "91"], ["81", "82"], ["81", "83"], ["84", "85"], ["84", "86"], ["86", "87"], ["86", "88"], ["89", "90"], ["91", "92"], ["91", "96"], ["92", "93"], ["92", "94"], ["92", "95"], ["96", "97"], ["98", "99"], ["99", "100"], ["99", "103"], ["100", "101"], ["100", "102"], ["103", "104"], ["103", "105"], ["103", "108"], ["103", "111"], ["103", "113"], ["105", "106"], ["105", "107"], ["108", "109"], ["108", "110"], ["111", "112"], ["113", "114"], ["113", "118"], ["114", "115"], ["114", "116"], ["114", "117"], ["118", "119"], ["120", "121"], ["120", "124"], ["121", "122"], ["121", "123"], ["24", "31"], ["27", "40"], ["38", "42"], ["41", "49"], ["45", "56"], ["52", "61"], ["59", "68"], ["120", "127"], ["26", "24"], ["40", "38"], ["42", "41"], ["47", "45"], ["54", "52"], ["61", "59"], ["66", "75"], ["66", "100"], ["121", "120"], ["29", "36"], ["32", "27"], ["49", "47"], ["56", "54"], ["68", "66"], ["72", "81"], ["123", "121"], ["31", "29"], ["34", "32"], ["74", "72"], ["81", "86"], ["84", "92"], ["84", "123"], ["89", "86"], ["100", "105"], ["36", "34"], ["75", "74"], ["86", "84"], ["92", "96"], ["92", "89"], ["96", "89"], ["105", "108"], ["108", "114"], ["108", "123"], ["111", "108"], ["114", "118"], ["114", "111"], ["118", "111"], ["21", "26"], ["22", "127"], ["24", "127"], ["29", "127"], ["32", "127"], ["32", "127"], ["32", "127"], ["27", "127"], ["38", "127"], ["42", "127"], ["41", "127"], ["41", "127"], ["45", "127"], ["54", "127"], ["56", "127"], ["54", "127"], ["52", "127"], ["52", "127"], ["59", "127"], ["59", "127"], ["68", "127"], ["66", "127"], ["66", "127"], ["100", "127"], ["105", "127"], ["105", "127"], ["108", "127"], ["108", "127"], ["108", "127"], ["114", "127"], ["114", "127"], ["114", "127"], ["118", "127"], ["111", "127"], ["75", "127"], ["74", "127"], ["72", "127"], ["72", "127"], ["81", "127"], ["84", "127"], ["86", "127"], ["86", "127"], ["84", "127"], ["84", "127"], ["120", "127"], ["120", "127"], ["120", "127"], ["92", "127"], ["92", "127"], ["96", "127"], ["89", "127"], ["21", "22"], ["21", "24"], ["21", "38"], ["47", "45"], ["47", "45"], ["54", "52"], ["54", "52"], ["61", "59"], ["61", "59"], ["24", "27"], ["21", "27"], ["29", "27"], ["32", "27"], ["38", "41"], ["21", "41"], ["42", "41"], ["100", "120"], ["118", "120"], ["72", "120"], ["96", "120"], ["21", "120"], ["21", "29"], ["21", "37"], ["27", "42"], ["21", "42"], ["21", "47"], ["49", "47"], ["47", "54"], ["21", "54"], ["56", "54"], ["21", "61"], ["45", "66"], ["21", "66"], ["52", "66"], ["59", "66"], ["74", "72"], ["74", "72"], ["29", "32"], ["21", "32"], ["41", "49"], ["21", "49"], ["49", "56"], ["21", "56"], ["52", "68"], ["21", "68"], ["59", "68"], ["75", "81"], ["21", "81"], ["21", "100"], ["75", "74"], ["75", "74"], ["21", "74"], ["59", "74"], ["81", "84"], ["89", "84"], ["21", "84"], ["92", "84"], ["75", "84"], ["74", "84"], ["92", "89"], ["21", "89"], ["21", "105"], ["52", "105"], ["66", "75"], ["21", "75"], ["52", "75"], ["92", "86"], ["21", "86"], ["75", "86"], ["74", "86"], ["21", "92"], ["84", "92"], ["75", "92"], ["72", "96"], ["21", "96"], ["105", "108"], ["111", "108"], ["21", "108"], ["66", "108"], ["114", "111"], ["21", "111"], ["21", "114"], ["108", "114"], ["52", "114"], ["100", "118"], ["21", "118"], ["66", "105"], ["66", "75"], ["66", "81"], ["66", "100"], ["66", "84"], ["66", "72"], ["66", "74"], ["66", "108"], ["66", "86"], ["84", "89"], ["84", "84"], ["84", "92"], ["84", "86"], ["92", "96"], ["108", "114"], ["108", "108"], ["108", "111"], ["114", "118"]], "features": {"21": "<(METHOD,main)<SUB>1</SUB>>", "23": "<(BLOCK,&lt;empty&gt;,&lt;empty&gt;)<SUB>1</SUB>>", "24": "<(&lt;operator&gt;.assignment,ANY br = new BufferedReader(new InputStreamReader(System.in)))<SUB>2</SUB>>", "26": "<(&lt;operator&gt;.alloc,new BufferedReader(new InputStreamReader(System.in)))<SUB>2</SUB>>", "3": "<(IDENTIFIER,br,new BufferedReader(new InputStreamReader(System.in)))<SUB>2</SUB>>", "29": "<(&lt;operator&gt;.assignment,&lt;empty&gt;)>", "31": "<(&lt;operator&gt;.alloc,new InputStreamReader(System.in))<SUB>2</SUB>>", "33": "<(IDENTIFIER,$obj0,new InputStreamReader(System.in))>", "35": "<(IDENTIFIER,System,new InputStreamReader(System.in))<SUB>2</SUB>>", "37": "<(IDENTIFIER,$obj0,&lt;empty&gt;)>", "38": "<(&lt;operator&gt;.assignment,ANY st = new StringTokenizer(br.readLine()))<SUB>3</SUB>>", "40": "<(&lt;operator&gt;.alloc,new StringTokenizer(br.readLine()))<SUB>3</SUB>>", "5": "<(IDENTIFIER,st,new StringTokenizer(br.readLine()))<SUB>3</SUB>>", "43": "<(IDENTIFIER,br,readLine())<SUB>3</SUB>>", "45": "<(&lt;operator&gt;.assignment,long n = parseLong(st.nextToken()))<SUB>4</SUB>>", "47": "<(parseLong,parseLong(st.nextToken()))<SUB>4</SUB>>", "49": "<(nextToken,nextToken())<SUB>4</SUB>>", "51": "<(LOCAL,long s: long)<SUB>5</SUB>>", "53": "<(IDENTIFIER,s,long s = parseLong(st.nextToken()))<SUB>5</SUB>>", "55": "<(IDENTIFIER,Long,parseLong(st.nextToken()))<SUB>5</SUB>>", "57": "<(IDENTIFIER,st,nextToken())<SUB>5</SUB>>", "59": "<(&lt;operator&gt;.assignment,int d = 9 * 18)<SUB>6</SUB>>", "61": "<(&lt;operator&gt;.multiplication,9 * 18)<SUB>6</SUB>>", "63": "<(LITERAL,18,9 * 18)<SUB>6</SUB>>", "65": "<(CONTROL_STRUCTURE,if (n &gt;= s + d),if (n &gt;= s + d))<SUB>8</SUB>>", "67": "<(IDENTIFIER,n,n &gt;= s + d)<SUB>8</SUB>>", "69": "<(IDENTIFIER,s,s + d)<SUB>8</SUB>>", "71": "<(BLOCK,&lt;empty&gt;,&lt;empty&gt;)<SUB>8</SUB>>", "73": "<(IDENTIFIER,cnt,cnt = n - s - d)<SUB>9</SUB>>", "75": "<(&lt;operator&gt;.subtraction,n - s)<SUB>9</SUB>>", "77": "<(IDENTIFIER,s,n - s)<SUB>9</SUB>>", "79": "<(CONTROL_STRUCTURE,for (long x = s; Some(x &lt;= s + d); x++),for (long x = s; Some(x &lt;= s + d); x++))<SUB>10</SUB>>", "81": "<(&lt;operator&gt;.assignment,long x = s)<SUB>10</SUB>>", "83": "<(IDENTIFIER,s,long x = s)<SUB>10</SUB>>", "85": "<(IDENTIFIER,x,x &lt;= s + d)<SUB>10</SUB>>", "87": "<(IDENTIFIER,s,s + d)<SUB>10</SUB>>", "89": "<(&lt;operator&gt;.postIncrement,x++)<SUB>10</SUB>>", "91": "<(CONTROL_STRUCTURE,if (check(x, s)),if (check(x, s)))<SUB>11</SUB>>", "93": "<(IDENTIFIER,this,check(x, s))<SUB>11</SUB>>", "95": "<(IDENTIFIER,s,check(x, s))<SUB>11</SUB>>", "97": "<(IDENTIFIER,cnt,cnt++)<SUB>12</SUB>>", "99": "<(BLOCK,&lt;empty&gt;,&lt;empty&gt;)<SUB>13</SUB>>", "101": "<(IDENTIFIER,cnt,cnt = 0)<SUB>14</SUB>>", "103": "<(CONTROL_STRUCTURE,for (long x = s; Some(x &lt;= n); x++),for (long x = s; Some(x &lt;= n); x++))<SUB>15</SUB>>", "105": "<(&lt;operator&gt;.assignment,long x = s)<SUB>15</SUB>>", "107": "<(IDENTIFIER,s,long x = s)<SUB>15</SUB>>", "109": "<(IDENTIFIER,x,x &lt;= n)<SUB>15</SUB>>", "111": "<(&lt;operator&gt;.postIncrement,x++)<SUB>15</SUB>>", "113": "<(CONTROL_STRUCTURE,if (check(x, s)),if (check(x, s)))<SUB>16</SUB>>", "115": "<(IDENTIFIER,this,check(x, s))<SUB>16</SUB>>", "117": "<(IDENTIFIER,s,check(x, s))<SUB>16</SUB>>", "119": "<(IDENTIFIER,cnt,cnt++)<SUB>17</SUB>>", "121": "<(&lt;operator&gt;.fieldAccess,System.out)<SUB>19</SUB>>", "123": "<(FIELD_IDENTIFIER,out,out)<SUB>19</SUB>>", "125": "<(MODIFIER,PUBLIC)>", "127": "<(METHOD_RETURN,void)<SUB>1</SUB>>"}}