{"edges": [["19", "21"], ["19", "47"], ["19", "48"], ["19", "49"], ["21", "4"], ["21", "22"], ["21", "25"], ["21", "29"], ["21", "30"], ["21", "34"], ["21", "35"], ["21", "39"], ["22", "23"], ["22", "24"], ["25", "3"], ["25", "26"], ["26", "27"], ["26", "28"], ["30", "31"], ["30", "32"], ["32", "33"], ["35", "36"], ["35", "37"], ["37", "38"], ["39", "40"], ["39", "43"], ["40", "41"], ["40", "42"], ["43", "44"], ["43", "45"], ["43", "46"], ["22", "28"], ["25", "32"], ["30", "37"], ["35", "42"], ["39", "49"], ["24", "22"], ["26", "25"], ["32", "30"], ["37", "35"], ["40", "43"], ["43", "39"], ["28", "26"], ["42", "40"], ["19", "24"], ["20", "49"], ["22", "49"], ["25", "49"], ["25", "49"], ["30", "49"], ["37", "49"], ["35", "49"], ["35", "49"], ["39", "49"], ["43", "49"], ["43", "49"], ["39", "49"], ["39", "49"], ["43", "49"], ["19", "20"], ["19", "22"], ["32", "30"], ["37", "35"], ["22", "25"], ["19", "25"], ["43", "39"], ["43", "39"], ["43", "39"], ["25", "32"], ["19", "32"], ["32", "37"], ["19", "37"], ["19", "43"], ["30", "43"], ["35", "43"]], "features": {"19": "<(METHOD,main)<SUB>1</SUB>>", "21": "<(BLOCK,&lt;empty&gt;,&lt;empty&gt;)<SUB>1</SUB>>", "22": "<(&lt;operator&gt;.assignment,ANY scan = new Scanner(System.in))<SUB>2</SUB>>", "24": "<(&lt;operator&gt;.alloc,new Scanner(System.in))<SUB>2</SUB>>", "3": "<(IDENTIFIER,scan,new Scanner(System.in))<SUB>2</SUB>>", "27": "<(IDENTIFIER,System,new Scanner(System.in))<SUB>2</SUB>>", "29": "<(LOCAL,int n: int)<SUB>3</SUB>>", "31": "<(IDENTIFIER,n,int n = nextInt())<SUB>3</SUB>>", "33": "<(IDENTIFIER,scan,nextInt())<SUB>3</SUB>>", "35": "<(&lt;operator&gt;.assignment,int v = nextInt())<SUB>4</SUB>>", "37": "<(nextInt,nextInt())<SUB>4</SUB>>", "39": "<(print,print(solution(n, v)))<SUB>6</SUB>>", "41": "<(IDENTIFIER,System,print(solution(n, v)))<SUB>6</SUB>>", "43": "<(solution,solution(n, v))<SUB>6</SUB>>", "45": "<(IDENTIFIER,n,solution(n, v))<SUB>6</SUB>>", "47": "<(MODIFIER,PUBLIC)>", "49": "<(METHOD_RETURN,void)<SUB>1</SUB>>"}}