{"edges": [["17", "18"], ["17", "19"], ["17", "24"], ["17", "25"], ["17", "26"], ["19", "20"], ["19", "22"], ["20", "21"], ["22", "23"], ["20", "22"], ["22", "26"], ["17", "20"], ["18", "26"], ["20", "26"], ["22", "26"], ["22", "26"], ["17", "18"], ["17", "20"], ["20", "22"], ["17", "22"]], "features": {"17": "<(METHOD,main)<SUB>1</SUB>>", "19": "<(BLOCK,&lt;empty&gt;,&lt;empty&gt;)<SUB>2</SUB>>", "21": "<(IDENTIFIER,this,setup())<SUB>3</SUB>>", "23": "<(IDENTIFIER,this,xuly())<SUB>4</SUB>>", "25": "<(MODIFIER,STATIC)>"}}