{"edges": [["21", "22"], ["21", "23"], ["21", "82"], ["21", "83"], ["21", "84"], ["23", "4"], ["23", "24"], ["23", "27"], ["23", "6"], ["23", "38"], ["23", "41"], ["23", "44"], ["23", "45"], ["23", "51"], ["23", "52"], ["23", "58"], ["23", "63"], ["24", "25"], ["24", "26"], ["27", "3"], ["27", "28"], ["28", "29"], ["28", "32"], ["28", "37"], ["29", "30"], ["29", "31"], ["32", "33"], ["32", "34"], ["34", "35"], ["34", "36"], ["38", "39"], ["38", "40"], ["41", "5"], ["41", "42"], ["42", "43"], ["45", "46"], ["45", "47"], ["47", "48"], ["47", "49"], ["49", "50"], ["52", "53"], ["52", "54"], ["54", "55"], ["54", "56"], ["56", "57"], ["58", "59"], ["58", "60"], ["58", "61"], ["58", "62"], ["63", "64"], ["63", "67"], ["63", "72"], ["64", "65"], ["64", "66"], ["67", "68"], ["67", "71"], ["68", "69"], ["68", "70"], ["72", "73"], ["73", "74"], ["73", "77"], ["74", "75"], ["74", "76"], ["77", "78"], ["77", "81"], ["78", "79"], ["78", "80"], ["24", "31"], ["27", "40"], ["38", "42"], ["41", "49"], ["45", "56"], ["52", "58"], ["58", "64"], ["26", "24"], ["40", "38"], ["42", "41"], ["47", "45"], ["54", "52"], ["64", "70"], ["64", "76"], ["67", "84"], ["29", "36"], ["32", "27"], ["49", "47"], ["56", "54"], ["68", "67"], ["73", "84"], ["31", "29"], ["34", "32"], ["70", "68"], ["74", "78"], ["77", "73"], ["36", "34"], ["76", "74"], ["78", "77"], ["21", "26"], ["22", "84"], ["24", "84"], ["29", "84"], ["32", "84"], ["32", "84"], ["32", "84"], ["27", "84"], ["38", "84"], ["42", "84"], ["41", "84"], ["41", "84"], ["45", "84"], ["54", "84"], ["56", "84"], ["54", "84"], ["52", "84"], ["52", "84"], ["58", "84"], ["58", "84"], ["58", "84"], ["64", "84"], ["64", "84"], ["67", "84"], ["58", "84"], ["21", "22"], ["21", "24"], ["21", "38"], ["47", "45"], ["47", "45"], ["54", "52"], ["54", "52"], ["24", "27"], ["21", "27"], ["29", "27"], ["32", "27"], ["38", "41"], ["21", "41"], ["42", "41"], ["21", "58"], ["45", "58"], ["52", "58"], ["21", "29"], ["21", "37"], ["27", "42"], ["21", "42"], ["21", "47"], ["49", "47"], ["47", "54"], ["21", "54"], ["56", "54"], ["21", "64"], ["21", "67"], ["29", "32"], ["21", "32"], ["41", "49"], ["21", "49"], ["49", "56"], ["21", "56"], ["78", "73"], ["78", "73"], ["21", "73"], ["78", "77"], ["78", "77"], ["21", "77"], ["58", "78"], ["21", "78"], ["64", "78"], ["64", "76"], ["64", "68"], ["64", "73"], ["64", "77"], ["64", "67"], ["64", "70"], ["64", "74"], ["64", "78"]], "features": {"21": "<(METHOD,main)<SUB>1</SUB>>", "23": "<(BLOCK,&lt;empty&gt;,&lt;empty&gt;)<SUB>1</SUB>>", "24": "<(&lt;operator&gt;.assignment,ANY in = new BufferedReader(new InputStreamReader(System.in)))<SUB>2</SUB>>", "26": "<(&lt;operator&gt;.alloc,new BufferedReader(new InputStreamReader(System.in)))<SUB>2</SUB>>", "3": "<(IDENTIFIER,in,new BufferedReader(new InputStreamReader(System.in)))<SUB>2</SUB>>", "29": "<(&lt;operator&gt;.assignment,&lt;empty&gt;)>", "31": "<(&lt;operator&gt;.alloc,new InputStreamReader(System.in))<SUB>2</SUB>>", "33": "<(IDENTIFIER,$obj0,new InputStreamReader(System.in))>", "35": "<(IDENTIFIER,System,new InputStreamReader(System.in))<SUB>2</SUB>>", "37": "<(IDENTIFIER,$obj0,&lt;empty&gt;)>", "38": "<(&lt;operator&gt;.assignment,ANY st = new StringTokenizer(in.readLine()))<SUB>3</SUB>>", "40": "<(&lt;operator&gt;.alloc,new StringTokenizer(in.readLine()))<SUB>3</SUB>>", "5": "<(IDENTIFIER,st,new StringTokenizer(in.readLine()))<SUB>3</SUB>>", "43": "<(IDENTIFIER,in,readLine())<SUB>3</SUB>>", "45": "<(&lt;operator&gt;.assignment,long s = parseLong(st.nextToken()))<SUB>4</SUB>>", "47": "<(parseLong,parseLong(st.nextToken()))<SUB>4</SUB>>", "49": "<(nextToken,nextToken())<SUB>4</SUB>>", "51": "<(LOCAL,long n: long)<SUB>5</SUB>>", "53": "<(IDENTIFIER,n,long n = parseLong(st.nextToken()))<SUB>5</SUB>>", "55": "<(IDENTIFIER,Long,parseLong(st.nextToken()))<SUB>5</SUB>>", "57": "<(IDENTIFIER,st,nextToken())<SUB>5</SUB>>", "59": "<(IDENTIFIER,this,BSearch2(1, s, n))<SUB>6</SUB>>", "61": "<(IDENTIFIER,s,BSearch2(1, s, n))<SUB>6</SUB>>", "63": "<(CONTROL_STRUCTURE,if (sum == 0),if (sum == 0))<SUB>7</SUB>>", "65": "<(IDENTIFIER,sum,sum == 0)<SUB>7</SUB>>", "67": "<(println,System.out.println(&quot;0&quot;))<SUB>7</SUB>>", "69": "<(IDENTIFIER,System,System.out.println(&quot;0&quot;))<SUB>7</SUB>>", "71": "<(LITERAL,&quot;0&quot;,System.out.println(&quot;0&quot;))<SUB>7</SUB>>", "73": "<(println,println(s - sum + 1))<SUB>8</SUB>>", "75": "<(IDENTIFIER,System,println(s - sum + 1))<SUB>8</SUB>>", "77": "<(&lt;operator&gt;.addition,s - sum + 1)<SUB>8</SUB>>", "79": "<(IDENTIFIER,s,s - sum)<SUB>8</SUB>>", "81": "<(LITERAL,1,s - sum + 1)<SUB>8</SUB>>", "83": "<(MODIFIER,STATIC)>"}}