{"edges": [["21", "23"], ["21", "115"], ["21", "116"], ["21", "117"], ["23", "4"], ["23", "24"], ["23", "27"], ["23", "6"], ["23", "28"], ["23", "31"], ["23", "35"], ["23", "36"], ["23", "37"], ["23", "41"], ["23", "45"], ["23", "46"], ["23", "47"], ["23", "50"], ["23", "55"], ["23", "108"], ["23", "113"], ["24", "25"], ["24", "26"], ["27", "3"], ["28", "29"], ["28", "30"], ["31", "5"], ["31", "32"], ["32", "33"], ["32", "34"], ["37", "38"], ["37", "39"], ["39", "40"], ["41", "42"], ["41", "43"], ["43", "44"], ["47", "48"], ["47", "49"], ["50", "51"], ["50", "52"], ["52", "53"], ["52", "54"], ["55", "56"], ["55", "57"], ["55", "60"], ["55", "63"], ["55", "65"], ["57", "58"], ["57", "59"], ["60", "61"], ["60", "62"], ["63", "64"], ["65", "66"], ["65", "67"], ["65", "74"], ["65", "75"], ["65", "78"], ["65", "79"], ["65", "82"], ["65", "95"], ["67", "68"], ["67", "69"], ["69", "70"], ["69", "73"], ["70", "71"], ["70", "72"], ["75", "76"], ["75", "77"], ["79", "80"], ["79", "81"], ["82", "83"], ["82", "86"], ["83", "84"], ["83", "85"], ["86", "87"], ["86", "92"], ["87", "88"], ["87", "89"], ["89", "90"], ["89", "91"], ["92", "93"], ["92", "94"], ["95", "96"], ["95", "101"], ["95", "104"], ["96", "97"], ["96", "100"], ["97", "98"], ["97", "99"], ["101", "102"], ["101", "103"], ["104", "105"], ["105", "106"], ["105", "107"], ["108", "109"], ["108", "110"], ["110", "111"], ["110", "112"], ["113", "114"], ["24", "27"], ["27", "30"], ["28", "34"], ["31", "39"], ["37", "43"], ["41", "47"], ["47", "52"], ["50", "57"], ["108", "113"], ["113", "117"], ["26", "24"], ["30", "28"], ["32", "31"], ["39", "37"], ["43", "41"], ["52", "50"], ["57", "60"], ["60", "70"], ["60", "110"], ["63", "60"], ["110", "108"], ["34", "32"], ["67", "75"], ["75", "79"], ["79", "83"], ["69", "67"], ["83", "89"], ["83", "97"], ["96", "101"], ["96", "105"], ["101", "63"], ["70", "69"], ["87", "92"], ["92", "83"], ["97", "96"], ["105", "63"], ["89", "87"], ["21", "26"], ["22", "117"], ["24", "117"], ["27", "117"], ["28", "117"], ["31", "117"], ["31", "117"], ["37", "117"], ["41", "117"], ["43", "117"], ["41", "117"], ["41", "117"], ["47", "117"], ["50", "117"], ["50", "117"], ["50", "117"], ["57", "117"], ["60", "117"], ["60", "117"], ["110", "117"], ["110", "117"], ["108", "117"], ["108", "117"], ["113", "117"], ["113", "117"], ["70", "117"], ["69", "117"], ["67", "117"], ["67", "117"], ["75", "117"], ["79", "117"], ["83", "117"], ["83", "117"], ["97", "117"], ["96", "117"], ["96", "117"], ["96", "117"], ["105", "117"], ["105", "117"], ["105", "117"], ["101", "117"], ["101", "117"], ["63", "117"], ["87", "117"], ["87", "117"], ["92", "117"], ["21", "22"], ["21", "24"], ["21", "28"], ["39", "37"], ["43", "41"], ["21", "47"], ["37", "50"], ["21", "50"], ["24", "27"], ["21", "27"], ["28", "31"], ["21", "31"], ["21", "57"], ["31", "108"], ["21", "108"], ["110", "108"], ["110", "108"], ["108", "113"], ["21", "113"], ["27", "39"], ["21", "39"], ["39", "43"], ["21", "43"], ["37", "52"], ["21", "52"], ["57", "60"], ["63", "60"], ["21", "60"], ["60", "63"], ["21", "63"], ["69", "67"], ["69", "67"], ["67", "75"], ["21", "75"], ["21", "79"], ["21", "110"], ["37", "110"], ["47", "110"], ["101", "110"], ["97", "101"], ["21", "101"], ["47", "69"], ["101", "69"], ["21", "69"], ["50", "69"], ["105", "69"], ["92", "83"], ["21", "83"], ["67", "83"], ["89", "87"], ["89", "87"], ["21", "92"], ["97", "96"], ["97", "96"], ["41", "96"], ["21", "96"], ["97", "105"], ["21", "105"], ["47", "70"], ["101", "70"], ["21", "70"], ["50", "70"], ["105", "70"], ["79", "87"], ["21", "87"], ["89", "92"], ["75", "97"], ["21", "97"], ["79", "97"], ["87", "97"], ["83", "89"], ["21", "89"], ["60", "60"], ["60", "96"], ["60", "83"], ["60", "75"], ["60", "69"], ["60", "67"], ["60", "70"], ["60", "63"], ["60", "97"], ["60", "79"], ["83", "83"], ["83", "89"], ["83", "92"], ["83", "87"], ["96", "105"], ["96", "101"]], "features": {"21": "<(METHOD,main)<SUB>1</SUB>>", "23": "<(BLOCK,&lt;empty&gt;,&lt;empty&gt;)<SUB>1</SUB>>", "24": "<(&lt;operator&gt;.assignment,ANY scan = new FastScanner())<SUB>2</SUB>>", "26": "<(&lt;operator&gt;.alloc,new FastScanner())<SUB>2</SUB>>", "3": "<(IDENTIFIER,scan,new FastScanner())<SUB>2</SUB>>", "28": "<(&lt;operator&gt;.assignment,ANY out = new PrintWriter(System.out))<SUB>3</SUB>>", "30": "<(&lt;operator&gt;.alloc,new PrintWriter(System.out))<SUB>3</SUB>>", "5": "<(IDENTIFIER,out,new PrintWriter(System.out))<SUB>3</SUB>>", "33": "<(IDENTIFIER,System,new PrintWriter(System.out))<SUB>3</SUB>>", "35": "<(LOCAL,long n: long)<SUB>4</SUB>>", "37": "<(&lt;operator&gt;.assignment,long n = nextLong())<SUB>4</SUB>>", "39": "<(nextLong,nextLong())<SUB>4</SUB>>", "41": "<(&lt;operator&gt;.assignment,long s = nextLong())<SUB>4</SUB>>", "43": "<(nextLong,nextLong())<SUB>4</SUB>>", "45": "<(LOCAL,long lo: long)<SUB>5</SUB>>", "47": "<(&lt;operator&gt;.assignment,long lo = 1)<SUB>5</SUB>>", "49": "<(LITERAL,1,long lo = 1)<SUB>5</SUB>>", "51": "<(IDENTIFIER,hi,long hi = n + 1)<SUB>5</SUB>>", "53": "<(IDENTIFIER,n,n + 1)<SUB>5</SUB>>", "55": "<(CONTROL_STRUCTURE,for (int bs = 0; Some(bs &lt; 100); bs++),for (int bs = 0; Some(bs &lt; 100); bs++))<SUB>6</SUB>>", "57": "<(&lt;operator&gt;.assignment,int bs = 0)<SUB>6</SUB>>", "59": "<(LITERAL,0,int bs = 0)<SUB>6</SUB>>", "61": "<(IDENTIFIER,bs,bs &lt; 100)<SUB>6</SUB>>", "63": "<(&lt;operator&gt;.postIncrement,bs++)<SUB>6</SUB>>", "65": "<(BLOCK,&lt;empty&gt;,&lt;empty&gt;)<SUB>6</SUB>>", "67": "<(&lt;operator&gt;.assignment,long mid = (lo + hi) &gt;&gt; 1)<SUB>7</SUB>>", "69": "<(&lt;operator&gt;.logicalShiftRight,(lo + hi) &gt;&gt; 1)<SUB>7</SUB>>", "71": "<(IDENTIFIER,lo,lo + hi)<SUB>7</SUB>>", "73": "<(LITERAL,1,(lo + hi) &gt;&gt; 1)<SUB>7</SUB>>", "75": "<(&lt;operator&gt;.assignment,long mid2 = mid)<SUB>8</SUB>>", "77": "<(IDENTIFIER,mid,long mid2 = mid)<SUB>8</SUB>>", "79": "<(&lt;operator&gt;.assignment,long c = 0)<SUB>9</SUB>>", "81": "<(LITERAL,0,long c = 0)<SUB>9</SUB>>", "83": "<(&lt;operator&gt;.greaterThan,mid &gt; 0)<SUB>10</SUB>>", "85": "<(LITERAL,0,mid &gt; 0)<SUB>10</SUB>>", "87": "<(&lt;operator&gt;.assignmentPlus,c += mid % 10)<SUB>11</SUB>>", "89": "<(&lt;operator&gt;.modulo,mid % 10)<SUB>11</SUB>>", "91": "<(LITERAL,10,mid % 10)<SUB>11</SUB>>", "93": "<(IDENTIFIER,mid,mid /= 10)<SUB>12</SUB>>", "95": "<(CONTROL_STRUCTURE,if (mid2 - c &lt; s),if (mid2 - c &lt; s))<SUB>14</SUB>>", "97": "<(&lt;operator&gt;.subtraction,mid2 - c)<SUB>14</SUB>>", "99": "<(IDENTIFIER,c,mid2 - c)<SUB>14</SUB>>", "101": "<(&lt;operator&gt;.assignment,lo = mid2)<SUB>14</SUB>>", "103": "<(IDENTIFIER,mid2,lo = mid2)<SUB>14</SUB>>", "105": "<(&lt;operator&gt;.assignment,hi = mid2)<SUB>15</SUB>>", "107": "<(IDENTIFIER,mid2,hi = mid2)<SUB>15</SUB>>", "109": "<(IDENTIFIER,out,println(n - lo))<SUB>17</SUB>>", "111": "<(IDENTIFIER,n,n - lo)<SUB>17</SUB>>", "113": "<(close,close())<SUB>18</SUB>>", "115": "<(MODIFIER,PUBLIC)>", "117": "<(METHOD_RETURN,void)<SUB>1</SUB>>"}}