{"edges": [["19", "21"], ["19", "111"], ["19", "112"], ["19", "113"], ["21", "4"], ["21", "22"], ["21", "25"], ["21", "36"], ["21", "37"], ["21", "38"], ["21", "39"], ["21", "45"], ["21", "52"], ["21", "59"], ["21", "60"], ["21", "63"], ["21", "64"], ["21", "67"], ["21", "96"], ["22", "23"], ["22", "24"], ["25", "3"], ["25", "26"], ["26", "27"], ["26", "30"], ["26", "35"], ["27", "28"], ["27", "29"], ["30", "31"], ["30", "32"], ["32", "33"], ["32", "34"], ["39", "40"], ["39", "41"], ["41", "42"], ["41", "44"], ["42", "43"], ["45", "46"], ["45", "47"], ["47", "48"], ["47", "49"], ["49", "50"], ["49", "51"], ["52", "53"], ["52", "54"], ["54", "55"], ["54", "56"], ["56", "57"], ["56", "58"], ["60", "61"], ["60", "62"], ["64", "65"], ["64", "66"], ["67", "68"], ["67", "71"], ["68", "69"], ["68", "70"], ["71", "72"], ["71", "73"], ["71", "80"], ["73", "74"], ["73", "75"], ["75", "76"], ["75", "79"], ["76", "77"], ["76", "78"], ["80", "81"], ["80", "85"], ["80", "89"], ["81", "82"], ["81", "83"], ["81", "84"], ["85", "86"], ["86", "87"], ["86", "88"], ["89", "90"], ["90", "91"], ["91", "92"], ["91", "93"], ["93", "94"], ["93", "95"], ["96", "97"], ["96", "100"], ["97", "98"], ["97", "99"], ["100", "101"], ["100", "105"], ["100", "110"], ["101", "102"], ["101", "103"], ["101", "104"], ["105", "106"], ["105", "109"], ["106", "107"], ["106", "108"], ["22", "29"], ["25", "42"], ["39", "49"], ["45", "56"], ["52", "60"], ["60", "64"], ["64", "68"], ["96", "113"], ["24", "22"], ["41", "39"], ["47", "45"], ["54", "52"], ["68", "76"], ["68", "99"], ["97", "101"], ["100", "96"], ["27", "34"], ["30", "25"], ["42", "41"], ["49", "47"], ["56", "54"], ["73", "81"], ["99", "97"], ["101", "106"], ["101", "100"], ["105", "100"], ["29", "27"], ["32", "30"], ["75", "73"], ["81", "86"], ["81", "93"], ["106", "105"], ["34", "32"], ["76", "75"], ["86", "68"], ["91", "68"], ["93", "91"], ["19", "24"], ["20", "113"], ["22", "113"], ["27", "113"], ["30", "113"], ["30", "113"], ["30", "113"], ["25", "113"], ["39", "113"], ["42", "113"], ["41", "113"], ["39", "113"], ["39", "113"], ["47", "113"], ["45", "113"], ["45", "113"], ["54", "113"], ["54", "113"], ["52", "113"], ["52", "113"], ["60", "113"], ["64", "113"], ["64", "113"], ["68", "113"], ["68", "113"], ["96", "113"], ["101", "113"], ["101", "113"], ["101", "113"], ["100", "113"], ["106", "113"], ["106", "113"], ["105", "113"], ["100", "113"], ["96", "113"], ["96", "113"], ["75", "113"], ["73", "113"], ["73", "113"], ["81", "113"], ["93", "113"], ["91", "113"], ["91", "113"], ["86", "113"], ["86", "113"], ["19", "20"], ["19", "22"], ["41", "39"], ["41", "39"], ["47", "45"], ["47", "45"], ["54", "52"], ["54", "52"], ["19", "60"], ["45", "64"], ["19", "64"], ["22", "25"], ["19", "25"], ["27", "25"], ["30", "25"], ["106", "96"], ["106", "96"], ["19", "96"], ["19", "27"], ["19", "35"], ["42", "41"], ["19", "41"], ["19", "47"], ["39", "47"], ["47", "54"], ["19", "54"], ["39", "54"], ["60", "68"], ["91", "68"], ["19", "68"], ["64", "68"], ["86", "68"], ["75", "73"], ["75", "73"], ["106", "100"], ["106", "100"], ["19", "100"], ["27", "30"], ["19", "30"], ["25", "42"], ["19", "42"], ["81", "101"], ["19", "101"], ["68", "101"], ["52", "101"], ["81", "101"], ["106", "105"], ["106", "105"], ["19", "105"], ["68", "75"], ["19", "75"], ["68", "75"], ["19", "81"], ["73", "81"], ["52", "81"], ["81", "86"], ["19", "86"], ["19", "106"], ["45", "106"], ["101", "106"], ["68", "76"], ["19", "76"], ["68", "76"], ["81", "91"], ["19", "91"], ["81", "93"], ["19", "93"], ["68", "68"], ["68", "73"], ["68", "75"], ["68", "81"], ["68", "76"], ["101", "105"], ["101", "106"], ["81", "91"], ["81", "93"], ["81", "86"]], "features": {"19": "<(METHOD,main)<SUB>1</SUB>>", "21": "<(BLOCK,&lt;empty&gt;,&lt;empty&gt;)<SUB>1</SUB>>", "22": "<(&lt;operator&gt;.assignment,ANY br = new BufferedReader(new InputStreamReader(System.in)))<SUB>3</SUB>>", "24": "<(&lt;operator&gt;.alloc,new BufferedReader(new InputStreamReader(System.in)))<SUB>3</SUB>>", "3": "<(IDENTIFIER,br,new BufferedReader(new InputStreamReader(System.in)))<SUB>3</SUB>>", "27": "<(&lt;operator&gt;.assignment,&lt;empty&gt;)>", "29": "<(&lt;operator&gt;.alloc,new InputStreamReader(System.in))<SUB>3</SUB>>", "31": "<(IDENTIFIER,$obj0,new InputStreamReader(System.in))>", "33": "<(IDENTIFIER,System,new InputStreamReader(System.in))<SUB>3</SUB>>", "35": "<(IDENTIFIER,$obj0,&lt;empty&gt;)>", "37": "<(LOCAL,long s: long)<SUB>5</SUB>>", "39": "<(&lt;operator&gt;.assignment,String[] arr = split(&quot; &quot;))<SUB>7</SUB>>", "41": "<(split,split(&quot; &quot;))<SUB>7</SUB>>", "43": "<(IDENTIFIER,br,readLine())<SUB>7</SUB>>", "45": "<(&lt;operator&gt;.assignment,n = Long.parseLong(arr[0]))<SUB>9</SUB>>", "47": "<(parseLong,Long.parseLong(arr[0]))<SUB>9</SUB>>", "49": "<(&lt;operator&gt;.indexAccess,arr[0])<SUB>9</SUB>>", "51": "<(LITERAL,0,Long.parseLong(arr[0]))<SUB>9</SUB>>", "53": "<(IDENTIFIER,s,s = Long.parseLong(arr[1]))<SUB>10</SUB>>", "55": "<(IDENTIFIER,Long,Long.parseLong(arr[1]))<SUB>10</SUB>>", "57": "<(IDENTIFIER,arr,Long.parseLong(arr[1]))<SUB>10</SUB>>", "59": "<(LOCAL,long l: long)<SUB>12</SUB>>", "61": "<(IDENTIFIER,l,long l = 1)<SUB>12</SUB>>", "63": "<(LOCAL,long h: long)<SUB>13</SUB>>", "65": "<(IDENTIFIER,h,long h = n)<SUB>13</SUB>>", "67": "<(CONTROL_STRUCTURE,while (l &lt; h),while (l &lt; h))<SUB>15</SUB>>", "69": "<(IDENTIFIER,l,l &lt; h)<SUB>15</SUB>>", "71": "<(BLOCK,&lt;empty&gt;,&lt;empty&gt;)<SUB>15</SUB>>", "73": "<(&lt;operator&gt;.assignment,long mid = (l + h) / 2)<SUB>16</SUB>>", "75": "<(&lt;operator&gt;.division,(l + h) / 2)<SUB>16</SUB>>", "77": "<(IDENTIFIER,l,l + h)<SUB>16</SUB>>", "79": "<(LITERAL,2,(l + h) / 2)<SUB>16</SUB>>", "81": "<(greater,greater(mid, s))<SUB>17</SUB>>", "83": "<(IDENTIFIER,mid,greater(mid, s))<SUB>17</SUB>>", "85": "<(BLOCK,&lt;empty&gt;,&lt;empty&gt;)<SUB>17</SUB>>", "87": "<(IDENTIFIER,h,h = mid)<SUB>18</SUB>>", "89": "<(CONTROL_STRUCTURE,else,else)<SUB>19</SUB>>", "91": "<(&lt;operator&gt;.assignment,l = mid + 1)<SUB>20</SUB>>", "93": "<(&lt;operator&gt;.addition,mid + 1)<SUB>20</SUB>>", "95": "<(LITERAL,1,mid + 1)<SUB>20</SUB>>", "97": "<(&lt;operator&gt;.fieldAccess,System.out)<SUB>24</SUB>>", "99": "<(FIELD_IDENTIFIER,out,out)<SUB>24</SUB>>", "101": "<(greater,greater(h, s))<SUB>24</SUB>>", "103": "<(IDENTIFIER,h,greater(h, s))<SUB>24</SUB>>", "105": "<(&lt;operator&gt;.addition,n - h + 1)<SUB>24</SUB>>", "107": "<(IDENTIFIER,n,n - h)<SUB>24</SUB>>", "109": "<(LITERAL,1,n - h + 1)<SUB>24</SUB>>", "111": "<(MODIFIER,PUBLIC)>", "113": "<(METHOD_RETURN,void)<SUB>1</SUB>>"}}