{"edges": [["21", "22"], ["21", "23"], ["21", "88"], ["21", "89"], ["21", "90"], ["23", "4"], ["23", "24"], ["23", "27"], ["23", "6"], ["23", "31"], ["23", "34"], ["23", "38"], ["23", "39"], ["23", "40"], ["23", "44"], ["23", "48"], ["23", "52"], ["23", "53"], ["23", "56"], ["23", "83"], ["23", "86"], ["24", "25"], ["24", "26"], ["27", "3"], ["27", "28"], ["28", "29"], ["28", "30"], ["31", "32"], ["31", "33"], ["34", "5"], ["34", "35"], ["35", "36"], ["35", "37"], ["40", "41"], ["40", "42"], ["42", "43"], ["44", "45"], ["44", "46"], ["46", "47"], ["48", "49"], ["48", "50"], ["48", "51"], ["53", "54"], ["53", "55"], ["56", "57"], ["56", "58"], ["56", "61"], ["56", "64"], ["56", "66"], ["58", "59"], ["58", "60"], ["61", "62"], ["61", "63"], ["64", "65"], ["66", "67"], ["66", "73"], ["66", "76"], ["67", "68"], ["67", "69"], ["67", "70"], ["70", "71"], ["70", "72"], ["73", "74"], ["73", "75"], ["76", "77"], ["76", "78"], ["78", "79"], ["78", "80"], ["78", "81"], ["78", "82"], ["83", "84"], ["83", "85"], ["86", "87"], ["24", "30"], ["27", "33"], ["31", "37"], ["34", "42"], ["40", "46"], ["44", "48"], ["48", "53"], ["53", "58"], ["83", "86"], ["86", "90"], ["26", "24"], ["28", "27"], ["33", "31"], ["35", "34"], ["42", "40"], ["46", "44"], ["58", "61"], ["61", "70"], ["61", "83"], ["64", "61"], ["30", "28"], ["37", "35"], ["67", "73"], ["73", "78"], ["76", "64"], ["70", "67"], ["78", "76"], ["21", "26"], ["22", "90"], ["24", "90"], ["27", "90"], ["27", "90"], ["31", "90"], ["34", "90"], ["34", "90"], ["40", "90"], ["44", "90"], ["46", "90"], ["44", "90"], ["44", "90"], ["48", "90"], ["48", "90"], ["48", "90"], ["53", "90"], ["58", "90"], ["61", "90"], ["61", "90"], ["83", "90"], ["83", "90"], ["86", "90"], ["86", "90"], ["70", "90"], ["67", "90"], ["67", "90"], ["73", "90"], ["78", "90"], ["76", "90"], ["76", "90"], ["64", "90"], ["67", "90"], ["48", "90"], ["21", "22"], ["21", "24"], ["21", "31"], ["42", "40"], ["46", "44"], ["21", "53"], ["24", "27"], ["21", "27"], ["31", "34"], ["21", "34"], ["21", "48"], ["40", "48"], ["21", "58"], ["34", "83"], ["21", "83"], ["53", "83"], ["76", "83"], ["83", "86"], ["21", "86"], ["27", "42"], ["21", "42"], ["42", "46"], ["21", "46"], ["58", "61"], ["64", "61"], ["21", "61"], ["78", "64"], ["21", "64"], ["78", "76"], ["78", "76"], ["78", "76"], ["78", "76"], ["48", "67"], ["78", "67"], ["21", "67"], ["44", "67"], ["61", "67"], ["67", "73"], ["21", "73"], ["61", "73"], ["53", "76"], ["21", "76"], ["44", "70"], ["21", "70"], ["61", "70"], ["73", "78"], ["21", "78"], ["73", "78"], ["61", "76"], ["61", "73"], ["61", "61"], ["61", "64"], ["61", "67"], ["61", "70"], ["61", "78"]], "features": {"21": "<(METHOD,main)<SUB>1</SUB>>", "23": "<(BLOCK,&lt;empty&gt;,&lt;empty&gt;)<SUB>1</SUB>>", "24": "<(&lt;operator&gt;.assignment,ANY sc = new Scanner(System.in))<SUB>3</SUB>>", "26": "<(&lt;operator&gt;.alloc,new Scanner(System.in))<SUB>3</SUB>>", "3": "<(IDENTIFIER,sc,new Scanner(System.in))<SUB>3</SUB>>", "29": "<(IDENTIFIER,System,new Scanner(System.in))<SUB>3</SUB>>", "6": "<(LOCAL,PrintWriter out: ANY)<SUB>4</SUB>>", "32": "<(IDENTIFIER,out,ANY out = new PrintWriter(System.out))<SUB>4</SUB>>", "34": "<(&lt;init&gt;,new PrintWriter(System.out))<SUB>4</SUB>>", "35": "<(&lt;operator&gt;.fieldAccess,System.out)<SUB>4</SUB>>", "37": "<(FIELD_IDENTIFIER,out,out)<SUB>4</SUB>>", "39": "<(LOCAL,long s: long)<SUB>6</SUB>>", "41": "<(IDENTIFIER,n,long n = nextLong())<SUB>6</SUB>>", "43": "<(IDENTIFIER,sc,nextLong())<SUB>6</SUB>>", "45": "<(IDENTIFIER,s,long s = nextLong())<SUB>6</SUB>>", "47": "<(IDENTIFIER,sc,nextLong())<SUB>6</SUB>>", "49": "<(IDENTIFIER,this,create(UPPER, n))<SUB>7</SUB>>", "51": "<(IDENTIFIER,n,create(UPPER, n))<SUB>7</SUB>>", "53": "<(&lt;operator&gt;.assignment,long ans = 0)<SUB>8</SUB>>", "55": "<(LITERAL,0,long ans = 0)<SUB>8</SUB>>", "57": "<(LOCAL,int sod: int)<SUB>9</SUB>>", "59": "<(IDENTIFIER,sod,int sod = 1)<SUB>9</SUB>>", "61": "<(&lt;operator&gt;.lessEqualsThan,sod &lt;= 162)<SUB>9</SUB>>", "63": "<(LITERAL,162,sod &lt;= 162)<SUB>9</SUB>>", "65": "<(IDENTIFIER,sod,++sod)<SUB>9</SUB>>", "67": "<(create,create(LOWER, s + sod))<SUB>11</SUB>>", "69": "<(IDENTIFIER,LOWER,create(LOWER, s + sod))<SUB>11</SUB>>", "71": "<(IDENTIFIER,s,s + sod)<SUB>11</SUB>>", "73": "<(prepMemo,prepMemo(sod))<SUB>12</SUB>>", "75": "<(IDENTIFIER,sod,prepMemo(sod))<SUB>12</SUB>>", "77": "<(IDENTIFIER,ans,ans += dp(63, 0, sod))<SUB>13</SUB>>", "79": "<(IDENTIFIER,this,dp(63, 0, sod))<SUB>13</SUB>>", "81": "<(LITERAL,0,dp(63, 0, sod))<SUB>13</SUB>>", "83": "<(println,println(ans))<SUB>17</SUB>>", "85": "<(IDENTIFIER,ans,println(ans))<SUB>17</SUB>>", "87": "<(IDENTIFIER,out,close())<SUB>18</SUB>>", "89": "<(MODIFIER,STATIC)>"}}