{"edges": [["20", "21"], ["20", "22"], ["20", "46"], ["20", "47"], ["20", "48"], ["22", "4"], ["22", "23"], ["22", "42"], ["22", "44"], ["23", "24"], ["23", "30"], ["23", "36"], ["24", "25"], ["25", "26"], ["25", "27"], ["27", "28"], ["27", "29"], ["30", "31"], ["30", "34"], ["31", "32"], ["31", "33"], ["34", "3"], ["34", "35"], ["36", "37"], ["37", "38"], ["37", "41"], ["38", "39"], ["38", "40"], ["41", "5"], ["42", "43"], ["44", "45"], ["42", "44"], ["44", "48"], ["24", "33"], ["24", "40"], ["25", "24"], ["31", "34"], ["34", "42"], ["27", "25"], ["33", "31"], ["38", "41"], ["41", "42"], ["40", "38"], ["20", "27"], ["21", "48"], ["25", "48"], ["24", "48"], ["24", "48"], ["38", "48"], ["41", "48"], ["31", "48"], ["34", "48"], ["42", "48"], ["44", "48"], ["44", "48"], ["27", "48"], ["20", "21"], ["41", "42"], ["34", "42"], ["20", "42"], ["42", "44"], ["20", "44"], ["25", "24"], ["25", "24"], ["20", "31"], ["20", "25"], ["27", "25"], ["27", "25"], ["31", "34"], ["20", "34"], ["20", "38"], ["20", "27"], ["38", "41"], ["20", "41"], ["24", "40"], ["24", "38"], ["24", "34"], ["24", "33"], ["24", "41"], ["24", "31"]], "features": {"20": "<(METHOD,main)<SUB>1</SUB>>", "22": "<(BLOCK,&lt;empty&gt;,&lt;empty&gt;)<SUB>1</SUB>>", "23": "<(CONTROL_STRUCTURE,if (!&quot;true&quot;.equals(System.getProperty(&quot;ONLINE_JUDGE&quot;))),if (!&quot;true&quot;.equals(System.getProperty(&quot;ONLINE_JUDGE&quot;))))<SUB>3</SUB>>", "25": "<(equals,this.equals(System.getProperty(&quot;ONLINE_JUDGE&quot;)))<SUB>3</SUB>>", "27": "<(getProperty,System.getProperty(&quot;ONLINE_JUDGE&quot;))<SUB>3</SUB>>", "29": "<(LITERAL,&quot;ONLINE_JUDGE&quot;,System.getProperty(&quot;ONLINE_JUDGE&quot;))<SUB>3</SUB>>", "31": "<(&lt;operator&gt;.assignment,solver = new Main(&quot;input.txt&quot;))<SUB>4</SUB>>", "33": "<(&lt;operator&gt;.alloc,new Main(&quot;input.txt&quot;))<SUB>4</SUB>>", "3": "<(IDENTIFIER,solver,new Main(&quot;input.txt&quot;))<SUB>4</SUB>>", "36": "<(CONTROL_STRUCTURE,else,else)<SUB>5</SUB>>", "38": "<(&lt;operator&gt;.assignment,solver = new Main())<SUB>6</SUB>>", "40": "<(&lt;operator&gt;.alloc,new Main())<SUB>6</SUB>>", "5": "<(IDENTIFIER,solver,new Main())<SUB>6</SUB>>", "43": "<(IDENTIFIER,solver,solve())<SUB>8</SUB>>", "45": "<(IDENTIFIER,solver,close())<SUB>9</SUB>>", "47": "<(MODIFIER,STATIC)>"}}