{"edges": [["17", "19"], ["17", "121"], ["17", "122"], ["17", "123"], ["19", "20"], ["19", "23"], ["19", "35"], ["19", "38"], ["19", "57"], ["19", "58"], ["19", "62"], ["19", "63"], ["19", "67"], ["19", "68"], ["19", "71"], ["19", "86"], ["19", "114"], ["19", "119"], ["20", "21"], ["20", "22"], ["23", "24"], ["23", "25"], ["25", "26"], ["25", "29"], ["25", "34"], ["26", "27"], ["26", "28"], ["29", "30"], ["29", "31"], ["31", "32"], ["31", "33"], ["35", "36"], ["35", "37"], ["38", "39"], ["38", "40"], ["40", "41"], ["40", "44"], ["40", "56"], ["41", "42"], ["41", "43"], ["44", "45"], ["44", "46"], ["46", "47"], ["46", "50"], ["46", "55"], ["47", "48"], ["47", "49"], ["50", "51"], ["50", "52"], ["52", "53"], ["52", "54"], ["58", "59"], ["58", "60"], ["60", "61"], ["63", "64"], ["63", "65"], ["65", "66"], ["68", "69"], ["68", "70"], ["71", "72"], ["71", "77"], ["72", "73"], ["72", "76"], ["73", "74"], ["73", "75"], ["77", "78"], ["77", "79"], ["79", "80"], ["79", "85"], ["80", "81"], ["80", "82"], ["82", "83"], ["82", "84"], ["86", "87"], ["86", "88"], ["86", "91"], ["86", "96"], ["86", "98"], ["88", "89"], ["88", "90"], ["91", "92"], ["91", "93"], ["93", "94"], ["93", "95"], ["96", "97"], ["98", "99"], ["99", "100"], ["99", "111"], ["100", "101"], ["100", "104"], ["101", "102"], ["101", "103"], ["104", "105"], ["104", "110"], ["105", "106"], ["105", "107"], ["107", "108"], ["107", "109"], ["111", "112"], ["112", "113"], ["114", "115"], ["114", "118"], ["115", "116"], ["115", "117"], ["119", "120"], ["20", "28"], ["23", "37"], ["35", "43"], ["38", "60"], ["58", "65"], ["63", "68"], ["68", "73"], ["114", "119"], ["119", "123"], ["22", "20"], ["37", "35"], ["60", "58"], ["65", "63"], ["72", "82"], ["72", "88"], ["77", "88"], ["88", "93"], ["91", "101"], ["91", "117"], ["96", "93"], ["115", "114"], ["26", "33"], ["29", "23"], ["41", "49"], ["44", "38"], ["73", "72"], ["79", "77"], ["93", "91"], ["117", "115"], ["28", "26"], ["31", "29"], ["43", "41"], ["80", "79"], ["100", "112"], ["100", "96"], ["33", "31"], ["47", "54"], ["50", "44"], ["82", "80"], ["101", "100"], ["101", "107"], ["104", "100"], ["112", "96"], ["49", "47"], ["52", "50"], ["105", "104"], ["54", "52"], ["107", "105"], ["17", "22"], ["18", "123"], ["20", "123"], ["23", "123"], ["29", "123"], ["29", "123"], ["29", "123"], ["23", "123"], ["35", "123"], ["44", "123"], ["47", "123"], ["50", "123"], ["50", "123"], ["44", "123"], ["38", "123"], ["58", "123"], ["65", "123"], ["63", "123"], ["63", "123"], ["68", "123"], ["72", "123"], ["72", "123"], ["80", "123"], ["79", "123"], ["77", "123"], ["77", "123"], ["88", "123"], ["91", "123"], ["93", "123"], ["91", "123"], ["91", "123"], ["114", "123"], ["114", "123"], ["114", "123"], ["119", "123"], ["119", "123"], ["101", "123"], ["100", "123"], ["107", "123"], ["105", "123"], ["104", "123"], ["100", "123"], ["100", "123"], ["112", "123"], ["96", "123"], ["17", "18"], ["17", "20"], ["17", "35"], ["60", "58"], ["65", "63"], ["17", "68"], ["20", "23"], ["17", "23"], ["26", "23"], ["29", "23"], ["35", "38"], ["17", "38"], ["47", "38"], ["44", "38"], ["80", "77"], ["80", "77"], ["17", "77"], ["17", "88"], ["63", "88"], ["50", "114"], ["68", "114"], ["77", "114"], ["112", "114"], ["17", "114"], ["38", "119"], ["17", "119"], ["17", "26"], ["17", "34"], ["17", "41"], ["17", "56"], ["17", "60"], ["60", "65"], ["17", "65"], ["63", "72"], ["17", "72"], ["58", "72"], ["68", "77"], ["88", "91"], ["96", "91"], ["17", "91"], ["104", "91"], ["63", "91"], ["101", "96"], ["105", "96"], ["17", "96"], ["26", "29"], ["17", "29"], ["41", "44"], ["17", "44"], ["47", "44"], ["50", "44"], ["63", "73"], ["17", "73"], ["80", "79"], ["80", "79"], ["17", "79"], ["104", "93"], ["17", "93"], ["63", "93"], ["17", "47"], ["17", "55"], ["72", "80"], ["17", "80"], ["63", "80"], ["101", "100"], ["101", "100"], ["104", "100"], ["104", "100"], ["47", "50"], ["17", "50"], ["17", "82"], ["63", "82"], ["91", "101"], ["17", "101"], ["72", "101"], ["80", "101"], ["105", "104"], ["105", "104"], ["17", "104"], ["63", "104"], ["68", "112"], ["77", "112"], ["17", "112"], ["107", "105"], ["17", "105"], ["107", "105"], ["65", "107"], ["17", "107"], ["101", "107"], ["72", "80"], ["72", "77"], ["72", "82"], ["72", "79"], ["91", "96"], ["91", "100"], ["91", "91"], ["91", "93"], ["91", "101"], ["100", "112"], ["101", "107"], ["101", "105"], ["101", "104"]], "features": {"17": "<(METHOD,main)<SUB>1</SUB>>", "19": "<(BLOCK,&lt;empty&gt;,&lt;empty&gt;)<SUB>1</SUB>>", "21": "<(IDENTIFIER,br,br = new BufferedReader(new InputStreamReader(System.in)))<SUB>2</SUB>>", "23": "<(&lt;init&gt;,new BufferedReader(new InputStreamReader(System.in)))<SUB>2</SUB>>", "25": "<(BLOCK,&lt;empty&gt;,&lt;empty&gt;)<SUB>2</SUB>>", "27": "<(IDENTIFIER,$obj0,&lt;empty&gt;)>", "29": "<(&lt;init&gt;,new InputStreamReader(System.in))<SUB>2</SUB>>", "31": "<(&lt;operator&gt;.fieldAccess,System.in)<SUB>2</SUB>>", "33": "<(FIELD_IDENTIFIER,in,in)<SUB>2</SUB>>", "35": "<(&lt;operator&gt;.assignment,pw = new PrintWriter(new BufferedWriter(new OutputStreamWriter(System.out))))<SUB>3</SUB>>", "37": "<(&lt;operator&gt;.alloc,new PrintWriter(new BufferedWriter(new OutputStreamWriter(System.out))))<SUB>3</SUB>>", "39": "<(IDENTIFIER,pw,new PrintWriter(new BufferedWriter(new OutputStreamWriter(System.out))))<SUB>3</SUB>>", "41": "<(&lt;operator&gt;.assignment,&lt;empty&gt;)>", "43": "<(&lt;operator&gt;.alloc,new BufferedWriter(new OutputStreamWriter(System.out)))<SUB>3</SUB>>", "45": "<(IDENTIFIER,$obj3,new BufferedWriter(new OutputStreamWriter(System.out)))>", "47": "<(&lt;operator&gt;.assignment,&lt;empty&gt;)>", "49": "<(&lt;operator&gt;.alloc,new OutputStreamWriter(System.out))<SUB>3</SUB>>", "51": "<(IDENTIFIER,$obj2,new OutputStreamWriter(System.out))>", "53": "<(IDENTIFIER,System,new OutputStreamWriter(System.out))<SUB>3</SUB>>", "55": "<(IDENTIFIER,$obj2,&lt;empty&gt;)>", "57": "<(LOCAL,long n: long)<SUB>4</SUB>>", "59": "<(IDENTIFIER,n,long n = nextLong())<SUB>4</SUB>>", "61": "<(IDENTIFIER,this,nextLong())<SUB>4</SUB>>", "63": "<(&lt;operator&gt;.assignment,long s = nextLong())<SUB>5</SUB>>", "65": "<(nextLong,nextLong())<SUB>5</SUB>>", "67": "<(LOCAL,long ans: long)<SUB>6</SUB>>", "69": "<(IDENTIFIER,ans,long ans = 0)<SUB>6</SUB>>", "71": "<(CONTROL_STRUCTURE,if (s + 200 &lt;= n),if (s + 200 &lt;= n))<SUB>7</SUB>>", "73": "<(&lt;operator&gt;.addition,s + 200)<SUB>7</SUB>>", "75": "<(LITERAL,200,s + 200)<SUB>7</SUB>>", "77": "<(&lt;operator&gt;.assignmentPlus,ans += n - (s + 200) + 1)<SUB>8</SUB>>", "79": "<(&lt;operator&gt;.addition,n - (s + 200) + 1)<SUB>8</SUB>>", "81": "<(IDENTIFIER,n,n - (s + 200))<SUB>8</SUB>>", "83": "<(IDENTIFIER,s,s + 200)<SUB>8</SUB>>", "85": "<(LITERAL,1,n - (s + 200) + 1)<SUB>8</SUB>>", "87": "<(LOCAL,long i: long)<SUB>9</SUB>>", "89": "<(IDENTIFIER,i,long i = s)<SUB>9</SUB>>", "91": "<(&lt;operator&gt;.lessThan,i &lt; s + 200)<SUB>9</SUB>>", "93": "<(&lt;operator&gt;.addition,s + 200)<SUB>9</SUB>>", "95": "<(LITERAL,200,s + 200)<SUB>9</SUB>>", "97": "<(IDENTIFIER,i,i++)<SUB>9</SUB>>", "99": "<(CONTROL_STRUCTURE,if (i &lt;= n &amp;&amp; i - sumDigits(i) &gt;= s),if (i &lt;= n &amp;&amp; i - sumDigits(i) &gt;= s))<SUB>10</SUB>>", "101": "<(&lt;operator&gt;.lessEqualsThan,i &lt;= n)<SUB>10</SUB>>", "103": "<(IDENTIFIER,n,i &lt;= n)<SUB>10</SUB>>", "105": "<(&lt;operator&gt;.subtraction,i - sumDigits(i))<SUB>10</SUB>>", "107": "<(sumDigits,sumDigits(i))<SUB>10</SUB>>", "109": "<(IDENTIFIER,i,sumDigits(i))<SUB>10</SUB>>", "111": "<(BLOCK,&lt;empty&gt;,&lt;empty&gt;)<SUB>10</SUB>>", "113": "<(IDENTIFIER,ans,ans++)<SUB>11</SUB>>", "115": "<(&lt;operator&gt;.fieldAccess,System.out)<SUB>14</SUB>>", "117": "<(FIELD_IDENTIFIER,out,out)<SUB>14</SUB>>", "119": "<(close,close())<SUB>15</SUB>>", "121": "<(MODIFIER,PUBLIC)>", "123": "<(METHOD_RETURN,void)<SUB>1</SUB>>"}}