{"edges": [["23", "24"], ["23", "25"], ["23", "58"], ["23", "59"], ["23", "60"], ["25", "26"], ["25", "27"], ["25", "32"], ["25", "33"], ["25", "4"], ["25", "38"], ["25", "41"], ["25", "6"], ["25", "43"], ["25", "46"], ["25", "8"], ["25", "48"], ["25", "51"], ["25", "52"], ["25", "56"], ["27", "28"], ["27", "29"], ["29", "30"], ["29", "31"], ["33", "34"], ["33", "35"], ["35", "36"], ["35", "37"], ["38", "39"], ["38", "40"], ["41", "3"], ["41", "42"], ["43", "44"], ["43", "45"], ["46", "5"], ["46", "47"], ["48", "49"], ["48", "50"], ["51", "7"], ["52", "53"], ["52", "54"], ["52", "55"], ["56", "57"], ["27", "37"], ["33", "40"], ["38", "41"], ["41", "45"], ["43", "46"], ["46", "50"], ["48", "51"], ["51", "52"], ["52", "56"], ["56", "60"], ["29", "27"], ["35", "33"], ["40", "38"], ["45", "43"], ["50", "48"], ["31", "29"], ["37", "35"], ["23", "31"], ["24", "60"], ["27", "60"], ["27", "60"], ["33", "60"], ["33", "60"], ["38", "60"], ["41", "60"], ["41", "60"], ["43", "60"], ["46", "60"], ["46", "60"], ["48", "60"], ["51", "60"], ["52", "60"], ["52", "60"], ["52", "60"], ["56", "60"], ["56", "60"], ["23", "24"], ["23", "38"], ["23", "43"], ["23", "48"], ["38", "41"], ["23", "41"], ["27", "41"], ["43", "46"], ["23", "46"], ["33", "46"], ["48", "51"], ["23", "51"], ["51", "52"], ["23", "52"], ["41", "52"], ["46", "52"], ["52", "56"], ["23", "56"]], "features": {"23": "<(METHOD,main)<SUB>1</SUB>>", "25": "<(BLOCK,&lt;empty&gt;,&lt;empty&gt;)<SUB>1</SUB>>", "27": "<(&lt;operator&gt;.assignment,ANY inputStream = System.in)<SUB>2</SUB>>", "29": "<(&lt;operator&gt;.fieldAccess,System.in)<SUB>2</SUB>>", "31": "<(FIELD_IDENTIFIER,in,in)<SUB>2</SUB>>", "33": "<(&lt;operator&gt;.assignment,ANY outputStream = System.out)<SUB>4</SUB>>", "35": "<(&lt;operator&gt;.fieldAccess,System.out)<SUB>4</SUB>>", "37": "<(FIELD_IDENTIFIER,out,out)<SUB>4</SUB>>", "38": "<(&lt;operator&gt;.assignment,ANY in = new InputReader(inputStream))<SUB>6</SUB>>", "40": "<(&lt;operator&gt;.alloc,new InputReader(inputStream))<SUB>6</SUB>>", "3": "<(IDENTIFIER,in,new InputReader(inputStream))<SUB>6</SUB>>", "6": "<(LOCAL,PrintWriter out: ANY)<SUB>7</SUB>>", "44": "<(IDENTIFIER,out,ANY out = new PrintWriter(outputStream))<SUB>7</SUB>>", "46": "<(&lt;init&gt;,new PrintWriter(outputStream))<SUB>7</SUB>>", "47": "<(IDENTIFIER,outputStream,new PrintWriter(outputStream))<SUB>7</SUB>>", "48": "<(&lt;operator&gt;.assignment,ANY solver = new Answer())<SUB>8</SUB>>", "50": "<(&lt;operator&gt;.alloc,new Answer())<SUB>8</SUB>>", "7": "<(IDENTIFIER,solver,new Answer())<SUB>8</SUB>>", "53": "<(IDENTIFIER,solver,solve(in, out))<SUB>9</SUB>>", "55": "<(IDENTIFIER,out,solve(in, out))<SUB>9</SUB>>", "57": "<(IDENTIFIER,out,close())<SUB>10</SUB>>", "59": "<(MODIFIER,STATIC)>"}}