{"edges": [["17", "19"], ["17", "91"], ["17", "92"], ["17", "93"], ["19", "20"], ["19", "25"], ["19", "26"], ["19", "30"], ["19", "34"], ["19", "35"], ["19", "36"], ["19", "37"], ["19", "40"], ["19", "43"], ["19", "70"], ["20", "21"], ["20", "22"], ["22", "23"], ["22", "24"], ["26", "27"], ["26", "28"], ["28", "29"], ["30", "31"], ["30", "32"], ["32", "33"], ["37", "38"], ["37", "39"], ["40", "41"], ["40", "42"], ["43", "44"], ["43", "47"], ["44", "45"], ["44", "46"], ["47", "48"], ["47", "55"], ["48", "49"], ["48", "50"], ["50", "51"], ["50", "54"], ["51", "52"], ["51", "53"], ["55", "56"], ["55", "61"], ["55", "64"], ["56", "57"], ["56", "60"], ["57", "58"], ["57", "59"], ["61", "62"], ["61", "63"], ["64", "65"], ["65", "66"], ["65", "67"], ["67", "68"], ["67", "69"], ["70", "71"], ["70", "76"], ["70", "85"], ["71", "72"], ["71", "75"], ["72", "73"], ["72", "74"], ["76", "77"], ["76", "80"], ["77", "78"], ["77", "79"], ["80", "81"], ["80", "84"], ["81", "82"], ["81", "83"], ["85", "86"], ["86", "87"], ["86", "90"], ["87", "88"], ["87", "89"], ["20", "28"], ["26", "32"], ["30", "37"], ["37", "40"], ["40", "44"], ["22", "20"], ["28", "26"], ["32", "30"], ["44", "51"], ["44", "72"], ["71", "79"], ["71", "89"], ["76", "93"], ["24", "22"], ["48", "57"], ["72", "71"], ["77", "81"], ["80", "76"], ["86", "93"], ["50", "48"], ["56", "61"], ["56", "67"], ["61", "44"], ["79", "77"], ["81", "80"], ["87", "86"], ["51", "50"], ["57", "56"], ["65", "44"], ["89", "87"], ["67", "65"], ["17", "24"], ["18", "93"], ["20", "93"], ["20", "93"], ["26", "93"], ["32", "93"], ["30", "93"], ["30", "93"], ["37", "93"], ["40", "93"], ["44", "93"], ["44", "93"], ["72", "93"], ["71", "93"], ["71", "93"], ["71", "93"], ["76", "93"], ["81", "93"], ["81", "93"], ["80", "93"], ["76", "93"], ["76", "93"], ["50", "93"], ["48", "93"], ["48", "93"], ["56", "93"], ["56", "93"], ["67", "93"], ["65", "93"], ["65", "93"], ["61", "93"], ["61", "93"], ["17", "18"], ["28", "26"], ["32", "30"], ["17", "37"], ["26", "40"], ["17", "40"], ["17", "20"], ["20", "28"], ["17", "28"], ["28", "32"], ["17", "32"], ["37", "44"], ["65", "44"], ["17", "44"], ["40", "44"], ["61", "44"], ["50", "48"], ["50", "48"], ["72", "71"], ["72", "71"], ["30", "71"], ["56", "71"], ["17", "71"], ["81", "76"], ["81", "76"], ["17", "76"], ["57", "61"], ["17", "61"], ["57", "72"], ["17", "72"], ["44", "72"], ["81", "80"], ["81", "80"], ["17", "80"], ["17", "86"], ["44", "50"], ["17", "50"], ["44", "50"], ["57", "56"], ["57", "56"], ["30", "56"], ["17", "56"], ["57", "65"], ["17", "65"], ["17", "81"], ["26", "81"], ["72", "81"], ["44", "51"], ["17", "51"], ["44", "51"], ["17", "57"], ["48", "57"], ["57", "67"], ["17", "67"], ["44", "48"], ["44", "51"], ["44", "57"], ["44", "56"], ["44", "50"], ["44", "44"], ["71", "80"], ["71", "77"], ["71", "89"], ["71", "81"], ["71", "76"], ["71", "87"], ["71", "79"], ["71", "86"], ["56", "61"], ["56", "67"], ["56", "65"]], "features": {"17": "<(METHOD,main)<SUB>1</SUB>>", "19": "<(BLOCK,&lt;empty&gt;,&lt;empty&gt;)<SUB>1</SUB>>", "21": "<(IDENTIFIER,Reader,init(System.in))<SUB>2</SUB>>", "23": "<(IDENTIFIER,System,init(System.in))<SUB>2</SUB>>", "25": "<(LOCAL,long n: long)<SUB>3</SUB>>", "27": "<(IDENTIFIER,n,long n = nextLong())<SUB>3</SUB>>", "29": "<(IDENTIFIER,Reader,nextLong())<SUB>3</SUB>>", "31": "<(IDENTIFIER,s,s = nextLong())<SUB>4</SUB>>", "33": "<(IDENTIFIER,Reader,nextLong())<SUB>4</SUB>>", "35": "<(LOCAL,long hi: long)<SUB>5</SUB>>", "37": "<(&lt;operator&gt;.assignment,long lo = 1)<SUB>5</SUB>>", "39": "<(LITERAL,1,long lo = 1)<SUB>5</SUB>>", "41": "<(IDENTIFIER,hi,long hi = n)<SUB>5</SUB>>", "43": "<(CONTROL_STRUCTURE,while (lo &lt; hi),while (lo &lt; hi))<SUB>6</SUB>>", "45": "<(IDENTIFIER,lo,lo &lt; hi)<SUB>6</SUB>>", "47": "<(BLOCK,&lt;empty&gt;,&lt;empty&gt;)<SUB>6</SUB>>", "49": "<(IDENTIFIER,mid,mid = (lo + hi) / 2)<SUB>7</SUB>>", "51": "<(&lt;operator&gt;.addition,lo + hi)<SUB>7</SUB>>", "53": "<(IDENTIFIER,hi,lo + hi)<SUB>7</SUB>>", "55": "<(CONTROL_STRUCTURE,if (diff(mid) &gt;= s),if (diff(mid) &gt;= s))<SUB>8</SUB>>", "57": "<(diff,diff(mid))<SUB>8</SUB>>", "59": "<(IDENTIFIER,mid,diff(mid))<SUB>8</SUB>>", "61": "<(&lt;operator&gt;.assignment,hi = mid)<SUB>9</SUB>>", "63": "<(IDENTIFIER,mid,hi = mid)<SUB>9</SUB>>", "65": "<(&lt;operator&gt;.assignment,lo = mid + 1)<SUB>11</SUB>>", "67": "<(&lt;operator&gt;.addition,mid + 1)<SUB>11</SUB>>", "69": "<(LITERAL,1,mid + 1)<SUB>11</SUB>>", "71": "<(&lt;operator&gt;.greaterEqualsThan,diff(lo) &gt;= s)<SUB>13</SUB>>", "73": "<(IDENTIFIER,this,diff(lo))<SUB>13</SUB>>", "75": "<(IDENTIFIER,s,diff(lo) &gt;= s)<SUB>13</SUB>>", "77": "<(&lt;operator&gt;.fieldAccess,System.out)<SUB>14</SUB>>", "79": "<(FIELD_IDENTIFIER,out,out)<SUB>14</SUB>>", "81": "<(&lt;operator&gt;.subtraction,n - lo)<SUB>14</SUB>>", "83": "<(IDENTIFIER,lo,n - lo)<SUB>14</SUB>>", "85": "<(CONTROL_STRUCTURE,else,else)<SUB>16</SUB>>", "87": "<(&lt;operator&gt;.fieldAccess,System.out)<SUB>16</SUB>>", "89": "<(FIELD_IDENTIFIER,out,out)<SUB>16</SUB>>", "91": "<(MODIFIER,PUBLIC)>", "93": "<(METHOD_RETURN,void)<SUB>1</SUB>>"}}