{"edges": [["19", "21"], ["19", "75"], ["19", "76"], ["19", "77"], ["21", "4"], ["21", "22"], ["21", "25"], ["21", "36"], ["21", "37"], ["21", "43"], ["21", "44"], ["21", "51"], ["21", "52"], ["21", "59"], ["21", "60"], ["21", "66"], ["21", "73"], ["22", "23"], ["22", "24"], ["25", "3"], ["25", "26"], ["26", "27"], ["26", "30"], ["26", "35"], ["27", "28"], ["27", "29"], ["30", "31"], ["30", "32"], ["32", "33"], ["32", "34"], ["37", "38"], ["37", "39"], ["39", "40"], ["39", "42"], ["40", "41"], ["44", "45"], ["44", "46"], ["46", "47"], ["46", "48"], ["48", "49"], ["48", "50"], ["52", "53"], ["52", "54"], ["54", "55"], ["54", "56"], ["56", "57"], ["56", "58"], ["60", "61"], ["60", "62"], ["62", "63"], ["62", "64"], ["62", "65"], ["66", "67"], ["66", "68"], ["68", "69"], ["68", "72"], ["69", "70"], ["69", "71"], ["73", "74"], ["22", "29"], ["25", "40"], ["37", "48"], ["44", "56"], ["52", "62"], ["60", "69"], ["66", "73"], ["73", "77"], ["24", "22"], ["39", "37"], ["46", "44"], ["54", "52"], ["62", "60"], ["68", "66"], ["27", "34"], ["30", "25"], ["40", "39"], ["48", "46"], ["56", "54"], ["69", "68"], ["29", "27"], ["32", "30"], ["34", "32"], ["19", "24"], ["20", "77"], ["22", "77"], ["27", "77"], ["30", "77"], ["30", "77"], ["30", "77"], ["25", "77"], ["37", "77"], ["40", "77"], ["39", "77"], ["37", "77"], ["37", "77"], ["46", "77"], ["44", "77"], ["44", "77"], ["54", "77"], ["54", "77"], ["52", "77"], ["52", "77"], ["62", "77"], ["60", "77"], ["60", "77"], ["69", "77"], ["69", "77"], ["68", "77"], ["66", "77"], ["66", "77"], ["73", "77"], ["73", "77"], ["62", "77"], ["19", "20"], ["19", "22"], ["39", "37"], ["39", "37"], ["46", "44"], ["46", "44"], ["54", "52"], ["54", "52"], ["62", "60"], ["62", "60"], ["62", "60"], ["22", "25"], ["19", "25"], ["27", "25"], ["30", "25"], ["19", "66"], ["69", "66"], ["69", "66"], ["66", "73"], ["19", "73"], ["19", "27"], ["19", "35"], ["40", "39"], ["19", "39"], ["19", "46"], ["37", "46"], ["46", "54"], ["19", "54"], ["37", "54"], ["19", "62"], ["44", "62"], ["52", "62"], ["69", "68"], ["69", "68"], ["19", "68"], ["27", "30"], ["19", "30"], ["25", "40"], ["19", "40"], ["62", "69"], ["19", "69"], ["60", "69"]], "features": {"19": "<(METHOD,main)<SUB>1</SUB>>", "21": "<(BLOCK,&lt;empty&gt;,&lt;empty&gt;)<SUB>1</SUB>>", "22": "<(&lt;operator&gt;.assignment,ANY in = new BufferedReader(new InputStreamReader(System.in)))<SUB>2</SUB>>", "24": "<(&lt;operator&gt;.alloc,new BufferedReader(new InputStreamReader(System.in)))<SUB>2</SUB>>", "3": "<(IDENTIFIER,in,new BufferedReader(new InputStreamReader(System.in)))<SUB>2</SUB>>", "27": "<(&lt;operator&gt;.assignment,&lt;empty&gt;)>", "29": "<(&lt;operator&gt;.alloc,new InputStreamReader(System.in))<SUB>2</SUB>>", "31": "<(IDENTIFIER,$obj0,new InputStreamReader(System.in))>", "33": "<(IDENTIFIER,System,new InputStreamReader(System.in))<SUB>2</SUB>>", "35": "<(IDENTIFIER,$obj0,&lt;empty&gt;)>", "37": "<(&lt;operator&gt;.assignment,String[] s = split(&quot; &quot;))<SUB>3</SUB>>", "39": "<(split,split(&quot; &quot;))<SUB>3</SUB>>", "41": "<(IDENTIFIER,in,readLine())<SUB>3</SUB>>", "43": "<(LOCAL,long n: long)<SUB>4</SUB>>", "45": "<(IDENTIFIER,n,long n = Long.parseLong(s[0]))<SUB>4</SUB>>", "47": "<(IDENTIFIER,Long,Long.parseLong(s[0]))<SUB>4</SUB>>", "49": "<(IDENTIFIER,s,Long.parseLong(s[0]))<SUB>4</SUB>>", "51": "<(LOCAL,long k: long)<SUB>5</SUB>>", "53": "<(IDENTIFIER,k,long k = Long.parseLong(s[1]))<SUB>5</SUB>>", "55": "<(IDENTIFIER,Long,Long.parseLong(s[1]))<SUB>5</SUB>>", "57": "<(IDENTIFIER,s,Long.parseLong(s[1]))<SUB>5</SUB>>", "59": "<(LOCAL,long x: long)<SUB>6</SUB>>", "61": "<(IDENTIFIER,x,long x = bs(n, k))<SUB>6</SUB>>", "63": "<(IDENTIFIER,this,bs(n, k))<SUB>6</SUB>>", "65": "<(IDENTIFIER,k,bs(n, k))<SUB>6</SUB>>", "67": "<(IDENTIFIER,out,println(n - x + 1))<SUB>7</SUB>>", "69": "<(&lt;operator&gt;.subtraction,n - x)<SUB>7</SUB>>", "71": "<(IDENTIFIER,x,n - x)<SUB>7</SUB>>", "73": "<(close,close())<SUB>8</SUB>>", "75": "<(MODIFIER,PUBLIC)>", "77": "<(METHOD_RETURN,void)<SUB>1</SUB>>"}}