{"edges": [["19", "21"], ["19", "103"], ["19", "104"], ["19", "105"], ["21", "4"], ["21", "22"], ["21", "25"], ["21", "29"], ["21", "30"], ["21", "36"], ["21", "37"], ["21", "43"], ["22", "23"], ["22", "24"], ["25", "3"], ["25", "26"], ["26", "27"], ["26", "28"], ["30", "31"], ["30", "32"], ["32", "33"], ["32", "34"], ["34", "35"], ["37", "38"], ["37", "39"], ["39", "40"], ["39", "41"], ["41", "42"], ["43", "44"], ["43", "49"], ["43", "55"], ["44", "45"], ["45", "46"], ["45", "47"], ["45", "48"], ["49", "50"], ["50", "51"], ["50", "54"], ["51", "52"], ["51", "53"], ["55", "56"], ["56", "57"], ["56", "58"], ["56", "61"], ["56", "62"], ["56", "65"], ["56", "94"], ["58", "59"], ["58", "60"], ["62", "63"], ["62", "64"], ["65", "66"], ["65", "69"], ["66", "67"], ["66", "68"], ["69", "70"], ["69", "71"], ["69", "78"], ["71", "72"], ["71", "73"], ["73", "74"], ["73", "77"], ["74", "75"], ["74", "76"], ["78", "79"], ["78", "83"], ["78", "87"], ["79", "80"], ["79", "81"], ["79", "82"], ["83", "84"], ["84", "85"], ["84", "86"], ["87", "88"], ["88", "89"], ["89", "90"], ["89", "91"], ["91", "92"], ["91", "93"], ["94", "95"], ["94", "98"], ["95", "96"], ["95", "97"], ["98", "99"], ["98", "102"], ["99", "100"], ["99", "101"], ["22", "28"], ["25", "34"], ["30", "41"], ["37", "45"], ["24", "22"], ["26", "25"], ["32", "30"], ["39", "37"], ["44", "53"], ["44", "58"], ["28", "26"], ["34", "32"], ["41", "39"], ["45", "44"], ["50", "105"], ["51", "50"], ["58", "62"], ["62", "66"], ["94", "105"], ["53", "51"], ["66", "74"], ["66", "97"], ["95", "99"], ["98", "94"], ["71", "79"], ["97", "95"], ["99", "98"], ["73", "71"], ["79", "84"], ["79", "91"], ["74", "73"], ["84", "66"], ["89", "66"], ["91", "89"], ["19", "24"], ["20", "105"], ["22", "105"], ["25", "105"], ["25", "105"], ["30", "105"], ["39", "105"], ["41", "105"], ["39", "105"], ["37", "105"], ["37", "105"], ["45", "105"], ["45", "105"], ["45", "105"], ["44", "105"], ["44", "105"], ["50", "105"], ["50", "105"], ["19", "20"], ["19", "22"], ["32", "30"], ["32", "30"], ["39", "37"], ["39", "37"], ["22", "25"], ["19", "25"], ["19", "32"], ["34", "32"], ["32", "39"], ["19", "39"], ["41", "39"], ["45", "44"], ["45", "44"], ["45", "44"], ["25", "34"], ["19", "34"], ["34", "41"], ["19", "41"], ["19", "45"], ["30", "45"], ["37", "45"], ["19", "50"], ["19", "58"], ["45", "62"], ["19", "62"], ["99", "94"], ["99", "94"], ["19", "94"], ["58", "66"], ["89", "66"], ["19", "66"], ["62", "66"], ["84", "66"], ["73", "71"], ["73", "71"], ["99", "98"], ["99", "98"], ["19", "98"], ["19", "99"], ["45", "99"], ["66", "99"], ["66", "73"], ["19", "73"], ["66", "73"], ["45", "79"], ["19", "79"], ["71", "79"], ["45", "79"], ["79", "84"], ["19", "84"], ["66", "74"], ["19", "74"], ["66", "74"], ["79", "89"], ["19", "89"], ["79", "91"], ["19", "91"], ["44", "94"], ["44", "58"], ["44", "51"], ["44", "66"], ["44", "98"], ["44", "99"], ["44", "53"], ["44", "95"], ["44", "50"], ["44", "97"], ["44", "62"], ["66", "73"], ["66", "66"], ["66", "71"], ["66", "74"], ["66", "79"], ["79", "89"], ["79", "84"], ["79", "91"]], "features": {"19": "<(METHOD,main)<SUB>1</SUB>>", "21": "<(BLOCK,&lt;empty&gt;,&lt;empty&gt;)<SUB>2</SUB>>", "22": "<(&lt;operator&gt;.assignment,ANY in = new Scanner(System.in))<SUB>3</SUB>>", "24": "<(&lt;operator&gt;.alloc,new Scanner(System.in))<SUB>3</SUB>>", "3": "<(IDENTIFIER,in,new Scanner(System.in))<SUB>3</SUB>>", "27": "<(IDENTIFIER,System,new Scanner(System.in))<SUB>3</SUB>>", "29": "<(LOCAL,long n: long)<SUB>4</SUB>>", "31": "<(IDENTIFIER,n,long n = parseLong(in.next()))<SUB>4</SUB>>", "33": "<(IDENTIFIER,Long,parseLong(in.next()))<SUB>4</SUB>>", "35": "<(IDENTIFIER,in,next())<SUB>4</SUB>>", "37": "<(&lt;operator&gt;.assignment,long s = parseLong(in.next()))<SUB>5</SUB>>", "39": "<(parseLong,parseLong(in.next()))<SUB>5</SUB>>", "41": "<(next,next())<SUB>5</SUB>>", "43": "<(CONTROL_STRUCTURE,if (!check(n, s)),if (!check(n, s)))<SUB>6</SUB>>", "45": "<(check,check(n, s))<SUB>6</SUB>>", "47": "<(IDENTIFIER,n,check(n, s))<SUB>6</SUB>>", "49": "<(BLOCK,&lt;empty&gt;,&lt;empty&gt;)<SUB>6</SUB>>", "51": "<(&lt;operator&gt;.fieldAccess,System.out)<SUB>7</SUB>>", "53": "<(FIELD_IDENTIFIER,out,out)<SUB>7</SUB>>", "55": "<(CONTROL_STRUCTURE,else,else)<SUB>10</SUB>>", "57": "<(LOCAL,long min: long)<SUB>11</SUB>>", "59": "<(IDENTIFIER,min,long min = 1)<SUB>11</SUB>>", "61": "<(LOCAL,long max: long)<SUB>12</SUB>>", "63": "<(IDENTIFIER,max,long max = n)<SUB>12</SUB>>", "65": "<(CONTROL_STRUCTURE,while (min != max),while (min != max))<SUB>13</SUB>>", "67": "<(IDENTIFIER,min,min != max)<SUB>13</SUB>>", "69": "<(BLOCK,&lt;empty&gt;,&lt;empty&gt;)<SUB>14</SUB>>", "71": "<(&lt;operator&gt;.assignment,long mid = (min + max) / 2)<SUB>15</SUB>>", "73": "<(&lt;operator&gt;.division,(min + max) / 2)<SUB>15</SUB>>", "75": "<(IDENTIFIER,min,min + max)<SUB>15</SUB>>", "77": "<(LITERAL,2,(min + max) / 2)<SUB>15</SUB>>", "79": "<(check,check(mid, s))<SUB>16</SUB>>", "81": "<(IDENTIFIER,mid,check(mid, s))<SUB>16</SUB>>", "83": "<(BLOCK,&lt;empty&gt;,&lt;empty&gt;)<SUB>17</SUB>>", "85": "<(IDENTIFIER,max,max = mid)<SUB>18</SUB>>", "87": "<(CONTROL_STRUCTURE,else,else)<SUB>21</SUB>>", "89": "<(&lt;operator&gt;.assignment,min = mid + 1)<SUB>22</SUB>>", "91": "<(&lt;operator&gt;.addition,mid + 1)<SUB>22</SUB>>", "93": "<(LITERAL,1,mid + 1)<SUB>22</SUB>>", "95": "<(&lt;operator&gt;.fieldAccess,System.out)<SUB>26</SUB>>", "97": "<(FIELD_IDENTIFIER,out,out)<SUB>26</SUB>>", "99": "<(&lt;operator&gt;.subtraction,n - min)<SUB>26</SUB>>", "101": "<(IDENTIFIER,min,n - min)<SUB>26</SUB>>", "103": "<(MODIFIER,PUBLIC)>", "105": "<(METHOD_RETURN,void)<SUB>1</SUB>>"}}