{"edges": [["19", "21"], ["19", "149"], ["19", "150"], ["19", "151"], ["21", "4"], ["21", "22"], ["21", "25"], ["21", "29"], ["21", "30"], ["21", "34"], ["21", "35"], ["21", "39"], ["21", "40"], ["21", "43"], ["21", "44"], ["21", "47"], ["21", "48"], ["21", "51"], ["21", "74"], ["21", "75"], ["21", "78"], ["21", "140"], ["22", "23"], ["22", "24"], ["25", "3"], ["25", "26"], ["26", "27"], ["26", "28"], ["30", "31"], ["30", "32"], ["32", "33"], ["35", "36"], ["35", "37"], ["37", "38"], ["40", "41"], ["40", "42"], ["44", "45"], ["44", "46"], ["48", "49"], ["48", "50"], ["51", "52"], ["51", "67"], ["52", "53"], ["52", "60"], ["53", "54"], ["53", "59"], ["54", "55"], ["54", "56"], ["56", "57"], ["56", "58"], ["60", "61"], ["60", "66"], ["61", "62"], ["61", "63"], ["63", "64"], ["63", "65"], ["67", "68"], ["67", "73"], ["68", "69"], ["68", "72"], ["69", "70"], ["69", "71"], ["75", "76"], ["75", "77"], ["78", "79"], ["78", "80"], ["80", "81"], ["80", "82"], ["80", "89"], ["80", "114"], ["82", "83"], ["82", "84"], ["84", "85"], ["84", "88"], ["85", "86"], ["85", "87"], ["89", "90"], ["89", "109"], ["90", "91"], ["90", "98"], ["91", "92"], ["91", "97"], ["92", "93"], ["92", "94"], ["94", "95"], ["94", "96"], ["98", "99"], ["98", "108"], ["99", "100"], ["99", "103"], ["100", "101"], ["100", "102"], ["103", "104"], ["103", "105"], ["105", "106"], ["105", "107"], ["109", "110"], ["109", "113"], ["110", "111"], ["110", "112"], ["114", "115"], ["114", "118"], ["114", "119"], ["115", "116"], ["115", "117"], ["119", "120"], ["120", "121"], ["121", "122"], ["121", "129"], ["121", "134"], ["122", "123"], ["122", "128"], ["123", "124"], ["123", "125"], ["125", "126"], ["125", "127"], ["129", "130"], ["129", "131"], ["131", "132"], ["131", "133"], ["134", "135"], ["135", "136"], ["135", "137"], ["137", "138"], ["137", "139"], ["140", "141"], ["140", "144"], ["141", "142"], ["141", "143"], ["144", "145"], ["144", "148"], ["145", "146"], ["145", "147"], ["22", "28"], ["25", "32"], ["30", "37"], ["35", "40"], ["40", "44"], ["44", "48"], ["48", "56"], ["75", "85"], ["75", "143"], ["140", "151"], ["24", "22"], ["26", "25"], ["32", "30"], ["37", "35"], ["52", "71"], ["52", "75"], ["141", "145"], ["144", "140"], ["28", "26"], ["53", "52"], ["53", "63"], ["60", "52"], ["68", "73"], ["73", "151"], ["82", "94"], ["143", "141"], ["145", "144"], ["54", "53"], ["61", "60"], ["69", "68"], ["84", "82"], ["90", "110"], ["90", "115"], ["115", "143"], ["115", "125"], ["56", "54"], ["63", "61"], ["71", "69"], ["85", "84"], ["91", "90"], ["91", "100"], ["98", "90"], ["110", "143"], ["92", "91"], ["99", "98"], ["94", "92"], ["100", "105"], ["103", "99"], ["122", "131"], ["122", "137"], ["129", "85"], ["129", "143"], ["105", "103"], ["123", "122"], ["131", "129"], ["135", "85"], ["135", "143"], ["125", "123"], ["137", "135"], ["19", "24"], ["73", "151"], ["20", "151"], ["22", "151"], ["25", "151"], ["25", "151"], ["30", "151"], ["37", "151"], ["35", "151"], ["35", "151"], ["40", "151"], ["40", "151"], ["44", "151"], ["48", "151"], ["48", "151"], ["48", "151"], ["54", "151"], ["56", "151"], ["54", "151"], ["53", "151"], ["53", "151"], ["52", "151"], ["61", "151"], ["63", "151"], ["61", "151"], ["60", "151"], ["60", "151"], ["52", "151"], ["52", "151"], ["68", "151"], ["68", "151"], ["19", "20"], ["19", "22"], ["32", "30"], ["37", "35"], ["19", "40"], ["19", "44"], ["30", "48"], ["19", "48"], ["19", "75"], ["22", "25"], ["19", "25"], ["19", "79"], ["145", "140"], ["145", "140"], ["19", "140"], ["25", "32"], ["19", "32"], ["32", "37"], ["19", "37"], ["53", "52"], ["53", "52"], ["60", "52"], ["60", "52"], ["19", "73"], ["84", "82"], ["84", "82"], ["145", "144"], ["145", "144"], ["19", "144"], ["54", "53"], ["54", "53"], ["35", "53"], ["19", "53"], ["61", "60"], ["61", "60"], ["53", "60"], ["19", "60"], ["19", "68"], ["19", "145"], ["30", "145"], ["75", "145"], ["110", "145"], ["56", "54"], ["19", "54"], ["56", "54"], ["63", "61"], ["19", "61"], ["63", "61"], ["54", "84"], ["115", "84"], ["135", "84"], ["19", "84"], ["48", "84"], ["61", "84"], ["115", "84"], ["129", "84"], ["91", "90"], ["91", "90"], ["98", "90"], ["98", "90"], ["92", "110"], ["105", "110"], ["19", "110"], ["19", "115"], ["54", "115"], ["135", "115"], ["48", "115"], ["61", "115"], ["129", "115"], ["19", "56"], ["44", "56"], ["56", "63"], ["19", "63"], ["48", "63"], ["54", "85"], ["115", "85"], ["135", "85"], ["19", "85"], ["48", "85"], ["61", "85"], ["115", "85"], ["129", "85"], ["92", "91"], ["92", "91"], ["53", "91"], ["60", "91"], ["122", "91"], ["19", "91"], ["99", "98"], ["99", "98"], ["91", "98"], ["19", "98"], ["94", "92"], ["19", "92"], ["94", "92"], ["103", "99"], ["100", "99"], ["100", "99"], ["103", "99"], ["131", "129"], ["131", "129"], ["56", "94"], ["63", "94"], ["125", "94"], ["19", "94"], ["82", "94"], ["92", "100"], ["19", "100"], ["94", "103"], ["19", "103"], ["105", "103"], ["105", "103"], ["123", "122"], ["123", "122"], ["91", "122"], ["98", "122"], ["19", "122"], ["123", "135"], ["19", "135"], ["100", "105"], ["19", "105"], ["125", "123"], ["19", "123"], ["125", "123"], ["123", "131"], ["19", "131"], ["94", "125"], ["103", "125"], ["19", "125"], ["92", "125"], ["105", "125"], ["123", "137"], ["19", "137"], ["52", "68"], ["52", "141"], ["52", "73"], ["52", "75"], ["52", "145"], ["52", "69"], ["52", "144"], ["52", "140"], ["52", "143"], ["52", "71"], ["52", "94"], ["52", "84"], ["52", "85"], ["52", "92"], ["52", "91"], ["52", "82"], ["52", "90"], ["53", "60"], ["53", "61"], ["53", "63"], ["90", "115"], ["90", "110"], ["115", "122"], ["115", "123"], ["115", "125"], ["115", "94"], ["115", "84"], ["115", "85"], ["115", "92"], ["115", "91"], ["115", "82"], ["115", "90"], ["91", "98"], ["91", "99"], ["91", "103"], ["91", "105"], ["91", "100"], ["122", "131"], ["122", "129"], ["122", "137"], ["122", "135"]], "features": {"19": "<(METHOD,main)<SUB>1</SUB>>", "21": "<(BLOCK,&lt;empty&gt;,&lt;empty&gt;)<SUB>2</SUB>>", "22": "<(&lt;operator&gt;.assignment,ANY sc = new Scanner(System.in))<SUB>3</SUB>>", "24": "<(&lt;operator&gt;.alloc,new Scanner(System.in))<SUB>3</SUB>>", "3": "<(IDENTIFIER,sc,new Scanner(System.in))<SUB>3</SUB>>", "27": "<(IDENTIFIER,System,new Scanner(System.in))<SUB>3</SUB>>", "29": "<(LOCAL,long n: long)<SUB>4</SUB>>", "31": "<(IDENTIFIER,n,long n = nextLong())<SUB>4</SUB>>", "33": "<(IDENTIFIER,sc,nextLong())<SUB>4</SUB>>", "35": "<(&lt;operator&gt;.assignment,long s = nextLong())<SUB>5</SUB>>", "37": "<(nextLong,nextLong())<SUB>5</SUB>>", "39": "<(LOCAL,int r: int)<SUB>7</SUB>>", "41": "<(IDENTIFIER,r,int r = 0)<SUB>7</SUB>>", "43": "<(LOCAL,long l: long)<SUB>9</SUB>>", "45": "<(IDENTIFIER,l,long l = 0L)<SUB>9</SUB>>", "47": "<(LOCAL,long u: long)<SUB>10</SUB>>", "49": "<(IDENTIFIER,u,long u = n)<SUB>10</SUB>>", "51": "<(CONTROL_STRUCTURE,if ((l - sumDigits(l) &lt; s) &amp;&amp; (u - sumDigits(u) &lt; s)),if ((l - sumDigits(l) &lt; s) &amp;&amp; (u - sumDigits(u) &lt; s)))<SUB>12</SUB>>", "53": "<(&lt;operator&gt;.lessThan,l - sumDigits(l) &lt; s)<SUB>12</SUB>>", "55": "<(IDENTIFIER,l,l - sumDigits(l))<SUB>12</SUB>>", "57": "<(IDENTIFIER,this,sumDigits(l))<SUB>12</SUB>>", "59": "<(IDENTIFIER,s,l - sumDigits(l) &lt; s)<SUB>12</SUB>>", "61": "<(&lt;operator&gt;.subtraction,u - sumDigits(u))<SUB>12</SUB>>", "63": "<(sumDigits,sumDigits(u))<SUB>12</SUB>>", "65": "<(IDENTIFIER,u,sumDigits(u))<SUB>12</SUB>>", "67": "<(BLOCK,&lt;empty&gt;,&lt;empty&gt;)<SUB>13</SUB>>", "69": "<(&lt;operator&gt;.fieldAccess,System.out)<SUB>14</SUB>>", "71": "<(FIELD_IDENTIFIER,out,out)<SUB>14</SUB>>", "73": "<(RETURN,return;,return;)<SUB>15</SUB>>", "75": "<(&lt;operator&gt;.assignment,long specified = 0L)<SUB>18</SUB>>", "77": "<(LITERAL,0L,long specified = 0L)<SUB>18</SUB>>", "79": "<(LITERAL,true,while (true))<SUB>19</SUB>>", "81": "<(LOCAL,long m: long)<SUB>21</SUB>>", "83": "<(IDENTIFIER,m,long m = (l + u) / 2L)<SUB>21</SUB>>", "85": "<(&lt;operator&gt;.addition,l + u)<SUB>21</SUB>>", "87": "<(IDENTIFIER,u,l + u)<SUB>21</SUB>>", "89": "<(CONTROL_STRUCTURE,if ((m - sumDigits(m)) &gt;= s &amp;&amp; ((m - 1) - sumDigits(m - 1)) &lt; s),if ((m - sumDigits(m)) &gt;= s &amp;&amp; ((m - 1) - sumDigits(m - 1)) &lt; s))<SUB>23</SUB>>", "91": "<(&lt;operator&gt;.greaterEqualsThan,(m - sumDigits(m)) &gt;= s)<SUB>23</SUB>>", "93": "<(IDENTIFIER,m,m - sumDigits(m))<SUB>23</SUB>>", "95": "<(IDENTIFIER,this,sumDigits(m))<SUB>23</SUB>>", "97": "<(IDENTIFIER,s,(m - sumDigits(m)) &gt;= s)<SUB>23</SUB>>", "99": "<(&lt;operator&gt;.subtraction,(m - 1) - sumDigits(m - 1))<SUB>23</SUB>>", "101": "<(IDENTIFIER,m,m - 1)<SUB>23</SUB>>", "103": "<(sumDigits,sumDigits(m - 1))<SUB>23</SUB>>", "105": "<(&lt;operator&gt;.subtraction,m - 1)<SUB>23</SUB>>", "107": "<(LITERAL,1,m - 1)<SUB>23</SUB>>", "109": "<(BLOCK,&lt;empty&gt;,&lt;empty&gt;)<SUB>24</SUB>>", "111": "<(IDENTIFIER,specified,specified = m)<SUB>25</SUB>>", "113": "<(CONTROL_STRUCTURE,break;,break;)<SUB>26</SUB>>", "115": "<(&lt;operator&gt;.greaterThan,l &gt; u)<SUB>29</SUB>>", "117": "<(IDENTIFIER,u,l &gt; u)<SUB>29</SUB>>", "119": "<(CONTROL_STRUCTURE,else,else)<SUB>33</SUB>>", "121": "<(CONTROL_STRUCTURE,if ((m - sumDigits(m)) &gt;= s),if ((m - sumDigits(m)) &gt;= s))<SUB>34</SUB>>", "123": "<(&lt;operator&gt;.subtraction,m - sumDigits(m))<SUB>34</SUB>>", "125": "<(sumDigits,sumDigits(m))<SUB>34</SUB>>", "127": "<(IDENTIFIER,m,sumDigits(m))<SUB>34</SUB>>", "129": "<(&lt;operator&gt;.assignment,u = m - 1)<SUB>35</SUB>>", "131": "<(&lt;operator&gt;.subtraction,m - 1)<SUB>35</SUB>>", "133": "<(LITERAL,1,m - 1)<SUB>35</SUB>>", "135": "<(&lt;operator&gt;.assignment,l = m + 1)<SUB>37</SUB>>", "137": "<(&lt;operator&gt;.addition,m + 1)<SUB>37</SUB>>", "139": "<(LITERAL,1,m + 1)<SUB>37</SUB>>", "141": "<(&lt;operator&gt;.fieldAccess,System.out)<SUB>41</SUB>>", "143": "<(FIELD_IDENTIFIER,out,out)<SUB>41</SUB>>", "145": "<(&lt;operator&gt;.subtraction,n - specified)<SUB>41</SUB>>", "147": "<(IDENTIFIER,specified,n - specified)<SUB>41</SUB>>", "149": "<(MODIFIER,PUBLIC)>", "151": "<(METHOD_RETURN,void)<SUB>1</SUB>>"}}