{"edges": [["19", "20"], ["19", "21"], ["19", "30"], ["19", "31"], ["19", "32"], ["21", "4"], ["21", "22"], ["21", "25"], ["21", "26"], ["21", "28"], ["22", "23"], ["22", "24"], ["25", "3"], ["26", "27"], ["28", "29"], ["22", "25"], ["25", "26"], ["26", "28"], ["28", "32"], ["24", "22"], ["19", "24"], ["20", "32"], ["22", "32"], ["25", "32"], ["26", "32"], ["28", "32"], ["28", "32"], ["19", "20"], ["19", "22"], ["22", "25"], ["19", "25"], ["25", "26"], ["19", "26"], ["26", "28"], ["19", "28"]], "features": {"19": "<(METHOD,main)<SUB>1</SUB>>", "21": "<(BLOCK,&lt;empty&gt;,&lt;empty&gt;)<SUB>1</SUB>>", "22": "<(&lt;operator&gt;.assignment,Main solver = new Main())<SUB>3</SUB>>", "24": "<(&lt;operator&gt;.alloc,new Main())<SUB>3</SUB>>", "3": "<(IDENTIFIER,solver,new Main())<SUB>3</SUB>>", "27": "<(IDENTIFIER,solver,solve())<SUB>4</SUB>>", "29": "<(IDENTIFIER,solver,close())<SUB>5</SUB>>", "31": "<(MODIFIER,STATIC)>"}}