{"edges": [["17", "19"], ["17", "53"], ["17", "54"], ["17", "55"], ["19", "20"], ["19", "25"], ["19", "28"], ["19", "33"], ["20", "21"], ["20", "22"], ["22", "23"], ["22", "24"], ["25", "26"], ["25", "27"], ["28", "29"], ["28", "30"], ["30", "31"], ["30", "32"], ["33", "34"], ["34", "35"], ["34", "38"], ["34", "52"], ["35", "36"], ["35", "37"], ["38", "39"], ["38", "40"], ["38", "41"], ["38", "48"], ["38", "49"], ["41", "42"], ["41", "45"], ["41", "47"], ["42", "43"], ["42", "44"], ["45", "46"], ["49", "50"], ["49", "51"], ["20", "27"], ["25", "32"], ["28", "37"], ["33", "55"], ["22", "20"], ["27", "25"], ["30", "28"], ["24", "22"], ["32", "30"], ["35", "44"], ["38", "33"], ["37", "35"], ["49", "38"], ["42", "45"], ["45", "49"], ["44", "42"], ["17", "24"], ["18", "55"], ["20", "55"], ["20", "55"], ["25", "55"], ["28", "55"], ["28", "55"], ["28", "55"], ["38", "55"], ["42", "55"], ["45", "55"], ["45", "55"], ["38", "55"], ["38", "55"], ["33", "55"], ["20", "55"], ["17", "18"], ["17", "25"], ["17", "20"], ["25", "28"], ["17", "28"], ["42", "33"], ["38", "33"], ["17", "33"], ["17", "35"], ["17", "52"], ["35", "38"], ["17", "38"], ["42", "38"], ["45", "38"], ["49", "38"], ["49", "38"], ["17", "42"], ["17", "47"], ["17", "49"], ["42", "45"], ["17", "45"]], "features": {"17": "<(METHOD,main)<SUB>1</SUB>>", "19": "<(BLOCK,&lt;empty&gt;,&lt;empty&gt;)<SUB>1</SUB>>", "21": "<(IDENTIFIER,this,InputReader(System.in))<SUB>2</SUB>>", "23": "<(IDENTIFIER,System,InputReader(System.in))<SUB>2</SUB>>", "25": "<(&lt;operator&gt;.assignment,pw = new PrintWriter(System.out))<SUB>3</SUB>>", "27": "<(&lt;operator&gt;.alloc,new PrintWriter(System.out))<SUB>3</SUB>>", "29": "<(IDENTIFIER,pw,new PrintWriter(System.out))<SUB>3</SUB>>", "31": "<(IDENTIFIER,System,new PrintWriter(System.out))<SUB>3</SUB>>", "33": "<(start,new Thread(null, new Runnable() {\\012\\012    public void run() {\\012        try {\\012            solve();\\012            pw.close();\\012        } catch (Exception e) {\\012            e.printStackTrace();\\012        }\\012    }\\012}, &quot;1&quot;, 1 &lt;&lt; 26).start())<SUB>4</SUB>>", "35": "<(&lt;operator&gt;.assignment,&lt;empty&gt;)>", "37": "<(&lt;operator&gt;.alloc,new Thread(null, new Runnable() {\\012\\012    public void run() {\\012        try {\\012            solve();\\012            pw.close();\\012        } catch (Exception e) {\\012            e.printStackTrace();\\012        }\\012    }\\012}, &quot;1&quot;, 1 &lt;&lt; 26))<SUB>4</SUB>>", "39": "<(IDENTIFIER,$obj2,new Thread(null, new Runnable() {\\012\\012    public void run() {\\012        try {\\012            solve();\\012            pw.close();\\012        } catch (Exception e) {\\012            e.printStackTrace();\\012        }\\012    }\\012}, &quot;1&quot;, 1 &lt;&lt; 26))>", "41": "<(BLOCK,&lt;empty&gt;,&lt;empty&gt;)<SUB>4</SUB>>", "43": "<(IDENTIFIER,$obj1,&lt;empty&gt;)>", "45": "<(&lt;init&gt;,new Runnable() {\\012\\012    public void run() {\\012        try {\\012            solve();\\012            pw.close();\\012        } catch (Exception e) {\\012            e.printStackTrace();\\012        }\\012    }\\012})<SUB>4</SUB>>", "47": "<(IDENTIFIER,$obj1,&lt;empty&gt;)>", "49": "<(&lt;operator&gt;.shiftLeft,1 &lt;&lt; 26)<SUB>13</SUB>>", "51": "<(LITERAL,26,1 &lt;&lt; 26)<SUB>13</SUB>>", "53": "<(MODIFIER,PUBLIC)>", "55": "<(METHOD_RETURN,void)<SUB>1</SUB>>"}}