{"edges": [["23", "25"], ["23", "153"], ["23", "154"], ["23", "155"], ["25", "4"], ["25", "26"], ["25", "29"], ["25", "33"], ["25", "34"], ["25", "38"], ["25", "39"], ["25", "40"], ["25", "44"], ["25", "6"], ["25", "48"], ["25", "51"], ["25", "52"], ["25", "77"], ["25", "80"], ["25", "82"], ["25", "83"], ["25", "87"], ["25", "88"], ["25", "89"], ["25", "92"], ["25", "8"], ["25", "95"], ["25", "98"], ["25", "99"], ["25", "145"], ["25", "151"], ["26", "27"], ["26", "28"], ["29", "3"], ["29", "30"], ["30", "31"], ["30", "32"], ["34", "35"], ["34", "36"], ["36", "37"], ["40", "41"], ["40", "42"], ["42", "43"], ["44", "45"], ["44", "46"], ["46", "47"], ["48", "49"], ["48", "50"], ["51", "5"], ["52", "53"], ["52", "54"], ["52", "57"], ["52", "60"], ["52", "62"], ["54", "55"], ["54", "56"], ["57", "58"], ["57", "59"], ["60", "61"], ["62", "63"], ["62", "69"], ["63", "64"], ["63", "67"], ["64", "65"], ["64", "66"], ["67", "68"], ["69", "70"], ["69", "71"], ["69", "74"], ["71", "72"], ["71", "73"], ["74", "75"], ["74", "76"], ["77", "78"], ["77", "79"], ["80", "81"], ["83", "84"], ["83", "85"], ["85", "86"], ["89", "90"], ["89", "91"], ["92", "93"], ["92", "94"], ["95", "96"], ["95", "97"], ["98", "7"], ["99", "100"], ["99", "101"], ["99", "104"], ["99", "108"], ["99", "110"], ["101", "102"], ["101", "103"], ["104", "105"], ["104", "106"], ["106", "107"], ["108", "109"], ["110", "111"], ["110", "112"], ["110", "138"], ["112", "113"], ["112", "118"], ["112", "131"], ["113", "114"], ["113", "117"], ["114", "115"], ["114", "116"], ["118", "119"], ["118", "125"], ["119", "120"], ["119", "121"], ["121", "122"], ["121", "123"], ["123", "124"], ["125", "126"], ["125", "130"], ["126", "127"], ["126", "128"], ["128", "129"], ["131", "132"], ["132", "133"], ["132", "134"], ["134", "135"], ["134", "136"], ["136", "137"], ["138", "139"], ["138", "140"], ["140", "141"], ["140", "144"], ["141", "142"], ["141", "143"], ["145", "146"], ["145", "149"], ["146", "147"], ["146", "148"], ["149", "150"], ["151", "152"], ["26", "32"], ["29", "36"], ["34", "42"], ["40", "46"], ["44", "50"], ["48", "51"], ["51", "54"], ["77", "80"], ["80", "85"], ["83", "89"], ["89", "92"], ["92", "97"], ["95", "98"], ["98", "101"], ["145", "151"], ["151", "155"], ["28", "26"], ["30", "29"], ["36", "34"], ["42", "40"], ["46", "44"], ["50", "48"], ["54", "57"], ["57", "64"], ["57", "77"], ["60", "57"], ["85", "83"], ["97", "95"], ["101", "106"], ["104", "114"], ["104", "148"], ["108", "106"], ["146", "149"], ["149", "145"], ["32", "30"], ["63", "71"], ["69", "60"], ["106", "104"], ["138", "108"], ["148", "146"], ["64", "67"], ["67", "63"], ["71", "74"], ["74", "69"], ["113", "123"], ["113", "136"], ["140", "138"], ["114", "113"], ["119", "128"], ["125", "141"], ["132", "141"], ["141", "140"], ["121", "119"], ["126", "125"], ["134", "132"], ["123", "121"], ["128", "126"], ["136", "134"], ["23", "28"], ["24", "155"], ["26", "155"], ["29", "155"], ["29", "155"], ["34", "155"], ["34", "155"], ["40", "155"], ["44", "155"], ["44", "155"], ["44", "155"], ["48", "155"], ["51", "155"], ["51", "155"], ["57", "155"], ["57", "155"], ["77", "155"], ["77", "155"], ["83", "155"], ["83", "155"], ["89", "155"], ["89", "155"], ["92", "155"], ["92", "155"], ["95", "155"], ["98", "155"], ["101", "155"], ["104", "155"], ["106", "155"], ["104", "155"], ["104", "155"], ["145", "155"], ["149", "155"], ["145", "155"], ["151", "155"], ["151", "155"], ["113", "155"], ["113", "155"], ["136", "155"], ["132", "155"], ["132", "155"], ["123", "155"], ["119", "155"], ["119", "155"], ["128", "155"], ["125", "155"], ["125", "155"], ["141", "155"], ["141", "155"], ["140", "155"], ["138", "155"], ["138", "155"], ["108", "155"], ["63", "155"], ["63", "155"], ["69", "155"], ["69", "155"], ["69", "155"], ["69", "155"], ["60", "155"], ["77", "155"], ["23", "24"], ["23", "26"], ["36", "34"], ["42", "40"], ["46", "44"], ["23", "48"], ["85", "83"], ["23", "89"], ["23", "92"], ["23", "95"], ["26", "29"], ["23", "29"], ["48", "51"], ["23", "51"], ["23", "54"], ["23", "77"], ["40", "77"], ["69", "77"], ["36", "80"], ["67", "80"], ["23", "80"], ["95", "98"], ["23", "98"], ["23", "101"], ["149", "145"], ["85", "151"], ["23", "151"], ["29", "36"], ["23", "36"], ["34", "42"], ["23", "42"], ["42", "46"], ["23", "46"], ["54", "57"], ["60", "57"], ["23", "57"], ["46", "57"], ["23", "60"], ["57", "60"], ["67", "63"], ["80", "85"], ["23", "85"], ["101", "104"], ["108", "104"], ["23", "104"], ["106", "104"], ["114", "108"], ["23", "108"], ["98", "149"], ["138", "149"], ["23", "149"], ["51", "69"], ["23", "69"], ["40", "69"], ["63", "69"], ["57", "69"], ["83", "106"], ["114", "106"], ["23", "106"], ["98", "138"], ["23", "138"], ["141", "138"], ["141", "138"], ["36", "67"], ["23", "67"], ["57", "74"], ["23", "74"], ["114", "113"], ["114", "113"], ["23", "113"], ["77", "119"], ["119", "125"], ["23", "125"], ["44", "132"], ["141", "140"], ["141", "140"], ["23", "140"], ["106", "114"], ["23", "114"], ["104", "114"], ["51", "141"], ["69", "141"], ["23", "141"], ["132", "141"], ["119", "141"], ["92", "123"], ["23", "123"], ["89", "128"], ["136", "128"], ["23", "128"], ["89", "136"], ["128", "136"], ["23", "136"], ["57", "60"], ["57", "64"], ["57", "57"], ["57", "69"], ["57", "67"], ["57", "74"], ["57", "71"], ["57", "63"], ["104", "141"], ["104", "113"], ["104", "114"], ["104", "104"], ["104", "106"], ["104", "138"], ["104", "140"], ["104", "108"], ["113", "136"], ["113", "128"], ["113", "132"], ["113", "119"], ["113", "121"], ["113", "123"], ["113", "134"], ["113", "126"], ["113", "125"]], "features": {"23": "<(METHOD,main)<SUB>1</SUB>>", "25": "<(BLOCK,&lt;empty&gt;,&lt;empty&gt;)<SUB>1</SUB>>", "26": "<(&lt;operator&gt;.assignment,ANY sc = new Scanner(System.in))<SUB>2</SUB>>", "28": "<(&lt;operator&gt;.alloc,new Scanner(System.in))<SUB>2</SUB>>", "3": "<(IDENTIFIER,sc,new Scanner(System.in))<SUB>2</SUB>>", "31": "<(IDENTIFIER,System,new Scanner(System.in))<SUB>2</SUB>>", "33": "<(LOCAL,int n: int)<SUB>3</SUB>>", "35": "<(IDENTIFIER,n,int n = nextInt())<SUB>3</SUB>>", "37": "<(IDENTIFIER,sc,nextInt())<SUB>3</SUB>>", "39": "<(LOCAL,int[] sta: int[])<SUB>4</SUB>>", "41": "<(IDENTIFIER,wide,int[] wide = new int[n])<SUB>4</SUB>>", "43": "<(IDENTIFIER,n,new int[n])<SUB>4</SUB>>", "45": "<(IDENTIFIER,sta,int[] sta = new int[n])<SUB>4</SUB>>", "47": "<(IDENTIFIER,n,new int[n])<SUB>4</SUB>>", "48": "<(&lt;operator&gt;.assignment,ANY hm = new HashMap&lt;Integer, Integer&gt;())<SUB>5</SUB>>", "50": "<(&lt;operator&gt;.alloc,new HashMap&lt;Integer, Integer&gt;())<SUB>5</SUB>>", "5": "<(IDENTIFIER,hm,new HashMap&lt;Integer, Integer&gt;())<SUB>5</SUB>>", "53": "<(LOCAL,int i: int)<SUB>6</SUB>>", "55": "<(IDENTIFIER,i,int i = 0)<SUB>6</SUB>>", "57": "<(&lt;operator&gt;.lessThan,i &lt; n)<SUB>6</SUB>>", "59": "<(IDENTIFIER,n,i &lt; n)<SUB>6</SUB>>", "61": "<(IDENTIFIER,i,i++)<SUB>6</SUB>>", "63": "<(&lt;operator&gt;.assignment,wide[i] = nextInt())<SUB>7</SUB>>", "65": "<(IDENTIFIER,wide,wide[i] = nextInt())<SUB>7</SUB>>", "67": "<(nextInt,nextInt())<SUB>7</SUB>>", "69": "<(put,put(wide[i], i + 1))<SUB>8</SUB>>", "71": "<(&lt;operator&gt;.indexAccess,wide[i])<SUB>8</SUB>>", "73": "<(IDENTIFIER,i,put(wide[i], i + 1))<SUB>8</SUB>>", "75": "<(IDENTIFIER,i,i + 1)<SUB>8</SUB>>", "77": "<(sort,sort(wide))<SUB>10</SUB>>", "79": "<(IDENTIFIER,wide,sort(wide))<SUB>10</SUB>>", "81": "<(IDENTIFIER,sc,nextLine())<SUB>11</SUB>>", "83": "<(&lt;operator&gt;.assignment,String s = nextLine())<SUB>12</SUB>>", "85": "<(nextLine,nextLine())<SUB>12</SUB>>", "87": "<(LOCAL,int tp: int)<SUB>13</SUB>>", "89": "<(&lt;operator&gt;.assignment,int tp = 0)<SUB>13</SUB>>", "91": "<(LITERAL,0,int tp = 0)<SUB>13</SUB>>", "93": "<(IDENTIFIER,pos,int pos = 0)<SUB>13</SUB>>", "8": "<(LOCAL,StringBuilder out: java.lang.StringBuilder)<SUB>14</SUB>>", "96": "<(IDENTIFIER,out,StringBuilder out = new StringBuilder())<SUB>14</SUB>>", "98": "<(&lt;init&gt;,new StringBuilder())<SUB>14</SUB>>", "99": "<(CONTROL_STRUCTURE,for (int i = 0; Some(i &lt; s.length()); i++),for (int i = 0; Some(i &lt; s.length()); i++))<SUB>15</SUB>>", "101": "<(&lt;operator&gt;.assignment,int i = 0)<SUB>15</SUB>>", "103": "<(LITERAL,0,int i = 0)<SUB>15</SUB>>", "105": "<(IDENTIFIER,i,i &lt; s.length())<SUB>15</SUB>>", "107": "<(IDENTIFIER,s,s.length())<SUB>15</SUB>>", "109": "<(IDENTIFIER,i,i++)<SUB>15</SUB>>", "111": "<(LOCAL,int t: int)<SUB>16</SUB>>", "113": "<(&lt;operator&gt;.equals,s.charAt(i) == '0')<SUB>17</SUB>>", "115": "<(IDENTIFIER,s,s.charAt(i))<SUB>17</SUB>>", "117": "<(LITERAL,'0',s.charAt(i) == '0')<SUB>17</SUB>>", "119": "<(&lt;operator&gt;.assignment,t = wide[pos++])<SUB>18</SUB>>", "121": "<(&lt;operator&gt;.indexAccess,wide[pos++])<SUB>18</SUB>>", "123": "<(&lt;operator&gt;.postIncrement,pos++)<SUB>18</SUB>>", "125": "<(&lt;operator&gt;.assignment,sta[tp++] = t)<SUB>19</SUB>>", "127": "<(IDENTIFIER,sta,sta[tp++] = t)<SUB>19</SUB>>", "129": "<(IDENTIFIER,tp,tp++)<SUB>19</SUB>>", "131": "<(CONTROL_STRUCTURE,else,else)<SUB>20</SUB>>", "133": "<(IDENTIFIER,t,t = sta[--tp])<SUB>20</SUB>>", "135": "<(IDENTIFIER,sta,t = sta[--tp])<SUB>20</SUB>>", "137": "<(IDENTIFIER,tp,--tp)<SUB>20</SUB>>", "139": "<(IDENTIFIER,out,append(hm.get(t) + &quot; &quot;))<SUB>21</SUB>>", "141": "<(get,get(t))<SUB>21</SUB>>", "143": "<(IDENTIFIER,t,get(t))<SUB>21</SUB>>", "145": "<(println,System.out.println(out.toString()))<SUB>23</SUB>>", "147": "<(IDENTIFIER,System,System.out.println(out.toString()))<SUB>23</SUB>>", "149": "<(toString,out.toString())<SUB>23</SUB>>", "151": "<(close,close())<SUB>24</SUB>>", "153": "<(MODIFIER,PUBLIC)>", "155": "<(METHOD_RETURN,void)<SUB>1</SUB>>"}}