{"edges": [["17", "18"], ["17", "19"], ["17", "94"], ["17", "95"], ["17", "96"], ["19", "20"], ["19", "21"], ["19", "25"], ["19", "26"], ["19", "30"], ["19", "45"], ["19", "46"], ["19", "49"], ["19", "50"], ["19", "53"], ["19", "83"], ["19", "92"], ["21", "22"], ["21", "23"], ["23", "24"], ["26", "27"], ["26", "28"], ["28", "29"], ["30", "31"], ["30", "36"], ["31", "32"], ["31", "35"], ["32", "33"], ["32", "34"], ["36", "37"], ["36", "42"], ["36", "44"], ["37", "38"], ["37", "41"], ["38", "39"], ["38", "40"], ["42", "43"], ["46", "47"], ["46", "48"], ["50", "51"], ["50", "52"], ["53", "54"], ["53", "57"], ["54", "55"], ["54", "56"], ["57", "58"], ["57", "59"], ["57", "68"], ["59", "60"], ["59", "61"], ["61", "62"], ["61", "63"], ["63", "64"], ["63", "67"], ["64", "65"], ["64", "66"], ["68", "69"], ["68", "74"], ["68", "77"], ["69", "70"], ["69", "73"], ["70", "71"], ["70", "72"], ["74", "75"], ["74", "76"], ["77", "78"], ["78", "79"], ["78", "80"], ["80", "81"], ["80", "82"], ["83", "84"], ["83", "87"], ["84", "85"], ["84", "86"], ["87", "88"], ["87", "91"], ["88", "89"], ["88", "90"], ["92", "93"], ["21", "28"], ["26", "32"], ["46", "50"], ["50", "54"], ["83", "92"], ["92", "96"], ["23", "21"], ["28", "26"], ["31", "40"], ["31", "46"], ["54", "64"], ["54", "86"], ["84", "88"], ["87", "83"], ["32", "31"], ["37", "42"], ["42", "44"], ["44", "96"], ["59", "70"], ["86", "84"], ["88", "87"], ["38", "37"], ["61", "59"], ["69", "74"], ["69", "80"], ["74", "54"], ["40", "38"], ["63", "61"], ["70", "69"], ["78", "54"], ["64", "63"], ["80", "78"], ["17", "23"], ["44", "96"], ["18", "96"], ["21", "96"], ["28", "96"], ["26", "96"], ["26", "96"], ["32", "96"], ["32", "96"], ["31", "96"], ["31", "96"], ["31", "96"], ["37", "96"], ["37", "96"], ["42", "96"], ["42", "96"], ["17", "18"], ["23", "21"], ["28", "26"], ["17", "46"], ["32", "50"], ["17", "50"], ["88", "83"], ["88", "83"], ["17", "83"], ["17", "92"], ["17", "23"], ["23", "28"], ["17", "28"], ["32", "31"], ["32", "31"], ["26", "31"], ["17", "31"], ["17", "44"], ["46", "54"], ["78", "54"], ["17", "54"], ["64", "54"], ["50", "54"], ["64", "54"], ["74", "54"], ["64", "59"], ["17", "59"], ["63", "59"], ["63", "59"], ["88", "87"], ["88", "87"], ["17", "87"], ["17", "32"], ["21", "32"], ["17", "37"], ["17", "42"], ["70", "74"], ["17", "74"], ["17", "88"], ["32", "88"], ["54", "88"], ["64", "61"], ["17", "61"], ["63", "61"], ["63", "61"], ["70", "69"], ["70", "69"], ["31", "69"], ["17", "69"], ["70", "78"], ["17", "78"], ["64", "63"], ["64", "63"], ["17", "63"], ["32", "70"], ["17", "70"], ["59", "70"], ["54", "64"], ["17", "64"], ["54", "64"], ["70", "80"], ["17", "80"], ["31", "42"], ["31", "37"], ["31", "46"], ["31", "84"], ["31", "38"], ["31", "92"], ["31", "40"], ["31", "50"], ["31", "87"], ["31", "44"], ["31", "54"], ["31", "83"], ["31", "88"], ["31", "86"], ["54", "64"], ["54", "69"], ["54", "59"], ["54", "54"], ["54", "61"], ["54", "70"], ["54", "63"], ["69", "74"], ["69", "80"], ["69", "78"]], "features": {"17": "<(METHOD,main)<SUB>1</SUB>>", "19": "<(BLOCK,&lt;empty&gt;,&lt;empty&gt;)<SUB>1</SUB>>", "21": "<(&lt;operator&gt;.assignment,long n = nextLong())<SUB>3</SUB>>", "23": "<(nextLong,nextLong())<SUB>3</SUB>>", "25": "<(LOCAL,long s: long)<SUB>4</SUB>>", "27": "<(IDENTIFIER,s,long s = nextLong())<SUB>4</SUB>>", "29": "<(IDENTIFIER,in,nextLong())<SUB>4</SUB>>", "31": "<(&lt;operator&gt;.lessThan,diff(n) &lt; s)<SUB>6</SUB>>", "33": "<(IDENTIFIER,this,diff(n))<SUB>6</SUB>>", "35": "<(IDENTIFIER,s,diff(n) &lt; s)<SUB>6</SUB>>", "37": "<(println,System.out.println(0))<SUB>7</SUB>>", "39": "<(IDENTIFIER,System,System.out.println(0))<SUB>7</SUB>>", "41": "<(LITERAL,0,System.out.println(0))<SUB>7</SUB>>", "43": "<(IDENTIFIER,out,close())<SUB>8</SUB>>", "45": "<(LOCAL,long lo: long)<SUB>12</SUB>>", "47": "<(IDENTIFIER,lo,long lo = 1)<SUB>12</SUB>>", "49": "<(LOCAL,long hi: long)<SUB>13</SUB>>", "51": "<(IDENTIFIER,hi,long hi = n)<SUB>13</SUB>>", "53": "<(CONTROL_STRUCTURE,while (lo &lt; hi),while (lo &lt; hi))<SUB>14</SUB>>", "55": "<(IDENTIFIER,lo,lo &lt; hi)<SUB>14</SUB>>", "57": "<(BLOCK,&lt;empty&gt;,&lt;empty&gt;)<SUB>14</SUB>>", "59": "<(&lt;operator&gt;.assignment,long mid = lo + (hi - lo) / 2)<SUB>15</SUB>>", "61": "<(&lt;operator&gt;.addition,lo + (hi - lo) / 2)<SUB>15</SUB>>", "63": "<(&lt;operator&gt;.division,(hi - lo) / 2)<SUB>15</SUB>>", "65": "<(IDENTIFIER,hi,hi - lo)<SUB>15</SUB>>", "67": "<(LITERAL,2,(hi - lo) / 2)<SUB>15</SUB>>", "69": "<(&lt;operator&gt;.greaterEqualsThan,diff(mid) &gt;= s)<SUB>16</SUB>>", "71": "<(IDENTIFIER,this,diff(mid))<SUB>16</SUB>>", "73": "<(IDENTIFIER,s,diff(mid) &gt;= s)<SUB>16</SUB>>", "75": "<(IDENTIFIER,hi,hi = mid)<SUB>17</SUB>>", "77": "<(CONTROL_STRUCTURE,else,else)<SUB>19</SUB>>", "79": "<(IDENTIFIER,lo,lo = mid + 1)<SUB>19</SUB>>", "81": "<(IDENTIFIER,mid,mid + 1)<SUB>19</SUB>>", "83": "<(println,System.out.println(n - lo + 1))<SUB>21</SUB>>", "85": "<(IDENTIFIER,System,System.out.println(n - lo + 1))<SUB>21</SUB>>", "87": "<(&lt;operator&gt;.addition,n - lo + 1)<SUB>21</SUB>>", "89": "<(IDENTIFIER,n,n - lo)<SUB>21</SUB>>", "91": "<(LITERAL,1,n - lo + 1)<SUB>21</SUB>>", "93": "<(IDENTIFIER,out,close())<SUB>23</SUB>>", "95": "<(MODIFIER,STATIC)>"}}