{"edges": [["19", "20"], ["19", "21"], ["19", "110"], ["19", "111"], ["19", "112"], ["21", "4"], ["21", "22"], ["21", "25"], ["21", "29"], ["21", "30"], ["21", "34"], ["21", "35"], ["21", "39"], ["21", "40"], ["21", "43"], ["21", "44"], ["21", "47"], ["21", "96"], ["21", "108"], ["22", "23"], ["22", "24"], ["25", "3"], ["25", "26"], ["26", "27"], ["26", "28"], ["30", "31"], ["30", "32"], ["32", "33"], ["35", "36"], ["35", "37"], ["37", "38"], ["40", "41"], ["40", "42"], ["44", "45"], ["44", "46"], ["47", "48"], ["47", "49"], ["49", "50"], ["49", "56"], ["49", "57"], ["49", "63"], ["49", "64"], ["49", "67"], ["49", "86"], ["49", "94"], ["50", "51"], ["50", "54"], ["51", "52"], ["51", "53"], ["54", "55"], ["57", "58"], ["57", "59"], ["59", "60"], ["60", "61"], ["60", "62"], ["64", "65"], ["64", "66"], ["67", "68"], ["67", "69"], ["67", "72"], ["67", "77"], ["67", "79"], ["69", "70"], ["69", "71"], ["72", "73"], ["72", "74"], ["74", "75"], ["74", "76"], ["77", "78"], ["79", "80"], ["79", "81"], ["81", "82"], ["81", "85"], ["82", "83"], ["82", "84"], ["86", "87"], ["86", "92"], ["87", "88"], ["87", "91"], ["88", "89"], ["88", "90"], ["92", "93"], ["94", "95"], ["96", "97"], ["96", "100"], ["97", "98"], ["97", "99"], ["100", "101"], ["100", "102"], ["100", "107"], ["102", "103"], ["102", "106"], ["103", "104"], ["103", "105"], ["108", "109"], ["22", "28"], ["25", "32"], ["30", "37"], ["35", "40"], ["40", "44"], ["44", "51"], ["44", "99"], ["96", "108"], ["108", "112"], ["24", "22"], ["26", "25"], ["32", "30"], ["37", "35"], ["97", "103"], ["100", "96"], ["28", "26"], ["57", "64"], ["64", "69"], ["94", "51"], ["94", "99"], ["99", "97"], ["102", "100"], ["51", "99"], ["51", "60"], ["59", "57"], ["69", "76"], ["72", "82"], ["72", "88"], ["77", "76"], ["79", "77"], ["87", "99"], ["87", "94"], ["103", "102"], ["60", "59"], ["74", "72"], ["81", "79"], ["88", "87"], ["76", "74"], ["82", "81"], ["19", "24"], ["20", "112"], ["22", "112"], ["25", "112"], ["25", "112"], ["30", "112"], ["35", "112"], ["35", "112"], ["40", "112"], ["40", "112"], ["44", "112"], ["44", "112"], ["51", "112"], ["57", "112"], ["59", "112"], ["57", "112"], ["57", "112"], ["64", "112"], ["69", "112"], ["72", "112"], ["72", "112"], ["72", "112"], ["88", "112"], ["87", "112"], ["87", "112"], ["87", "112"], ["94", "112"], ["81", "112"], ["79", "112"], ["79", "112"], ["77", "112"], ["96", "112"], ["103", "112"], ["103", "112"], ["102", "112"], ["100", "112"], ["96", "112"], ["96", "112"], ["108", "112"], ["108", "112"], ["100", "112"], ["19", "20"], ["19", "22"], ["32", "30"], ["37", "35"], ["35", "40"], ["19", "40"], ["19", "44"], ["22", "25"], ["19", "25"], ["19", "48"], ["100", "96"], ["100", "96"], ["100", "96"], ["37", "108"], ["19", "108"], ["25", "32"], ["19", "32"], ["32", "37"], ["19", "37"], ["59", "57"], ["19", "64"], ["19", "100"], ["103", "100"], ["103", "100"], ["19", "69"], ["81", "79"], ["81", "79"], ["88", "94"], ["19", "94"], ["103", "102"], ["103", "102"], ["19", "102"], ["40", "51"], ["94", "51"], ["19", "51"], ["30", "51"], ["19", "59"], ["51", "59"], ["69", "72"], ["77", "72"], ["19", "72"], ["57", "72"], ["72", "77"], ["19", "77"], ["64", "79"], ["19", "79"], ["88", "87"], ["88", "87"], ["19", "87"], ["35", "87"], ["30", "103"], ["51", "103"], ["19", "103"], ["40", "103"], ["51", "103"], ["88", "103"], ["94", "103"], ["19", "60"], ["51", "60"], ["57", "81"], ["19", "81"], ["19", "88"], ["51", "88"], ["64", "88"], ["79", "88"], ["51", "60"], ["51", "64"], ["51", "57"], ["51", "72"], ["51", "69"], ["51", "88"], ["51", "74"], ["51", "76"], ["51", "59"], ["51", "87"], ["72", "77"], ["72", "81"], ["72", "72"], ["72", "74"], ["72", "76"], ["72", "82"], ["72", "79"], ["87", "94"], ["87", "51"]], "features": {"19": "<(METHOD,main)<SUB>1</SUB>>", "21": "<(BLOCK,&lt;empty&gt;,&lt;empty&gt;)<SUB>1</SUB>>", "22": "<(&lt;operator&gt;.assignment,ANY scanner = new Scanner(System.in))<SUB>2</SUB>>", "24": "<(&lt;operator&gt;.alloc,new Scanner(System.in))<SUB>2</SUB>>", "3": "<(IDENTIFIER,scanner,new Scanner(System.in))<SUB>2</SUB>>", "27": "<(IDENTIFIER,System,new Scanner(System.in))<SUB>2</SUB>>", "29": "<(LOCAL,long n: long)<SUB>4</SUB>>", "31": "<(IDENTIFIER,n,long n = nextLong())<SUB>4</SUB>>", "33": "<(IDENTIFIER,scanner,nextLong())<SUB>4</SUB>>", "35": "<(&lt;operator&gt;.assignment,long s = nextLong())<SUB>5</SUB>>", "37": "<(nextLong,nextLong())<SUB>5</SUB>>", "39": "<(LOCAL,long myLong: long)<SUB>6</SUB>>", "41": "<(IDENTIFIER,myLong,long myLong = s)<SUB>6</SUB>>", "43": "<(LOCAL,long count: long)<SUB>7</SUB>>", "45": "<(IDENTIFIER,count,long count = 0)<SUB>7</SUB>>", "47": "<(CONTROL_STRUCTURE,while (true),while (true))<SUB>8</SUB>>", "49": "<(BLOCK,&lt;empty&gt;,&lt;empty&gt;)<SUB>8</SUB>>", "51": "<(&lt;operator&gt;.greaterThan,myLong &gt; n)<SUB>9</SUB>>", "53": "<(IDENTIFIER,n,myLong &gt; n)<SUB>9</SUB>>", "55": "<(CONTROL_STRUCTURE,break;,break;)<SUB>10</SUB>>", "57": "<(&lt;operator&gt;.assignment,char[] num = this.toCharArray())<SUB>12</SUB>>", "59": "<(toCharArray,this.toCharArray())<SUB>12</SUB>>", "61": "<(LITERAL,&quot;&quot;,&quot;&quot; + myLong)<SUB>12</SUB>>", "63": "<(LOCAL,int sum: int)<SUB>13</SUB>>", "65": "<(IDENTIFIER,sum,int sum = 0)<SUB>13</SUB>>", "67": "<(CONTROL_STRUCTURE,for (int j = 0; Some(j &lt; num.length); j++),for (int j = 0; Some(j &lt; num.length); j++))<SUB>14</SUB>>", "69": "<(&lt;operator&gt;.assignment,int j = 0)<SUB>14</SUB>>", "71": "<(LITERAL,0,int j = 0)<SUB>14</SUB>>", "73": "<(IDENTIFIER,j,j &lt; num.length)<SUB>14</SUB>>", "75": "<(IDENTIFIER,num,j &lt; num.length)<SUB>14</SUB>>", "77": "<(&lt;operator&gt;.postIncrement,j++)<SUB>14</SUB>>", "79": "<(&lt;operator&gt;.assignmentPlus,sum += num[j] - '0')<SUB>15</SUB>>", "81": "<(&lt;operator&gt;.subtraction,num[j] - '0')<SUB>15</SUB>>", "83": "<(IDENTIFIER,num,num[j] - '0')<SUB>15</SUB>>", "85": "<(LITERAL,'0',num[j] - '0')<SUB>15</SUB>>", "87": "<(&lt;operator&gt;.greaterEqualsThan,myLong - sum &gt;= s)<SUB>17</SUB>>", "89": "<(IDENTIFIER,myLong,myLong - sum)<SUB>17</SUB>>", "91": "<(IDENTIFIER,s,myLong - sum &gt;= s)<SUB>17</SUB>>", "93": "<(CONTROL_STRUCTURE,break;,break;)<SUB>19</SUB>>", "95": "<(IDENTIFIER,myLong,myLong++)<SUB>22</SUB>>", "97": "<(&lt;operator&gt;.fieldAccess,System.out)<SUB>24</SUB>>", "99": "<(FIELD_IDENTIFIER,out,out)<SUB>24</SUB>>", "101": "<(IDENTIFIER,Math,Math.max(n - myLong + 1, 0))<SUB>24</SUB>>", "103": "<(&lt;operator&gt;.subtraction,n - myLong)<SUB>24</SUB>>", "105": "<(IDENTIFIER,myLong,n - myLong)<SUB>24</SUB>>", "107": "<(LITERAL,0,Math.max(n - myLong + 1, 0))<SUB>24</SUB>>", "109": "<(IDENTIFIER,scanner,close())<SUB>25</SUB>>", "111": "<(MODIFIER,STATIC)>"}}