{"edges": [["19", "20"], ["19", "21"], ["19", "96"], ["19", "97"], ["19", "98"], ["21", "4"], ["21", "22"], ["21", "25"], ["21", "29"], ["21", "30"], ["21", "34"], ["21", "35"], ["21", "39"], ["21", "40"], ["21", "43"], ["21", "44"], ["21", "47"], ["21", "91"], ["22", "23"], ["22", "24"], ["25", "3"], ["25", "26"], ["26", "27"], ["26", "28"], ["30", "31"], ["30", "32"], ["32", "33"], ["35", "36"], ["35", "37"], ["37", "38"], ["40", "41"], ["40", "42"], ["44", "45"], ["44", "46"], ["47", "48"], ["47", "49"], ["47", "52"], ["47", "55"], ["47", "57"], ["49", "50"], ["49", "51"], ["52", "53"], ["52", "54"], ["55", "56"], ["57", "58"], ["58", "59"], ["58", "62"], ["58", "71"], ["59", "60"], ["59", "61"], ["62", "63"], ["62", "70"], ["63", "64"], ["63", "65"], ["65", "66"], ["65", "69"], ["66", "67"], ["66", "68"], ["71", "72"], ["72", "73"], ["73", "74"], ["73", "81"], ["73", "86"], ["74", "75"], ["74", "76"], ["76", "77"], ["76", "78"], ["78", "79"], ["78", "80"], ["81", "82"], ["81", "84"], ["82", "83"], ["84", "85"], ["86", "87"], ["87", "88"], ["88", "89"], ["88", "90"], ["91", "92"], ["91", "95"], ["92", "93"], ["92", "94"], ["22", "28"], ["25", "32"], ["30", "37"], ["35", "40"], ["40", "44"], ["44", "49"], ["91", "98"], ["24", "22"], ["26", "25"], ["32", "30"], ["37", "35"], ["49", "52"], ["52", "59"], ["52", "94"], ["55", "52"], ["92", "91"], ["28", "26"], ["94", "92"], ["59", "66"], ["59", "78"], ["63", "94"], ["65", "63"], ["66", "65"], ["74", "82"], ["74", "88"], ["76", "74"], ["82", "84"], ["84", "55"], ["78", "76"], ["88", "55"], ["19", "24"], ["20", "98"], ["22", "98"], ["25", "98"], ["25", "98"], ["30", "98"], ["37", "98"], ["35", "98"], ["35", "98"], ["40", "98"], ["44", "98"], ["44", "98"], ["49", "98"], ["49", "98"], ["52", "98"], ["52", "98"], ["52", "98"], ["59", "98"], ["59", "98"], ["76", "98"], ["76", "98"], ["74", "98"], ["74", "98"], ["88", "98"], ["88", "98"], ["82", "98"], ["84", "98"], ["84", "98"], ["55", "98"], ["66", "98"], ["66", "98"], ["65", "98"], ["63", "98"], ["63", "98"], ["91", "98"], ["91", "98"], ["91", "98"], ["78", "98"], ["19", "20"], ["19", "22"], ["32", "30"], ["37", "35"], ["19", "40"], ["19", "44"], ["22", "25"], ["19", "25"], ["35", "49"], ["19", "49"], ["40", "91"], ["82", "91"], ["63", "91"], ["19", "91"], ["25", "32"], ["19", "32"], ["32", "37"], ["19", "37"], ["49", "52"], ["55", "52"], ["19", "52"], ["30", "52"], ["74", "55"], ["19", "55"], ["44", "59"], ["88", "59"], ["84", "59"], ["19", "59"], ["66", "63"], ["66", "63"], ["19", "63"], ["40", "63"], ["82", "63"], ["66", "65"], ["66", "65"], ["19", "65"], ["52", "66"], ["19", "66"], ["52", "66"], ["78", "74"], ["19", "74"], ["35", "74"], ["78", "74"], ["19", "76"], ["35", "76"], ["78", "76"], ["78", "76"], ["40", "82"], ["19", "82"], ["59", "84"], ["19", "84"], ["19", "88"], ["19", "78"], ["52", "78"], ["52", "59"], ["59", "66"], ["59", "52"], ["59", "74"], ["59", "63"], ["59", "76"], ["59", "65"], ["59", "55"], ["59", "78"], ["74", "84"], ["74", "88"], ["74", "82"]], "features": {"19": "<(METHOD,main)<SUB>1</SUB>>", "21": "<(BLOCK,&lt;empty&gt;,&lt;empty&gt;)<SUB>1</SUB>>", "22": "<(&lt;operator&gt;.assignment,ANY sc = new Scanner(System.in))<SUB>2</SUB>>", "24": "<(&lt;operator&gt;.alloc,new Scanner(System.in))<SUB>3</SUB>>", "3": "<(IDENTIFIER,sc,new Scanner(System.in))<SUB>3</SUB>>", "27": "<(IDENTIFIER,System,new Scanner(System.in))<SUB>3</SUB>>", "29": "<(LOCAL,long n: long)<SUB>4</SUB>>", "31": "<(IDENTIFIER,n,long n = nextLong())<SUB>4</SUB>>", "33": "<(IDENTIFIER,sc,nextLong())<SUB>4</SUB>>", "35": "<(&lt;operator&gt;.assignment,long s = nextLong())<SUB>5</SUB>>", "37": "<(nextLong,nextLong())<SUB>5</SUB>>", "39": "<(LOCAL,long bigNums: long)<SUB>6</SUB>>", "41": "<(IDENTIFIER,bigNums,long bigNums = 0)<SUB>6</SUB>>", "43": "<(LOCAL,long inARow: long)<SUB>7</SUB>>", "45": "<(IDENTIFIER,inARow,long inARow = 0)<SUB>7</SUB>>", "47": "<(CONTROL_STRUCTURE,for (long i = s; Some(i &lt;= n); i++),for (long i = s; Some(i &lt;= n); i++))<SUB>8</SUB>>", "49": "<(&lt;operator&gt;.assignment,long i = s)<SUB>8</SUB>>", "51": "<(IDENTIFIER,s,long i = s)<SUB>8</SUB>>", "53": "<(IDENTIFIER,i,i &lt;= n)<SUB>8</SUB>>", "55": "<(&lt;operator&gt;.postIncrement,i++)<SUB>8</SUB>>", "57": "<(BLOCK,&lt;empty&gt;,&lt;empty&gt;)<SUB>8</SUB>>", "59": "<(&lt;operator&gt;.equals,inARow == 9)<SUB>9</SUB>>", "61": "<(LITERAL,9,inARow == 9)<SUB>9</SUB>>", "63": "<(&lt;operator&gt;.assignmentPlus,bigNums += n - i + 1)<SUB>10</SUB>>", "65": "<(&lt;operator&gt;.addition,n - i + 1)<SUB>10</SUB>>", "67": "<(IDENTIFIER,n,n - i)<SUB>10</SUB>>", "69": "<(LITERAL,1,n - i + 1)<SUB>10</SUB>>", "71": "<(CONTROL_STRUCTURE,else,else)<SUB>12</SUB>>", "73": "<(CONTROL_STRUCTURE,if (i &gt;= s + digitSum(i)),if (i &gt;= s + digitSum(i)))<SUB>13</SUB>>", "75": "<(IDENTIFIER,i,i &gt;= s + digitSum(i))<SUB>13</SUB>>", "77": "<(IDENTIFIER,s,s + digitSum(i))<SUB>13</SUB>>", "79": "<(IDENTIFIER,this,digitSum(i))<SUB>13</SUB>>", "81": "<(BLOCK,&lt;empty&gt;,&lt;empty&gt;)<SUB>13</SUB>>", "83": "<(IDENTIFIER,bigNums,bigNums++)<SUB>14</SUB>>", "85": "<(IDENTIFIER,inARow,inARow++)<SUB>15</SUB>>", "87": "<(BLOCK,&lt;empty&gt;,&lt;empty&gt;)<SUB>16</SUB>>", "89": "<(IDENTIFIER,inARow,inARow = 0)<SUB>17</SUB>>", "91": "<(println,System.out.println(bigNums))<SUB>21</SUB>>", "93": "<(IDENTIFIER,System,System.out.println(bigNums))<SUB>21</SUB>>", "95": "<(IDENTIFIER,bigNums,System.out.println(bigNums))<SUB>21</SUB>>", "97": "<(MODIFIER,STATIC)>"}}