{"edges": [["19", "21"], ["19", "35"], ["19", "36"], ["19", "37"], ["21", "22"], ["21", "4"], ["21", "27"], ["21", "30"], ["21", "31"], ["21", "33"], ["22", "23"], ["22", "24"], ["24", "25"], ["25", "26"], ["27", "28"], ["27", "29"], ["30", "3"], ["31", "32"], ["33", "34"], ["27", "30"], ["30", "31"], ["31", "33"], ["33", "37"], ["23", "25"], ["23", "29"], ["29", "27"], ["25", "29"], ["19", "23"], ["20", "37"], ["25", "37"], ["27", "37"], ["30", "37"], ["31", "37"], ["33", "37"], ["33", "37"], ["25", "37"], ["19", "20"], ["19", "27"], ["19", "23"], ["27", "30"], ["19", "30"], ["30", "31"], ["19", "31"], ["31", "33"], ["19", "33"], ["19", "25"], ["23", "25"]], "features": {"19": "<(METHOD,main)<SUB>1</SUB>>", "21": "<(BLOCK,&lt;empty&gt;,&lt;empty&gt;)<SUB>1</SUB>>", "23": "<(IDENTIFIER,DEBUG,if (DEBUG))<SUB>2</SUB>>", "25": "<(generate,generate())<SUB>3</SUB>>", "4": "<(LOCAL,Solver solver: ANY)<SUB>5</SUB>>", "28": "<(IDENTIFIER,solver,ANY solver = new Solver())<SUB>5</SUB>>", "30": "<(&lt;init&gt;,new Solver())<SUB>5</SUB>>", "31": "<(readData,readData())<SUB>6</SUB>>", "33": "<(solveAndPrint,solveAndPrint())<SUB>7</SUB>>", "35": "<(MODIFIER,PUBLIC)>", "37": "<(METHOD_RETURN,void)<SUB>1</SUB>>"}}