{"edges": [["19", "21"], ["19", "139"], ["19", "140"], ["19", "141"], ["21", "4"], ["21", "22"], ["21", "25"], ["21", "29"], ["21", "30"], ["21", "31"], ["21", "34"], ["21", "37"], ["21", "38"], ["21", "39"], ["21", "40"], ["21", "41"], ["21", "45"], ["21", "49"], ["21", "53"], ["21", "58"], ["22", "23"], ["22", "24"], ["25", "3"], ["25", "26"], ["26", "27"], ["26", "28"], ["31", "32"], ["31", "33"], ["34", "35"], ["34", "36"], ["41", "42"], ["41", "43"], ["43", "44"], ["45", "46"], ["45", "47"], ["47", "48"], ["49", "50"], ["49", "51"], ["51", "52"], ["53", "54"], ["53", "55"], ["55", "56"], ["55", "57"], ["58", "59"], ["58", "70"], ["58", "75"], ["59", "60"], ["59", "61"], ["61", "62"], ["61", "67"], ["62", "63"], ["62", "64"], ["64", "65"], ["64", "66"], ["67", "68"], ["67", "69"], ["70", "71"], ["70", "74"], ["71", "72"], ["71", "73"], ["75", "76"], ["76", "77"], ["76", "78"], ["76", "91"], ["76", "92"], ["76", "93"], ["76", "96"], ["76", "99"], ["76", "100"], ["76", "113"], ["76", "122"], ["78", "79"], ["78", "80"], ["80", "81"], ["80", "88"], ["81", "82"], ["81", "83"], ["83", "84"], ["83", "85"], ["85", "86"], ["85", "87"], ["88", "89"], ["88", "90"], ["93", "94"], ["93", "95"], ["96", "97"], ["96", "98"], ["100", "101"], ["100", "102"], ["102", "103"], ["103", "104"], ["103", "107"], ["103", "110"], ["104", "105"], ["104", "106"], ["107", "108"], ["107", "109"], ["110", "111"], ["110", "112"], ["113", "114"], ["113", "115"], ["115", "116"], ["115", "121"], ["116", "117"], ["116", "118"], ["118", "119"], ["118", "120"], ["122", "123"], ["122", "126"], ["123", "124"], ["123", "125"], ["126", "127"], ["126", "138"], ["127", "128"], ["127", "133"], ["128", "129"], ["128", "132"], ["129", "130"], ["129", "131"], ["133", "134"], ["133", "135"], ["135", "136"], ["135", "137"], ["22", "28"], ["25", "31"], ["31", "34"], ["34", "43"], ["41", "47"], ["45", "51"], ["49", "55"], ["53", "64"], ["24", "22"], ["26", "25"], ["43", "41"], ["47", "45"], ["51", "49"], ["55", "53"], ["59", "73"], ["59", "85"], ["70", "141"], ["28", "26"], ["61", "59"], ["71", "70"], ["62", "67"], ["67", "61"], ["73", "71"], ["78", "93"], ["93", "96"], ["96", "104"], ["100", "118"], ["113", "125"], ["122", "141"], ["64", "62"], ["80", "78"], ["102", "100"], ["115", "113"], ["123", "129"], ["126", "122"], ["81", "88"], ["88", "80"], ["103", "102"], ["116", "115"], ["125", "123"], ["127", "126"], ["83", "81"], ["104", "107"], ["107", "110"], ["110", "103"], ["118", "116"], ["128", "135"], ["133", "127"], ["85", "83"], ["129", "128"], ["135", "133"], ["19", "24"], ["20", "141"], ["22", "141"], ["25", "141"], ["25", "141"], ["31", "141"], ["31", "141"], ["34", "141"], ["34", "141"], ["41", "141"], ["45", "141"], ["51", "141"], ["49", "141"], ["49", "141"], ["53", "141"], ["53", "141"], ["62", "141"], ["62", "141"], ["61", "141"], ["67", "141"], ["67", "141"], ["61", "141"], ["59", "141"], ["59", "141"], ["70", "141"], ["70", "141"], ["70", "141"], ["19", "20"], ["19", "22"], ["19", "31"], ["19", "34"], ["43", "41"], ["47", "45"], ["51", "49"], ["55", "53"], ["55", "53"], ["22", "25"], ["19", "25"], ["25", "43"], ["19", "43"], ["43", "47"], ["19", "47"], ["47", "51"], ["19", "51"], ["41", "55"], ["19", "55"], ["49", "55"], ["45", "59"], ["19", "59"], ["62", "59"], ["62", "59"], ["67", "59"], ["67", "59"], ["59", "70"], ["19", "70"], ["62", "61"], ["62", "61"], ["67", "61"], ["67", "61"], ["80", "78"], ["80", "78"], ["19", "93"], ["19", "96"], ["102", "100"], ["115", "113"], ["115", "113"], ["53", "62"], ["19", "62"], ["64", "62"], ["64", "62"], ["55", "67"], ["19", "67"], ["64", "67"], ["126", "122"], ["126", "122"], ["55", "64"], ["19", "64"], ["81", "80"], ["81", "80"], ["88", "80"], ["88", "80"], ["103", "102"], ["103", "102"], ["103", "102"], ["116", "115"], ["116", "115"], ["110", "115"], ["19", "115"], ["128", "126"], ["128", "126"], ["133", "126"], ["133", "126"], ["19", "126"], ["59", "81"], ["19", "81"], ["83", "81"], ["83", "81"], ["67", "88"], ["19", "88"], ["85", "88"], ["104", "103"], ["104", "103"], ["107", "103"], ["107", "103"], ["110", "103"], ["110", "103"], ["19", "116"], ["118", "116"], ["118", "116"], ["128", "127"], ["128", "127"], ["133", "127"], ["133", "127"], ["62", "83"], ["19", "83"], ["85", "83"], ["85", "83"], ["19", "104"], ["104", "107"], ["19", "107"], ["78", "107"], ["107", "110"], ["19", "110"], ["34", "110"], ["100", "118"], ["19", "118"], ["129", "128"], ["129", "128"], ["115", "128"], ["19", "128"], ["81", "133"], ["19", "133"], ["135", "133"], ["135", "133"], ["67", "85"], ["19", "85"], ["113", "129"], ["19", "129"], ["88", "129"], ["107", "135"], ["19", "135"], ["129", "135"], ["59", "107"], ["59", "115"], ["59", "73"], ["59", "96"], ["59", "113"], ["59", "116"], ["59", "122"], ["59", "128"], ["59", "81"], ["59", "102"], ["59", "85"], ["59", "103"], ["59", "104"], ["59", "123"], ["59", "129"], ["59", "93"], ["59", "126"], ["59", "80"], ["59", "83"], ["59", "71"], ["59", "118"], ["59", "100"], ["59", "135"], ["59", "88"], ["59", "70"], ["59", "110"], ["59", "127"], ["59", "125"], ["59", "78"], ["59", "133"]], "features": {"19": "<(METHOD,main)<SUB>1</SUB>>", "21": "<(BLOCK,&lt;empty&gt;,&lt;empty&gt;)<SUB>1</SUB>>", "22": "<(&lt;operator&gt;.assignment,ANY sc = new Scanner(System.in))<SUB>2</SUB>>", "24": "<(&lt;operator&gt;.alloc,new Scanner(System.in))<SUB>2</SUB>>", "3": "<(IDENTIFIER,sc,new Scanner(System.in))<SUB>2</SUB>>", "27": "<(IDENTIFIER,System,new Scanner(System.in))<SUB>2</SUB>>", "29": "<(LOCAL,long s: long)<SUB>3</SUB>>", "31": "<(&lt;operator&gt;.assignment,long s = 0)<SUB>3</SUB>>", "33": "<(LITERAL,0,long s = 0)<SUB>3</SUB>>", "35": "<(IDENTIFIER,mod,long mod = 1000000009)<SUB>3</SUB>>", "37": "<(LOCAL,int n: int)<SUB>4</SUB>>", "39": "<(LOCAL,int k: int)<SUB>4</SUB>>", "41": "<(&lt;operator&gt;.assignment,int n = nextInt())<SUB>4</SUB>>", "43": "<(nextInt,nextInt())<SUB>4</SUB>>", "45": "<(&lt;operator&gt;.assignment,int m = nextInt())<SUB>4</SUB>>", "47": "<(nextInt,nextInt())<SUB>4</SUB>>", "49": "<(&lt;operator&gt;.assignment,int k = nextInt())<SUB>4</SUB>>", "51": "<(nextInt,nextInt())<SUB>4</SUB>>", "53": "<(&lt;operator&gt;.assignment,int c = n / k)<SUB>4</SUB>>", "55": "<(&lt;operator&gt;.division,n / k)<SUB>4</SUB>>", "57": "<(IDENTIFIER,k,n / k)<SUB>4</SUB>>", "59": "<(&lt;operator&gt;.lessEqualsThan,m &lt;= c * (k - 1) + (n % k))<SUB>5</SUB>>", "61": "<(&lt;operator&gt;.addition,c * (k - 1) + (n % k))<SUB>5</SUB>>", "63": "<(IDENTIFIER,c,c * (k - 1))<SUB>5</SUB>>", "65": "<(IDENTIFIER,k,k - 1)<SUB>5</SUB>>", "67": "<(&lt;operator&gt;.modulo,n % k)<SUB>5</SUB>>", "69": "<(IDENTIFIER,k,n % k)<SUB>5</SUB>>", "71": "<(&lt;operator&gt;.fieldAccess,System.out)<SUB>5</SUB>>", "73": "<(FIELD_IDENTIFIER,out,out)<SUB>5</SUB>>", "75": "<(CONTROL_STRUCTURE,else,else)<SUB>6</SUB>>", "77": "<(LOCAL,int a: int)<SUB>7</SUB>>", "79": "<(IDENTIFIER,a,int a = m - c * (k - 1) - (n % k))<SUB>7</SUB>>", "81": "<(&lt;operator&gt;.subtraction,m - c * (k - 1))<SUB>7</SUB>>", "83": "<(&lt;operator&gt;.multiplication,c * (k - 1))<SUB>7</SUB>>", "85": "<(&lt;operator&gt;.subtraction,k - 1)<SUB>7</SUB>>", "87": "<(LITERAL,1,k - 1)<SUB>7</SUB>>", "89": "<(IDENTIFIER,n,n % k)<SUB>7</SUB>>", "91": "<(LOCAL,long l: long)<SUB>8</SUB>>", "93": "<(&lt;operator&gt;.assignment,long l = 0)<SUB>8</SUB>>", "95": "<(LITERAL,0,long l = 0)<SUB>8</SUB>>", "97": "<(IDENTIFIER,pase,long pase = 0)<SUB>8</SUB>>", "99": "<(LOCAL,long pot: long)<SUB>10</SUB>>", "101": "<(IDENTIFIER,pot,long pot = longValue())<SUB>10</SUB>>", "103": "<(modPow,modPow(BigInteger.valueOf(a), BigInteger.valueOf(mod)))<SUB>10</SUB>>", "105": "<(IDENTIFIER,BigInteger,valueOf(2))<SUB>10</SUB>>", "107": "<(valueOf,valueOf(a))<SUB>10</SUB>>", "109": "<(IDENTIFIER,a,valueOf(a))<SUB>10</SUB>>", "111": "<(IDENTIFIER,BigInteger,valueOf(mod))<SUB>10</SUB>>", "113": "<(&lt;operator&gt;.assignment,pot = (2 * (pot - 1)) % mod)<SUB>11</SUB>>", "115": "<(&lt;operator&gt;.modulo,(2 * (pot - 1)) % mod)<SUB>11</SUB>>", "117": "<(LITERAL,2,2 * (pot - 1))<SUB>11</SUB>>", "119": "<(IDENTIFIER,pot,pot - 1)<SUB>11</SUB>>", "121": "<(IDENTIFIER,mod,(2 * (pot - 1)) % mod)<SUB>11</SUB>>", "123": "<(&lt;operator&gt;.fieldAccess,System.out)<SUB>14</SUB>>", "125": "<(FIELD_IDENTIFIER,out,out)<SUB>14</SUB>>", "127": "<(&lt;operator&gt;.addition,(pot * k) % mod + (m - a * k))<SUB>14</SUB>>", "129": "<(&lt;operator&gt;.multiplication,pot * k)<SUB>14</SUB>>", "131": "<(IDENTIFIER,k,pot * k)<SUB>14</SUB>>", "133": "<(&lt;operator&gt;.subtraction,m - a * k)<SUB>14</SUB>>", "135": "<(&lt;operator&gt;.multiplication,a * k)<SUB>14</SUB>>", "137": "<(IDENTIFIER,k,a * k)<SUB>14</SUB>>", "139": "<(MODIFIER,PUBLIC)>", "141": "<(METHOD_RETURN,void)<SUB>1</SUB>>"}}