{"edges": [["21", "22"], ["21", "23"], ["21", "58"], ["21", "59"], ["21", "60"], ["23", "24"], ["23", "25"], ["23", "30"], ["23", "31"], ["23", "4"], ["23", "36"], ["23", "39"], ["23", "6"], ["23", "41"], ["23", "44"], ["23", "46"], ["23", "56"], ["25", "26"], ["25", "27"], ["27", "28"], ["27", "29"], ["31", "32"], ["31", "33"], ["33", "34"], ["33", "35"], ["36", "37"], ["36", "38"], ["39", "3"], ["39", "40"], ["41", "42"], ["41", "43"], ["44", "5"], ["44", "45"], ["46", "47"], ["46", "54"], ["46", "55"], ["47", "48"], ["47", "51"], ["47", "53"], ["48", "49"], ["48", "50"], ["51", "52"], ["56", "57"], ["25", "35"], ["31", "38"], ["36", "39"], ["39", "43"], ["41", "44"], ["44", "50"], ["46", "56"], ["56", "60"], ["27", "25"], ["33", "31"], ["38", "36"], ["43", "41"], ["29", "27"], ["35", "33"], ["48", "51"], ["51", "46"], ["50", "48"], ["21", "29"], ["22", "60"], ["25", "60"], ["25", "60"], ["31", "60"], ["31", "60"], ["36", "60"], ["39", "60"], ["39", "60"], ["41", "60"], ["44", "60"], ["44", "60"], ["48", "60"], ["51", "60"], ["51", "60"], ["46", "60"], ["46", "60"], ["56", "60"], ["56", "60"], ["21", "22"], ["21", "36"], ["21", "41"], ["36", "39"], ["21", "39"], ["25", "39"], ["41", "44"], ["21", "44"], ["31", "44"], ["48", "46"], ["51", "46"], ["21", "46"], ["39", "46"], ["44", "46"], ["46", "56"], ["21", "56"], ["21", "48"], ["21", "53"], ["48", "51"], ["21", "51"]], "features": {"21": "<(METHOD,main)<SUB>1</SUB>>", "23": "<(BLOCK,&lt;empty&gt;,&lt;empty&gt;)<SUB>1</SUB>>", "25": "<(&lt;operator&gt;.assignment,ANY inputStream = System.in)<SUB>2</SUB>>", "27": "<(&lt;operator&gt;.fieldAccess,System.in)<SUB>2</SUB>>", "29": "<(FIELD_IDENTIFIER,in,in)<SUB>2</SUB>>", "31": "<(&lt;operator&gt;.assignment,ANY outputStream = System.out)<SUB>3</SUB>>", "33": "<(&lt;operator&gt;.fieldAccess,System.out)<SUB>3</SUB>>", "35": "<(FIELD_IDENTIFIER,out,out)<SUB>3</SUB>>", "36": "<(&lt;operator&gt;.assignment,ANY in = new InputReader(inputStream))<SUB>4</SUB>>", "38": "<(&lt;operator&gt;.alloc,new InputReader(inputStream))<SUB>4</SUB>>", "3": "<(IDENTIFIER,in,new InputReader(inputStream))<SUB>4</SUB>>", "6": "<(LOCAL,PrintWriter out: ANY)<SUB>5</SUB>>", "42": "<(IDENTIFIER,out,ANY out = new PrintWriter(outputStream))<SUB>5</SUB>>", "44": "<(&lt;init&gt;,new PrintWriter(outputStream))<SUB>5</SUB>>", "45": "<(IDENTIFIER,outputStream,new PrintWriter(outputStream))<SUB>5</SUB>>", "47": "<(BLOCK,&lt;empty&gt;,&lt;empty&gt;)<SUB>6</SUB>>", "49": "<(IDENTIFIER,$obj2,&lt;empty&gt;)>", "51": "<(&lt;init&gt;,new TaskC())<SUB>6</SUB>>", "53": "<(IDENTIFIER,$obj2,&lt;empty&gt;)>", "55": "<(IDENTIFIER,out,solve(in, out))<SUB>6</SUB>>", "57": "<(IDENTIFIER,out,close())<SUB>7</SUB>>", "59": "<(MODIFIER,STATIC)>"}}