{"edges": [["21", "23"], ["21", "73"], ["21", "74"], ["21", "75"], ["23", "4"], ["23", "24"], ["23", "27"], ["23", "6"], ["23", "48"], ["23", "51"], ["23", "65"], ["23", "69"], ["23", "71"], ["24", "25"], ["24", "26"], ["27", "3"], ["27", "28"], ["28", "29"], ["28", "32"], ["28", "47"], ["29", "30"], ["29", "31"], ["32", "33"], ["32", "34"], ["34", "35"], ["34", "36"], ["34", "39"], ["36", "37"], ["36", "38"], ["39", "40"], ["39", "43"], ["39", "46"], ["40", "41"], ["40", "42"], ["43", "44"], ["43", "45"], ["48", "49"], ["48", "50"], ["51", "5"], ["51", "52"], ["52", "53"], ["52", "54"], ["52", "57"], ["54", "55"], ["54", "56"], ["57", "58"], ["57", "61"], ["57", "64"], ["58", "59"], ["58", "60"], ["61", "62"], ["61", "63"], ["65", "66"], ["65", "67"], ["65", "68"], ["69", "70"], ["71", "72"], ["24", "31"], ["27", "50"], ["48", "56"], ["48", "60"], ["51", "65"], ["65", "69"], ["69", "71"], ["71", "75"], ["26", "24"], ["50", "48"], ["52", "51"], ["29", "38"], ["29", "42"], ["32", "27"], ["54", "52"], ["31", "29"], ["34", "32"], ["56", "54"], ["58", "61"], ["61", "52"], ["36", "34"], ["60", "58"], ["38", "36"], ["40", "43"], ["43", "34"], ["42", "40"], ["21", "26"], ["22", "75"], ["24", "75"], ["29", "75"], ["32", "75"], ["40", "75"], ["43", "75"], ["43", "75"], ["34", "75"], ["32", "75"], ["32", "75"], ["27", "75"], ["48", "75"], ["52", "75"], ["58", "75"], ["61", "75"], ["61", "75"], ["52", "75"], ["51", "75"], ["51", "75"], ["65", "75"], ["69", "75"], ["71", "75"], ["71", "75"], ["65", "75"], ["61", "75"], ["43", "75"], ["21", "22"], ["21", "24"], ["21", "48"], ["24", "27"], ["21", "27"], ["29", "27"], ["40", "27"], ["32", "27"], ["48", "51"], ["21", "51"], ["29", "51"], ["40", "51"], ["58", "51"], ["61", "51"], ["21", "65"], ["27", "65"], ["51", "65"], ["65", "69"], ["21", "69"], ["65", "71"], ["21", "71"], ["21", "29"], ["21", "47"], ["29", "52"], ["40", "52"], ["58", "52"], ["61", "52"], ["29", "32"], ["21", "32"], ["29", "32"], ["40", "32"], ["43", "32"], ["21", "58"], ["21", "64"], ["29", "34"], ["40", "34"], ["43", "34"], ["58", "61"], ["21", "61"], ["21", "40"], ["21", "46"], ["40", "43"], ["21", "43"]], "features": {"21": "<(METHOD,main)<SUB>1</SUB>>", "23": "<(BLOCK,&lt;empty&gt;,&lt;empty&gt;)<SUB>1</SUB>>", "24": "<(&lt;operator&gt;.assignment,ANY reader = new Scanner(new InputStreamReader(debugMode ? System.in : new FileInputStream(FILE_IN))))<SUB>3</SUB>>", "26": "<(&lt;operator&gt;.alloc,new Scanner(new InputStreamReader(debugMode ? System.in : new FileInputStream(FILE_IN))))<SUB>3</SUB>>", "3": "<(IDENTIFIER,reader,new Scanner(new InputStreamReader(debugMode ? System.in : new FileInputStream(FILE_IN))))<SUB>3</SUB>>", "29": "<(&lt;operator&gt;.assignment,&lt;empty&gt;)>", "31": "<(&lt;operator&gt;.alloc,new InputStreamReader(debugMode ? System.in : new FileInputStream(FILE_IN)))<SUB>3</SUB>>", "33": "<(IDENTIFIER,$obj1,new InputStreamReader(debugMode ? System.in : new FileInputStream(FILE_IN)))>", "35": "<(IDENTIFIER,debugMode,debugMode ? System.in : new FileInputStream(FILE_IN))<SUB>3</SUB>>", "37": "<(IDENTIFIER,System,debugMode ? System.in : new FileInputStream(FILE_IN))<SUB>3</SUB>>", "39": "<(BLOCK,&lt;empty&gt;,&lt;empty&gt;)<SUB>3</SUB>>", "41": "<(IDENTIFIER,$obj0,&lt;empty&gt;)>", "43": "<(&lt;init&gt;,new FileInputStream(FILE_IN))<SUB>3</SUB>>", "45": "<(IDENTIFIER,FILE_IN,new FileInputStream(FILE_IN))<SUB>3</SUB>>", "47": "<(IDENTIFIER,$obj1,&lt;empty&gt;)>", "48": "<(&lt;operator&gt;.assignment,ANY writer = new PrintWriter(debugMode ? System.out : new FileOutputStream(FILE_OUT)))<SUB>4</SUB>>", "50": "<(&lt;operator&gt;.alloc,new PrintWriter(debugMode ? System.out : new FileOutputStream(FILE_OUT)))<SUB>4</SUB>>", "5": "<(IDENTIFIER,writer,new PrintWriter(debugMode ? System.out : new FileOutputStream(FILE_OUT)))<SUB>4</SUB>>", "53": "<(IDENTIFIER,debugMode,debugMode ? System.out : new FileOutputStream(FILE_OUT))<SUB>4</SUB>>", "55": "<(IDENTIFIER,System,debugMode ? System.out : new FileOutputStream(FILE_OUT))<SUB>4</SUB>>", "57": "<(BLOCK,&lt;empty&gt;,&lt;empty&gt;)<SUB>4</SUB>>", "59": "<(IDENTIFIER,$obj3,&lt;empty&gt;)>", "61": "<(&lt;init&gt;,new FileOutputStream(FILE_OUT))<SUB>4</SUB>>", "63": "<(IDENTIFIER,FILE_OUT,new FileOutputStream(FILE_OUT))<SUB>4</SUB>>", "65": "<(solveTheProblem,solveTheProblem(reader, writer))<SUB>7</SUB>>", "67": "<(IDENTIFIER,reader,solveTheProblem(reader, writer))<SUB>7</SUB>>", "69": "<(close,close())<SUB>10</SUB>>", "71": "<(close,close())<SUB>11</SUB>>", "73": "<(MODIFIER,PUBLIC)>", "75": "<(METHOD_RETURN,void)<SUB>1</SUB>>"}}