{"edges": [["19", "20"], ["19", "21"], ["19", "42"], ["19", "43"], ["19", "44"], ["21", "4"], ["21", "22"], ["21", "25"], ["21", "38"], ["21", "40"], ["22", "23"], ["22", "24"], ["25", "3"], ["25", "26"], ["25", "27"], ["25", "34"], ["25", "35"], ["27", "28"], ["27", "31"], ["27", "33"], ["28", "29"], ["28", "30"], ["31", "32"], ["35", "36"], ["35", "37"], ["38", "39"], ["40", "41"], ["22", "30"], ["25", "38"], ["38", "40"], ["40", "44"], ["24", "22"], ["35", "25"], ["28", "31"], ["31", "35"], ["30", "28"], ["19", "24"], ["20", "44"], ["22", "44"], ["28", "44"], ["31", "44"], ["31", "44"], ["25", "44"], ["25", "44"], ["38", "44"], ["40", "44"], ["40", "44"], ["19", "20"], ["19", "22"], ["22", "25"], ["19", "25"], ["28", "25"], ["31", "25"], ["35", "25"], ["35", "25"], ["25", "38"], ["19", "38"], ["38", "40"], ["19", "40"], ["19", "28"], ["19", "33"], ["19", "35"], ["28", "31"], ["19", "31"]], "features": {"19": "<(METHOD,main)<SUB>1</SUB>>", "21": "<(BLOCK,&lt;empty&gt;,&lt;empty&gt;)<SUB>1</SUB>>", "22": "<(&lt;operator&gt;.assignment,Thread thread = new Thread(null, new TaskAdapter(), &quot;&quot;, 1 &lt;&lt; 29))<SUB>2</SUB>>", "24": "<(&lt;operator&gt;.alloc,new Thread(null, new TaskAdapter(), &quot;&quot;, 1 &lt;&lt; 29))<SUB>2</SUB>>", "3": "<(IDENTIFIER,thread,new Thread(null, new TaskAdapter(), &quot;&quot;, 1 &lt;&lt; 29))<SUB>2</SUB>>", "27": "<(BLOCK,&lt;empty&gt;,&lt;empty&gt;)<SUB>2</SUB>>", "29": "<(IDENTIFIER,$obj0,&lt;empty&gt;)>", "31": "<(&lt;init&gt;,new TaskAdapter())<SUB>2</SUB>>", "33": "<(IDENTIFIER,$obj0,&lt;empty&gt;)>", "35": "<(&lt;operator&gt;.shiftLeft,1 &lt;&lt; 29)<SUB>2</SUB>>", "37": "<(LITERAL,29,1 &lt;&lt; 29)<SUB>2</SUB>>", "39": "<(IDENTIFIER,thread,thread.start())<SUB>3</SUB>>", "41": "<(IDENTIFIER,thread,thread.join())<SUB>4</SUB>>", "43": "<(MODIFIER,STATIC)>"}}