{"edges": [["17", "18"], ["17", "19"], ["17", "86"], ["17", "87"], ["17", "88"], ["19", "20"], ["19", "73"], ["19", "81"], ["19", "83"], ["19", "85"], ["20", "21"], ["20", "22"], ["20", "50"], ["22", "23"], ["22", "27"], ["22", "30"], ["22", "42"], ["22", "45"], ["23", "24"], ["24", "25"], ["24", "26"], ["27", "28"], ["27", "29"], ["30", "31"], ["30", "32"], ["32", "33"], ["32", "36"], ["32", "41"], ["33", "34"], ["33", "35"], ["36", "37"], ["36", "38"], ["38", "39"], ["38", "40"], ["42", "43"], ["42", "44"], ["45", "46"], ["45", "47"], ["47", "48"], ["47", "49"], ["50", "51"], ["51", "52"], ["51", "55"], ["51", "65"], ["51", "68"], ["52", "53"], ["52", "54"], ["55", "56"], ["55", "57"], ["57", "58"], ["57", "61"], ["57", "64"], ["58", "59"], ["58", "60"], ["61", "62"], ["61", "63"], ["65", "66"], ["65", "67"], ["68", "69"], ["68", "70"], ["70", "71"], ["70", "72"], ["73", "74"], ["74", "75"], ["74", "78"], ["74", "80"], ["75", "76"], ["75", "77"], ["78", "79"], ["81", "82"], ["83", "84"], ["73", "81"], ["81", "83"], ["83", "85"], ["85", "88"], ["21", "26"], ["21", "54"], ["23", "29"], ["27", "35"], ["30", "44"], ["42", "49"], ["45", "77"], ["75", "78"], ["78", "73"], ["24", "23"], ["29", "27"], ["44", "42"], ["47", "45"], ["52", "60"], ["55", "67"], ["65", "72"], ["68", "77"], ["77", "75"], ["26", "24"], ["33", "40"], ["36", "30"], ["49", "47"], ["54", "52"], ["67", "65"], ["70", "68"], ["35", "33"], ["38", "36"], ["58", "61"], ["61", "55"], ["72", "70"], ["40", "38"], ["60", "58"], ["17", "21"], ["85", "88"], ["18", "88"], ["52", "88"], ["55", "88"], ["61", "88"], ["61", "88"], ["55", "88"], ["65", "88"], ["68", "88"], ["68", "88"], ["23", "88"], ["27", "88"], ["30", "88"], ["36", "88"], ["36", "88"], ["36", "88"], ["30", "88"], ["42", "88"], ["45", "88"], ["45", "88"], ["75", "88"], ["78", "88"], ["78", "88"], ["73", "88"], ["81", "88"], ["83", "88"], ["83", "88"], ["17", "18"], ["17", "85"], ["17", "21"], ["75", "73"], ["78", "73"], ["17", "73"], ["68", "81"], ["45", "81"], ["17", "81"], ["81", "83"], ["17", "83"], ["17", "27"], ["17", "42"], ["17", "75"], ["17", "80"], ["27", "30"], ["17", "30"], ["33", "30"], ["36", "30"], ["42", "45"], ["17", "45"], ["23", "45"], ["17", "52"], ["17", "65"], ["75", "78"], ["17", "78"], ["17", "33"], ["17", "41"], ["52", "55"], ["17", "55"], ["58", "55"], ["61", "55"], ["65", "68"], ["17", "68"], ["33", "36"], ["17", "36"], ["17", "58"], ["17", "64"], ["58", "61"], ["17", "61"], ["21", "47"], ["21", "30"], ["21", "68"], ["21", "49"], ["21", "60"], ["21", "26"], ["21", "42"], ["21", "52"], ["21", "38"], ["21", "72"], ["21", "67"], ["21", "45"], ["21", "27"], ["21", "40"], ["21", "29"], ["21", "65"], ["21", "44"], ["21", "35"], ["21", "54"], ["21", "24"], ["21", "58"], ["21", "33"], ["21", "61"], ["21", "23"], ["21", "36"], ["21", "70"], ["21", "55"]], "features": {"17": "<(METHOD,main)<SUB>1</SUB>>", "19": "<(BLOCK,&lt;empty&gt;,&lt;empty&gt;)<SUB>1</SUB>>", "21": "<(IDENTIFIER,ONLINE_JUDGE,if (ONLINE_JUDGE))<SUB>2</SUB>>", "23": "<(println,System.out.println())<SUB>3</SUB>>", "25": "<(IDENTIFIER,System,System.out.println())<SUB>3</SUB>>", "27": "<(&lt;operator&gt;.assignment,in = new BufferedReader(new InputStreamReader(System.in)))<SUB>4</SUB>>", "29": "<(&lt;operator&gt;.alloc,new BufferedReader(new InputStreamReader(System.in)))<SUB>4</SUB>>", "31": "<(IDENTIFIER,in,new BufferedReader(new InputStreamReader(System.in)))<SUB>4</SUB>>", "33": "<(&lt;operator&gt;.assignment,&lt;empty&gt;)>", "35": "<(&lt;operator&gt;.alloc,new InputStreamReader(System.in))<SUB>4</SUB>>", "37": "<(IDENTIFIER,$obj0,new InputStreamReader(System.in))>", "39": "<(IDENTIFIER,System,new InputStreamReader(System.in))<SUB>4</SUB>>", "41": "<(IDENTIFIER,$obj0,&lt;empty&gt;)>", "43": "<(IDENTIFIER,out,out = new PrintWriter(System.out))<SUB>5</SUB>>", "45": "<(&lt;init&gt;,new PrintWriter(System.out))<SUB>5</SUB>>", "47": "<(&lt;operator&gt;.fieldAccess,System.out)<SUB>5</SUB>>", "49": "<(FIELD_IDENTIFIER,out,out)<SUB>5</SUB>>", "51": "<(BLOCK,&lt;empty&gt;,&lt;empty&gt;)<SUB>6</SUB>>", "53": "<(IDENTIFIER,in,in = new BufferedReader(new FileReader(&quot;input.txt&quot;)))<SUB>7</SUB>>", "55": "<(&lt;init&gt;,new BufferedReader(new FileReader(&quot;input.txt&quot;)))<SUB>7</SUB>>", "57": "<(BLOCK,&lt;empty&gt;,&lt;empty&gt;)<SUB>7</SUB>>", "59": "<(IDENTIFIER,$obj3,&lt;empty&gt;)>", "61": "<(&lt;init&gt;,new FileReader(&quot;input.txt&quot;))<SUB>7</SUB>>", "63": "<(LITERAL,&quot;input.txt&quot;,new FileReader(&quot;input.txt&quot;))<SUB>7</SUB>>", "65": "<(&lt;operator&gt;.assignment,out = new PrintWriter(System.out))<SUB>8</SUB>>", "67": "<(&lt;operator&gt;.alloc,new PrintWriter(System.out))<SUB>8</SUB>>", "69": "<(IDENTIFIER,out,new PrintWriter(System.out))<SUB>8</SUB>>", "71": "<(IDENTIFIER,System,new PrintWriter(System.out))<SUB>8</SUB>>", "73": "<(runIt,runIt())<SUB>11</SUB>>", "75": "<(&lt;operator&gt;.assignment,&lt;empty&gt;)>", "77": "<(&lt;operator&gt;.alloc,new CodeForces())<SUB>11</SUB>>", "79": "<(IDENTIFIER,$obj6,new CodeForces())>", "81": "<(flush,flush())<SUB>12</SUB>>", "83": "<(close,close())<SUB>13</SUB>>", "85": "<(RETURN,return;,return;)<SUB>14</SUB>>", "87": "<(MODIFIER,STATIC)>"}}