{"edges": [["17", "19"], ["17", "135"], ["17", "136"], ["17", "137"], ["19", "20"], ["19", "23"], ["19", "27"], ["19", "33"], ["19", "39"], ["19", "45"], ["19", "46"], ["19", "51"], ["19", "61"], ["19", "69"], ["19", "70"], ["19", "73"], ["19", "82"], ["19", "83"], ["19", "84"], ["19", "91"], ["19", "100"], ["19", "103"], ["19", "123"], ["19", "130"], ["20", "21"], ["20", "22"], ["23", "24"], ["23", "25"], ["25", "26"], ["27", "28"], ["27", "29"], ["29", "30"], ["29", "31"], ["31", "32"], ["33", "34"], ["33", "35"], ["35", "36"], ["35", "37"], ["37", "38"], ["39", "40"], ["39", "41"], ["41", "42"], ["41", "43"], ["43", "44"], ["46", "47"], ["46", "48"], ["48", "49"], ["48", "50"], ["51", "52"], ["51", "53"], ["53", "54"], ["53", "55"], ["53", "56"], ["56", "57"], ["56", "58"], ["58", "59"], ["58", "60"], ["61", "62"], ["61", "63"], ["63", "64"], ["63", "65"], ["63", "66"], ["66", "67"], ["66", "68"], ["70", "71"], ["70", "72"], ["73", "74"], ["73", "75"], ["75", "76"], ["75", "81"], ["76", "77"], ["76", "78"], ["78", "79"], ["78", "80"], ["84", "85"], ["84", "86"], ["86", "87"], ["86", "88"], ["88", "89"], ["88", "90"], ["91", "92"], ["91", "93"], ["93", "94"], ["93", "95"], ["95", "96"], ["95", "99"], ["96", "97"], ["96", "98"], ["100", "101"], ["100", "102"], ["103", "104"], ["103", "107"], ["104", "105"], ["104", "106"], ["107", "108"], ["107", "117"], ["107", "122"], ["108", "109"], ["108", "110"], ["110", "111"], ["110", "116"], ["111", "112"], ["111", "113"], ["113", "114"], ["113", "115"], ["117", "118"], ["117", "121"], ["118", "119"], ["118", "120"], ["123", "124"], ["123", "125"], ["125", "126"], ["125", "129"], ["126", "127"], ["126", "128"], ["130", "131"], ["130", "134"], ["131", "132"], ["131", "133"], ["20", "25"], ["23", "31"], ["27", "37"], ["33", "43"], ["39", "48"], ["46", "58"], ["51", "66"], ["61", "70"], ["70", "78"], ["73", "88"], ["84", "96"], ["91", "100"], ["100", "104"], ["123", "133"], ["130", "137"], ["22", "20"], ["25", "23"], ["29", "27"], ["35", "33"], ["41", "39"], ["48", "46"], ["53", "51"], ["63", "61"], ["75", "73"], ["86", "84"], ["93", "91"], ["104", "113"], ["104", "126"], ["125", "123"], ["131", "130"], ["31", "29"], ["37", "35"], ["43", "41"], ["56", "53"], ["66", "63"], ["76", "75"], ["88", "86"], ["95", "93"], ["108", "120"], ["117", "122"], ["122", "137"], ["126", "125"], ["133", "131"], ["58", "56"], ["78", "76"], ["96", "95"], ["110", "108"], ["118", "117"], ["111", "110"], ["120", "118"], ["113", "111"], ["17", "22"], ["122", "137"], ["18", "137"], ["20", "137"], ["23", "137"], ["23", "137"], ["27", "137"], ["33", "137"], ["41", "137"], ["43", "137"], ["41", "137"], ["39", "137"], ["39", "137"], ["46", "137"], ["46", "137"], ["53", "137"], ["51", "137"], ["51", "137"], ["63", "137"], ["63", "137"], ["61", "137"], ["61", "137"], ["70", "137"], ["75", "137"], ["73", "137"], ["73", "137"], ["86", "137"], ["86", "137"], ["84", "137"], ["84", "137"], ["93", "137"], ["96", "137"], ["95", "137"], ["95", "137"], ["93", "137"], ["91", "137"], ["91", "137"], ["100", "137"], ["104", "137"], ["104", "137"], ["113", "137"], ["111", "137"], ["110", "137"], ["110", "137"], ["108", "137"], ["108", "137"], ["117", "137"], ["117", "137"], ["117", "137"], ["113", "137"], ["25", "137"], ["100", "137"], ["17", "18"], ["17", "20"], ["29", "27"], ["29", "27"], ["35", "33"], ["35", "33"], ["41", "39"], ["41", "39"], ["48", "46"], ["48", "46"], ["53", "51"], ["53", "51"], ["53", "51"], ["63", "61"], ["63", "61"], ["63", "61"], ["17", "70"], ["75", "73"], ["75", "73"], ["86", "84"], ["86", "84"], ["93", "91"], ["93", "91"], ["17", "100"], ["125", "123"], ["125", "123"], ["20", "23"], ["17", "23"], ["25", "23"], ["123", "130"], ["17", "130"], ["17", "25"], ["17", "29"], ["31", "29"], ["29", "35"], ["17", "35"], ["37", "35"], ["35", "41"], ["17", "41"], ["43", "41"], ["27", "48"], ["17", "48"], ["33", "48"], ["17", "53"], ["46", "53"], ["56", "53"], ["56", "53"], ["53", "63"], ["17", "63"], ["51", "63"], ["66", "63"], ["66", "63"], ["76", "75"], ["76", "75"], ["17", "75"], ["66", "86"], ["17", "86"], ["88", "86"], ["88", "86"], ["56", "93"], ["17", "93"], ["95", "93"], ["95", "93"], ["91", "104"], ["17", "104"], ["84", "104"], ["110", "108"], ["110", "108"], ["17", "122"], ["73", "125"], ["17", "125"], ["104", "125"], ["75", "125"], ["23", "31"], ["17", "31"], ["31", "37"], ["17", "37"], ["37", "43"], ["17", "43"], ["48", "56"], ["17", "56"], ["58", "56"], ["58", "56"], ["48", "66"], ["17", "66"], ["58", "66"], ["61", "76"], ["17", "76"], ["78", "76"], ["78", "76"], ["78", "88"], ["17", "88"], ["76", "88"], ["96", "95"], ["96", "95"], ["88", "95"], ["17", "95"], ["108", "117"], ["17", "117"], ["73", "126"], ["17", "126"], ["104", "126"], ["39", "58"], ["17", "58"], ["66", "78"], ["17", "78"], ["88", "96"], ["17", "96"], ["73", "110"], ["17", "110"], ["113", "110"], ["113", "110"], ["75", "110"], ["73", "111"], ["17", "111"], ["113", "111"], ["113", "111"], ["17", "113"], ["104", "113"], ["104", "120"], ["104", "113"], ["104", "122"], ["104", "130"], ["104", "118"], ["104", "131"], ["104", "110"], ["104", "117"], ["104", "123"], ["104", "108"], ["104", "125"], ["104", "111"], ["104", "126"], ["104", "133"]], "features": {"17": "<(METHOD,main)<SUB>1</SUB>>", "19": "<(BLOCK,&lt;empty&gt;,&lt;empty&gt;)<SUB>1</SUB>>", "21": "<(IDENTIFIER,st,st = new StringTokenizer(rd.readLine()))<SUB>2</SUB>>", "23": "<(&lt;init&gt;,new StringTokenizer(rd.readLine()))<SUB>2</SUB>>", "25": "<(readLine,readLine())<SUB>2</SUB>>", "27": "<(&lt;operator&gt;.assignment,n = parseLong(st.nextToken()))<SUB>3</SUB>>", "29": "<(parseLong,parseLong(st.nextToken()))<SUB>3</SUB>>", "31": "<(nextToken,nextToken())<SUB>3</SUB>>", "33": "<(&lt;operator&gt;.assignment,m = parseLong(st.nextToken()))<SUB>4</SUB>>", "35": "<(parseLong,parseLong(st.nextToken()))<SUB>4</SUB>>", "37": "<(nextToken,nextToken())<SUB>4</SUB>>", "39": "<(&lt;operator&gt;.assignment,k = parseLong(st.nextToken()))<SUB>5</SUB>>", "41": "<(parseLong,parseLong(st.nextToken()))<SUB>5</SUB>>", "43": "<(nextToken,nextToken())<SUB>5</SUB>>", "45": "<(LOCAL,long s: long)<SUB>6</SUB>>", "47": "<(IDENTIFIER,s,long s = n - m)<SUB>6</SUB>>", "49": "<(IDENTIFIER,n,n - m)<SUB>6</SUB>>", "51": "<(&lt;operator&gt;.assignment,s = min(s, m / (k - 1)))<SUB>7</SUB>>", "53": "<(min,min(s, m / (k - 1)))<SUB>7</SUB>>", "55": "<(IDENTIFIER,s,min(s, m / (k - 1)))<SUB>7</SUB>>", "57": "<(IDENTIFIER,m,m / (k - 1))<SUB>7</SUB>>", "59": "<(IDENTIFIER,k,k - 1)<SUB>7</SUB>>", "61": "<(&lt;operator&gt;.assignment,s = min(s, n / k))<SUB>8</SUB>>", "63": "<(min,min(s, n / k))<SUB>8</SUB>>", "65": "<(IDENTIFIER,s,min(s, n / k))<SUB>8</SUB>>", "67": "<(IDENTIFIER,n,n / k)<SUB>8</SUB>>", "69": "<(LOCAL,long score: long)<SUB>9</SUB>>", "71": "<(IDENTIFIER,score,long score = 0)<SUB>9</SUB>>", "73": "<(&lt;operator&gt;.assignment,score = (s * (k - 1)) % P)<SUB>10</SUB>>", "75": "<(&lt;operator&gt;.modulo,(s * (k - 1)) % P)<SUB>10</SUB>>", "77": "<(IDENTIFIER,s,s * (k - 1))<SUB>10</SUB>>", "79": "<(IDENTIFIER,k,k - 1)<SUB>10</SUB>>", "81": "<(IDENTIFIER,P,(s * (k - 1)) % P)<SUB>10</SUB>>", "83": "<(LOCAL,long m1: long)<SUB>11</SUB>>", "85": "<(IDENTIFIER,n1,long n1 = n - k * s)<SUB>11</SUB>>", "87": "<(IDENTIFIER,n,n - k * s)<SUB>11</SUB>>", "89": "<(IDENTIFIER,k,k * s)<SUB>11</SUB>>", "91": "<(&lt;operator&gt;.assignment,long m1 = m - (k - 1) * s)<SUB>11</SUB>>", "93": "<(&lt;operator&gt;.subtraction,m - (k - 1) * s)<SUB>11</SUB>>", "95": "<(&lt;operator&gt;.multiplication,(k - 1) * s)<SUB>11</SUB>>", "97": "<(IDENTIFIER,k,k - 1)<SUB>11</SUB>>", "99": "<(IDENTIFIER,s,(k - 1) * s)<SUB>11</SUB>>", "101": "<(IDENTIFIER,sc,sc = 0)<SUB>12</SUB>>", "103": "<(CONTROL_STRUCTURE,if (m1 == n1),if (m1 == n1))<SUB>15</SUB>>", "105": "<(IDENTIFIER,m1,m1 == n1)<SUB>15</SUB>>", "107": "<(BLOCK,&lt;empty&gt;,&lt;empty&gt;)<SUB>15</SUB>>", "109": "<(IDENTIFIER,score,score = (score + full(m1)) % P)<SUB>16</SUB>>", "111": "<(&lt;operator&gt;.addition,score + full(m1))<SUB>16</SUB>>", "113": "<(full,full(m1))<SUB>16</SUB>>", "115": "<(IDENTIFIER,m1,full(m1))<SUB>16</SUB>>", "117": "<(println,System.out.println(score))<SUB>17</SUB>>", "119": "<(IDENTIFIER,System,System.out.println(score))<SUB>17</SUB>>", "121": "<(IDENTIFIER,score,System.out.println(score))<SUB>17</SUB>>", "123": "<(&lt;operator&gt;.assignment,score = (score + m1) % P)<SUB>20</SUB>>", "125": "<(&lt;operator&gt;.modulo,(score + m1) % P)<SUB>20</SUB>>", "127": "<(IDENTIFIER,score,score + m1)<SUB>20</SUB>>", "129": "<(IDENTIFIER,P,(score + m1) % P)<SUB>20</SUB>>", "131": "<(&lt;operator&gt;.fieldAccess,System.out)<SUB>21</SUB>>", "133": "<(FIELD_IDENTIFIER,out,out)<SUB>21</SUB>>", "135": "<(MODIFIER,PUBLIC)>", "137": "<(METHOD_RETURN,void)<SUB>1</SUB>>"}}