{"edges": [["19", "20"], ["19", "21"], ["19", "126"], ["19", "127"], ["19", "128"], ["21", "4"], ["21", "22"], ["21", "25"], ["21", "29"], ["21", "30"], ["21", "34"], ["21", "35"], ["21", "39"], ["21", "40"], ["21", "44"], ["21", "45"], ["21", "50"], ["21", "51"], ["21", "56"], ["21", "67"], ["21", "68"], ["21", "73"], ["21", "74"], ["21", "79"], ["21", "80"], ["21", "88"], ["21", "91"], ["21", "94"], ["21", "97"], ["21", "100"], ["21", "103"], ["21", "104"], ["21", "115"], ["21", "118"], ["21", "121"], ["22", "23"], ["22", "24"], ["25", "3"], ["25", "26"], ["26", "27"], ["26", "28"], ["30", "31"], ["30", "32"], ["32", "33"], ["35", "36"], ["35", "37"], ["37", "38"], ["40", "41"], ["40", "42"], ["42", "43"], ["45", "46"], ["45", "47"], ["47", "48"], ["47", "49"], ["51", "52"], ["51", "53"], ["53", "54"], ["53", "55"], ["56", "57"], ["56", "60"], ["57", "58"], ["57", "59"], ["60", "61"], ["60", "66"], ["61", "62"], ["61", "65"], ["62", "63"], ["62", "64"], ["68", "69"], ["68", "70"], ["70", "71"], ["70", "72"], ["74", "75"], ["74", "76"], ["76", "77"], ["76", "78"], ["80", "81"], ["80", "82"], ["82", "83"], ["82", "84"], ["82", "85"], ["85", "86"], ["85", "87"], ["88", "89"], ["88", "90"], ["91", "92"], ["91", "93"], ["94", "95"], ["94", "96"], ["97", "98"], ["97", "99"], ["100", "101"], ["100", "102"], ["104", "105"], ["104", "106"], ["106", "107"], ["106", "110"], ["107", "108"], ["107", "109"], ["110", "111"], ["110", "114"], ["111", "112"], ["111", "113"], ["115", "116"], ["115", "117"], ["118", "119"], ["118", "120"], ["121", "122"], ["121", "125"], ["122", "123"], ["122", "124"], ["22", "28"], ["25", "32"], ["30", "37"], ["35", "42"], ["40", "47"], ["45", "53"], ["51", "57"], ["68", "76"], ["74", "85"], ["80", "88"], ["88", "91"], ["91", "94"], ["94", "97"], ["97", "100"], ["100", "107"], ["104", "115"], ["115", "118"], ["118", "124"], ["121", "128"], ["24", "22"], ["26", "25"], ["32", "30"], ["37", "35"], ["42", "40"], ["47", "45"], ["53", "51"], ["57", "64"], ["57", "70"], ["70", "68"], ["76", "74"], ["82", "80"], ["106", "104"], ["122", "121"], ["28", "26"], ["61", "66"], ["66", "128"], ["85", "82"], ["107", "111"], ["110", "106"], ["124", "122"], ["62", "61"], ["111", "110"], ["64", "62"], ["19", "24"], ["66", "128"], ["20", "128"], ["22", "128"], ["25", "128"], ["25", "128"], ["30", "128"], ["35", "128"], ["42", "128"], ["40", "128"], ["40", "128"], ["45", "128"], ["45", "128"], ["53", "128"], ["53", "128"], ["51", "128"], ["51", "128"], ["57", "128"], ["57", "128"], ["57", "128"], ["61", "128"], ["61", "128"], ["61", "128"], ["82", "128"], ["19", "20"], ["19", "22"], ["32", "30"], ["37", "35"], ["42", "40"], ["47", "45"], ["47", "45"], ["53", "51"], ["53", "51"], ["70", "68"], ["70", "68"], ["76", "74"], ["76", "74"], ["82", "80"], ["82", "80"], ["82", "80"], ["19", "88"], ["19", "91"], ["19", "94"], ["76", "97"], ["19", "97"], ["19", "100"], ["106", "104"], ["106", "104"], ["110", "115"], ["19", "115"], ["19", "118"], ["110", "118"], ["22", "25"], ["19", "25"], ["80", "88"], ["88", "91"], ["91", "94"], ["94", "97"], ["97", "100"], ["104", "115"], ["115", "118"], ["118", "121"], ["19", "121"], ["25", "32"], ["19", "32"], ["32", "37"], ["19", "37"], ["37", "42"], ["19", "42"], ["30", "47"], ["19", "47"], ["35", "47"], ["45", "53"], ["19", "53"], ["40", "53"], ["51", "57"], ["19", "57"], ["47", "57"], ["19", "66"], ["57", "70"], ["19", "70"], ["57", "70"], ["68", "76"], ["19", "76"], ["53", "76"], ["19", "82"], ["74", "82"], ["100", "106"], ["19", "106"], ["47", "106"], ["110", "106"], ["110", "106"], ["47", "61"], ["19", "61"], ["74", "85"], ["19", "85"], ["100", "107"], ["19", "107"], ["47", "107"], ["111", "110"], ["111", "110"], ["19", "110"], ["19", "111"], ["74", "111"], ["76", "111"], ["57", "107"], ["57", "94"], ["57", "115"], ["57", "68"], ["57", "64"], ["57", "66"], ["57", "122"], ["57", "85"], ["57", "104"], ["57", "74"], ["57", "121"], ["57", "106"], ["57", "76"], ["57", "97"], ["57", "91"], ["57", "82"], ["57", "80"], ["57", "61"], ["57", "118"], ["57", "100"], ["57", "88"], ["57", "70"], ["57", "110"], ["57", "124"], ["57", "111"], ["57", "62"]], "features": {"19": "<(METHOD,main)<SUB>1</SUB>>", "21": "<(BLOCK,&lt;empty&gt;,&lt;empty&gt;)<SUB>2</SUB>>", "22": "<(&lt;operator&gt;.assignment,ANY in = new Scanner(System.in))<SUB>3</SUB>>", "24": "<(&lt;operator&gt;.alloc,new Scanner(System.in))<SUB>3</SUB>>", "3": "<(IDENTIFIER,in,new Scanner(System.in))<SUB>3</SUB>>", "27": "<(IDENTIFIER,System,new Scanner(System.in))<SUB>3</SUB>>", "29": "<(LOCAL,long n: long)<SUB>4</SUB>>", "31": "<(IDENTIFIER,n,long n = nextInt())<SUB>4</SUB>>", "33": "<(IDENTIFIER,in,nextInt())<SUB>4</SUB>>", "35": "<(&lt;operator&gt;.assignment,long m = nextInt())<SUB>5</SUB>>", "37": "<(nextInt,nextInt())<SUB>5</SUB>>", "39": "<(LOCAL,long k: long)<SUB>6</SUB>>", "41": "<(IDENTIFIER,k,long k = nextInt())<SUB>6</SUB>>", "43": "<(IDENTIFIER,in,nextInt())<SUB>6</SUB>>", "45": "<(&lt;operator&gt;.assignment,long w = n - m)<SUB>8</SUB>>", "47": "<(&lt;operator&gt;.subtraction,n - m)<SUB>8</SUB>>", "49": "<(IDENTIFIER,m,n - m)<SUB>8</SUB>>", "51": "<(&lt;operator&gt;.assignment,long c = w * k)<SUB>10</SUB>>", "53": "<(&lt;operator&gt;.multiplication,w * k)<SUB>10</SUB>>", "55": "<(IDENTIFIER,k,w * k)<SUB>10</SUB>>", "57": "<(&lt;operator&gt;.greaterEqualsThan,c &gt;= n)<SUB>11</SUB>>", "59": "<(IDENTIFIER,n,c &gt;= n)<SUB>11</SUB>>", "61": "<(println,System.out.println(m))<SUB>13</SUB>>", "63": "<(IDENTIFIER,System,System.out.println(m))<SUB>13</SUB>>", "65": "<(IDENTIFIER,m,System.out.println(m))<SUB>13</SUB>>", "67": "<(LOCAL,long rem: long)<SUB>17</SUB>>", "69": "<(IDENTIFIER,rem,long rem = n - c)<SUB>17</SUB>>", "71": "<(IDENTIFIER,n,n - c)<SUB>17</SUB>>", "73": "<(LOCAL,long h: long)<SUB>18</SUB>>", "75": "<(IDENTIFIER,h,long h = rem / k)<SUB>18</SUB>>", "77": "<(IDENTIFIER,rem,rem / k)<SUB>18</SUB>>", "79": "<(LOCAL,long p: long)<SUB>20</SUB>>", "81": "<(IDENTIFIER,p,long p = power(2, h + 1))<SUB>20</SUB>>", "83": "<(IDENTIFIER,this,power(2, h + 1))<SUB>20</SUB>>", "85": "<(&lt;operator&gt;.addition,h + 1)<SUB>20</SUB>>", "87": "<(LITERAL,1,h + 1)<SUB>20</SUB>>", "89": "<(IDENTIFIER,p,p -= 2)<SUB>21</SUB>>", "91": "<(&lt;operator&gt;.assignmentPlus,p += MOD)<SUB>22</SUB>>", "93": "<(IDENTIFIER,MOD,p += MOD)<SUB>22</SUB>>", "95": "<(IDENTIFIER,p,p %= MOD)<SUB>23</SUB>>", "97": "<(&lt;operator&gt;.assignmentMultiplication,p *= k)<SUB>24</SUB>>", "99": "<(IDENTIFIER,k,p *= k)<SUB>24</SUB>>", "101": "<(IDENTIFIER,p,p %= MOD)<SUB>25</SUB>>", "103": "<(LOCAL,long point: long)<SUB>27</SUB>>", "105": "<(IDENTIFIER,point,long point = p + m - (h * k) % MOD)<SUB>27</SUB>>", "107": "<(&lt;operator&gt;.addition,p + m)<SUB>27</SUB>>", "109": "<(IDENTIFIER,m,p + m)<SUB>27</SUB>>", "111": "<(&lt;operator&gt;.multiplication,h * k)<SUB>27</SUB>>", "113": "<(IDENTIFIER,k,h * k)<SUB>27</SUB>>", "115": "<(&lt;operator&gt;.assignmentPlus,point += MOD)<SUB>28</SUB>>", "117": "<(IDENTIFIER,MOD,point += MOD)<SUB>28</SUB>>", "119": "<(IDENTIFIER,point,point %= MOD)<SUB>29</SUB>>", "121": "<(println,System.out.println(point))<SUB>31</SUB>>", "123": "<(IDENTIFIER,System,System.out.println(point))<SUB>31</SUB>>", "125": "<(IDENTIFIER,point,System.out.println(point))<SUB>31</SUB>>", "127": "<(MODIFIER,STATIC)>"}}