{"edges": [["19", "21"], ["19", "113"], ["19", "114"], ["19", "115"], ["21", "4"], ["21", "22"], ["21", "25"], ["21", "29"], ["21", "30"], ["21", "34"], ["21", "35"], ["21", "39"], ["21", "40"], ["21", "44"], ["21", "45"], ["21", "50"], ["21", "51"], ["21", "56"], ["22", "23"], ["22", "24"], ["25", "3"], ["25", "26"], ["26", "27"], ["26", "28"], ["30", "31"], ["30", "32"], ["32", "33"], ["35", "36"], ["35", "37"], ["37", "38"], ["40", "41"], ["40", "42"], ["42", "43"], ["45", "46"], ["45", "47"], ["47", "48"], ["47", "49"], ["51", "52"], ["51", "53"], ["53", "54"], ["53", "55"], ["56", "57"], ["56", "60"], ["56", "65"], ["57", "58"], ["57", "59"], ["60", "61"], ["60", "64"], ["61", "62"], ["61", "63"], ["65", "66"], ["66", "67"], ["66", "68"], ["66", "73"], ["66", "74"], ["66", "77"], ["66", "88"], ["66", "91"], ["66", "98"], ["66", "101"], ["66", "108"], ["68", "69"], ["68", "70"], ["70", "71"], ["70", "72"], ["74", "75"], ["74", "76"], ["77", "78"], ["77", "79"], ["79", "80"], ["79", "81"], ["81", "82"], ["81", "87"], ["82", "83"], ["82", "84"], ["84", "85"], ["84", "86"], ["88", "89"], ["88", "90"], ["91", "92"], ["91", "93"], ["93", "94"], ["93", "95"], ["95", "96"], ["95", "97"], ["98", "99"], ["98", "100"], ["101", "102"], ["101", "105"], ["102", "103"], ["102", "104"], ["105", "106"], ["105", "107"], ["108", "109"], ["108", "112"], ["109", "110"], ["109", "111"], ["22", "28"], ["25", "32"], ["30", "37"], ["35", "42"], ["40", "47"], ["45", "53"], ["51", "57"], ["24", "22"], ["26", "25"], ["32", "30"], ["37", "35"], ["42", "40"], ["47", "45"], ["53", "51"], ["57", "63"], ["57", "70"], ["60", "115"], ["28", "26"], ["61", "60"], ["63", "61"], ["68", "74"], ["74", "84"], ["77", "88"], ["88", "95"], ["91", "98"], ["98", "102"], ["108", "115"], ["70", "68"], ["79", "77"], ["93", "91"], ["102", "105"], ["102", "111"], ["105", "111"], ["109", "108"], ["81", "79"], ["95", "93"], ["111", "109"], ["82", "81"], ["84", "82"], ["19", "24"], ["20", "115"], ["22", "115"], ["25", "115"], ["25", "115"], ["30", "115"], ["35", "115"], ["42", "115"], ["40", "115"], ["40", "115"], ["45", "115"], ["45", "115"], ["53", "115"], ["53", "115"], ["51", "115"], ["51", "115"], ["57", "115"], ["57", "115"], ["57", "115"], ["60", "115"], ["60", "115"], ["60", "115"], ["82", "115"], ["19", "20"], ["19", "22"], ["32", "30"], ["37", "35"], ["42", "40"], ["47", "45"], ["47", "45"], ["53", "51"], ["53", "51"], ["22", "25"], ["19", "25"], ["25", "32"], ["19", "32"], ["32", "37"], ["19", "37"], ["37", "42"], ["19", "42"], ["30", "47"], ["19", "47"], ["35", "47"], ["47", "53"], ["19", "53"], ["40", "53"], ["45", "57"], ["19", "57"], ["51", "57"], ["47", "60"], ["19", "60"], ["70", "68"], ["70", "68"], ["19", "74"], ["79", "77"], ["79", "77"], ["19", "88"], ["93", "91"], ["93", "91"], ["19", "98"], ["74", "77"], ["19", "77"], ["77", "88"], ["88", "91"], ["19", "91"], ["91", "98"], ["19", "105"], ["102", "108"], ["105", "108"], ["19", "108"], ["57", "70"], ["19", "70"], ["57", "70"], ["53", "79"], ["19", "79"], ["81", "79"], ["81", "79"], ["47", "93"], ["19", "93"], ["95", "93"], ["95", "93"], ["98", "102"], ["19", "102"], ["102", "105"], ["82", "81"], ["82", "81"], ["19", "81"], ["19", "95"], ["68", "95"], ["79", "95"], ["19", "82"], ["68", "82"], ["68", "84"], ["19", "84"], ["57", "68"], ["57", "60"], ["57", "77"], ["57", "98"], ["57", "81"], ["57", "84"], ["57", "102"], ["57", "74"], ["57", "95"], ["57", "91"], ["57", "82"], ["57", "93"], ["57", "79"], ["57", "61"], ["57", "88"], ["57", "70"], ["57", "63"], ["57", "108"], ["57", "111"], ["57", "109"], ["102", "105"]], "features": {"19": "<(METHOD,main)<SUB>1</SUB>>", "21": "<(BLOCK,&lt;empty&gt;,&lt;empty&gt;)<SUB>1</SUB>>", "22": "<(&lt;operator&gt;.assignment,ANY in = new Scanner(System.in))<SUB>3</SUB>>", "24": "<(&lt;operator&gt;.alloc,new Scanner(System.in))<SUB>3</SUB>>", "3": "<(IDENTIFIER,in,new Scanner(System.in))<SUB>3</SUB>>", "27": "<(IDENTIFIER,System,new Scanner(System.in))<SUB>3</SUB>>", "29": "<(LOCAL,long n: long)<SUB>4</SUB>>", "31": "<(IDENTIFIER,n,long n = nextInt())<SUB>4</SUB>>", "33": "<(IDENTIFIER,in,nextInt())<SUB>4</SUB>>", "35": "<(&lt;operator&gt;.assignment,long m = nextInt())<SUB>5</SUB>>", "37": "<(nextInt,nextInt())<SUB>5</SUB>>", "39": "<(LOCAL,long k: long)<SUB>6</SUB>>", "41": "<(IDENTIFIER,k,long k = nextInt())<SUB>6</SUB>>", "43": "<(IDENTIFIER,in,nextInt())<SUB>6</SUB>>", "45": "<(&lt;operator&gt;.assignment,long x = n - m)<SUB>8</SUB>>", "47": "<(&lt;operator&gt;.subtraction,n - m)<SUB>8</SUB>>", "49": "<(IDENTIFIER,m,n - m)<SUB>8</SUB>>", "51": "<(&lt;operator&gt;.assignment,long y = n / k)<SUB>9</SUB>>", "53": "<(&lt;operator&gt;.division,n / k)<SUB>9</SUB>>", "55": "<(IDENTIFIER,k,n / k)<SUB>9</SUB>>", "57": "<(&lt;operator&gt;.greaterEqualsThan,x &gt;= y)<SUB>10</SUB>>", "59": "<(IDENTIFIER,y,x &gt;= y)<SUB>10</SUB>>", "61": "<(&lt;operator&gt;.fieldAccess,System.out)<SUB>11</SUB>>", "63": "<(FIELD_IDENTIFIER,out,out)<SUB>11</SUB>>", "65": "<(CONTROL_STRUCTURE,else,else)<SUB>13</SUB>>", "67": "<(LOCAL,long t: long)<SUB>14</SUB>>", "69": "<(IDENTIFIER,t,long t = y - x)<SUB>14</SUB>>", "71": "<(IDENTIFIER,y,y - x)<SUB>14</SUB>>", "73": "<(LOCAL,long ans: long)<SUB>15</SUB>>", "75": "<(IDENTIFIER,ans,long ans = 0)<SUB>15</SUB>>", "77": "<(&lt;operator&gt;.assignmentPlus,ans += k * (pow(t + 1) - 2))<SUB>16</SUB>>", "79": "<(&lt;operator&gt;.multiplication,k * (pow(t + 1) - 2))<SUB>16</SUB>>", "81": "<(&lt;operator&gt;.subtraction,pow(t + 1) - 2)<SUB>16</SUB>>", "83": "<(IDENTIFIER,this,pow(t + 1))<SUB>16</SUB>>", "85": "<(IDENTIFIER,t,t + 1)<SUB>16</SUB>>", "87": "<(LITERAL,2,pow(t + 1) - 2)<SUB>16</SUB>>", "89": "<(IDENTIFIER,ans,ans %= 1000000009)<SUB>17</SUB>>", "91": "<(&lt;operator&gt;.assignmentPlus,ans += m - t * k)<SUB>18</SUB>>", "93": "<(&lt;operator&gt;.subtraction,m - t * k)<SUB>18</SUB>>", "95": "<(&lt;operator&gt;.multiplication,t * k)<SUB>18</SUB>>", "97": "<(IDENTIFIER,k,t * k)<SUB>18</SUB>>", "99": "<(IDENTIFIER,ans,ans %= 1000000009)<SUB>19</SUB>>", "101": "<(CONTROL_STRUCTURE,if (ans &lt; 0),if (ans &lt; 0))<SUB>20</SUB>>", "103": "<(IDENTIFIER,ans,ans &lt; 0)<SUB>20</SUB>>", "105": "<(&lt;operator&gt;.assignmentPlus,ans += 1000000009)<SUB>21</SUB>>", "107": "<(LITERAL,1000000009,ans += 1000000009)<SUB>21</SUB>>", "109": "<(&lt;operator&gt;.fieldAccess,System.out)<SUB>22</SUB>>", "111": "<(FIELD_IDENTIFIER,out,out)<SUB>22</SUB>>", "113": "<(MODIFIER,PUBLIC)>", "115": "<(METHOD_RETURN,void)<SUB>1</SUB>>"}}