{"edges": [["17", "18"], ["17", "19"], ["17", "26"], ["17", "27"], ["17", "28"], ["19", "20"], ["19", "22"], ["20", "21"], ["22", "23"], ["23", "24"], ["23", "25"], ["20", "25"], ["22", "28"], ["23", "22"], ["25", "23"], ["17", "20"], ["18", "28"], ["20", "28"], ["20", "28"], ["22", "28"], ["22", "28"], ["17", "18"], ["17", "20"], ["20", "22"]], "features": {"17": "<(METHOD,main)<SUB>1</SUB>>", "19": "<(BLOCK,&lt;empty&gt;,&lt;empty&gt;)<SUB>1</SUB>>", "21": "<(IDENTIFIER,uu,s1())<SUB>2</SUB>>", "23": "<(&lt;operator&gt;.fieldAccess,uu.out)<SUB>3</SUB>>", "25": "<(FIELD_IDENTIFIER,out,out)<SUB>3</SUB>>", "27": "<(MODIFIER,STATIC)>"}}