{"edges": [["17", "19"], ["17", "43"], ["17", "44"], ["17", "45"], ["19", "20"], ["19", "21"], ["19", "24"], ["19", "35"], ["21", "22"], ["21", "23"], ["24", "25"], ["24", "30"], ["25", "26"], ["25", "29"], ["26", "27"], ["26", "28"], ["30", "31"], ["30", "32"], ["32", "33"], ["32", "34"], ["35", "36"], ["35", "39"], ["35", "42"], ["36", "37"], ["36", "38"], ["39", "40"], ["39", "41"], ["21", "28"], ["25", "32"], ["25", "38"], ["30", "38"], ["36", "39"], ["39", "45"], ["26", "25"], ["32", "30"], ["38", "36"], ["28", "26"], ["17", "21"], ["18", "45"], ["21", "45"], ["25", "45"], ["25", "45"], ["30", "45"], ["30", "45"], ["36", "45"], ["39", "45"], ["39", "45"], ["39", "45"], ["17", "18"], ["17", "21"], ["17", "35"], ["18", "30"], ["17", "36"], ["17", "42"], ["18", "25"], ["17", "25"], ["36", "39"], ["17", "39"], ["21", "39"], ["30", "39"], ["25", "30"], ["25", "32"]], "features": {"17": "<(METHOD,main)<SUB>1</SUB>>", "19": "<(BLOCK,&lt;empty&gt;,&lt;empty&gt;)<SUB>2</SUB>>", "21": "<(&lt;operator&gt;.assignment,String filePath = null)<SUB>4</SUB>>", "23": "<(LITERAL,null,String filePath = null)<SUB>4</SUB>>", "25": "<(&lt;operator&gt;.greaterThan,argv.length &gt; 0)<SUB>5</SUB>>", "27": "<(IDENTIFIER,argv,argv.length &gt; 0)<SUB>5</SUB>>", "29": "<(LITERAL,0,argv.length &gt; 0)<SUB>5</SUB>>", "31": "<(IDENTIFIER,filePath,filePath = argv[0])<SUB>5</SUB>>", "33": "<(IDENTIFIER,argv,filePath = argv[0])<SUB>5</SUB>>", "35": "<(BLOCK,&lt;empty&gt;,&lt;empty&gt;)<SUB>6</SUB>>", "37": "<(IDENTIFIER,$obj0,&lt;empty&gt;)>", "39": "<(&lt;init&gt;,new C(filePath))<SUB>6</SUB>>", "41": "<(IDENTIFIER,filePath,new C(filePath))<SUB>6</SUB>>", "43": "<(MODIFIER,PUBLIC)>", "45": "<(METHOD_RETURN,void)<SUB>1</SUB>>"}}