{"edges": [["17", "18"], ["17", "19"], ["17", "40"], ["17", "41"], ["17", "42"], ["19", "20"], ["19", "25"], ["20", "21"], ["20", "22"], ["22", "23"], ["22", "24"], ["25", "26"], ["26", "27"], ["26", "30"], ["26", "39"], ["27", "28"], ["27", "29"], ["30", "31"], ["30", "32"], ["32", "33"], ["32", "36"], ["32", "38"], ["33", "34"], ["33", "35"], ["36", "37"], ["20", "29"], ["25", "42"], ["22", "20"], ["24", "22"], ["27", "35"], ["30", "25"], ["29", "27"], ["33", "36"], ["36", "30"], ["35", "33"], ["17", "24"], ["18", "42"], ["20", "42"], ["20", "42"], ["20", "42"], ["30", "42"], ["33", "42"], ["36", "42"], ["36", "42"], ["30", "42"], ["25", "42"], ["17", "18"], ["17", "20"], ["33", "25"], ["30", "25"], ["17", "25"], ["17", "27"], ["17", "39"], ["27", "30"], ["17", "30"], ["33", "30"], ["36", "30"], ["17", "33"], ["17", "38"], ["33", "36"], ["17", "36"]], "features": {"17": "<(METHOD,main)<SUB>1</SUB>>", "19": "<(BLOCK,&lt;empty&gt;,&lt;empty&gt;)<SUB>1</SUB>>", "21": "<(IDENTIFIER,Locale,setDefault(Locale.UK))<SUB>2</SUB>>", "23": "<(IDENTIFIER,Locale,setDefault(Locale.UK))<SUB>2</SUB>>", "25": "<(start,new Thread(new Main()).start())<SUB>3</SUB>>", "27": "<(&lt;operator&gt;.assignment,&lt;empty&gt;)>", "29": "<(&lt;operator&gt;.alloc,new Thread(new Main()))<SUB>3</SUB>>", "31": "<(IDENTIFIER,$obj1,new Thread(new Main()))>", "33": "<(&lt;operator&gt;.assignment,&lt;empty&gt;)>", "35": "<(&lt;operator&gt;.alloc,new Main())<SUB>3</SUB>>", "37": "<(IDENTIFIER,$obj0,new Main())>", "39": "<(IDENTIFIER,$obj1,&lt;empty&gt;)>", "41": "<(MODIFIER,STATIC)>"}}