{"edges": [["17", "19"], ["17", "51"], ["17", "52"], ["17", "53"], ["19", "20"], ["19", "23"], ["19", "35"], ["19", "38"], ["19", "43"], ["20", "21"], ["20", "22"], ["23", "24"], ["23", "25"], ["25", "26"], ["25", "29"], ["25", "34"], ["26", "27"], ["26", "28"], ["29", "30"], ["29", "31"], ["31", "32"], ["31", "33"], ["35", "36"], ["35", "37"], ["38", "39"], ["38", "40"], ["40", "41"], ["40", "42"], ["43", "44"], ["44", "45"], ["44", "48"], ["44", "50"], ["45", "46"], ["45", "47"], ["48", "49"], ["20", "28"], ["23", "37"], ["35", "42"], ["38", "47"], ["43", "53"], ["22", "20"], ["37", "35"], ["40", "38"], ["26", "33"], ["29", "23"], ["42", "40"], ["45", "48"], ["48", "43"], ["28", "26"], ["31", "29"], ["47", "45"], ["33", "31"], ["17", "22"], ["18", "53"], ["20", "53"], ["23", "53"], ["29", "53"], ["29", "53"], ["29", "53"], ["23", "53"], ["35", "53"], ["38", "53"], ["38", "53"], ["38", "53"], ["45", "53"], ["48", "53"], ["48", "53"], ["43", "53"], ["17", "18"], ["17", "20"], ["17", "35"], ["20", "23"], ["17", "23"], ["26", "23"], ["29", "23"], ["35", "38"], ["17", "38"], ["45", "43"], ["48", "43"], ["17", "43"], ["17", "26"], ["17", "34"], ["17", "45"], ["17", "50"], ["26", "29"], ["17", "29"], ["45", "48"], ["17", "48"]], "features": {"17": "<(METHOD,main)<SUB>1</SUB>>", "19": "<(BLOCK,&lt;empty&gt;,&lt;empty&gt;)<SUB>1</SUB>>", "21": "<(IDENTIFIER,br,br = new BufferedReader(new InputStreamReader(System.in)))<SUB>2</SUB>>", "23": "<(&lt;init&gt;,new BufferedReader(new InputStreamReader(System.in)))<SUB>2</SUB>>", "25": "<(BLOCK,&lt;empty&gt;,&lt;empty&gt;)<SUB>2</SUB>>", "27": "<(IDENTIFIER,$obj0,&lt;empty&gt;)>", "29": "<(&lt;init&gt;,new InputStreamReader(System.in))<SUB>2</SUB>>", "31": "<(&lt;operator&gt;.fieldAccess,System.in)<SUB>2</SUB>>", "33": "<(FIELD_IDENTIFIER,in,in)<SUB>2</SUB>>", "35": "<(&lt;operator&gt;.assignment,out = new PrintWriter(System.out))<SUB>3</SUB>>", "37": "<(&lt;operator&gt;.alloc,new PrintWriter(System.out))<SUB>3</SUB>>", "39": "<(IDENTIFIER,out,new PrintWriter(System.out))<SUB>3</SUB>>", "41": "<(IDENTIFIER,System,new PrintWriter(System.out))<SUB>3</SUB>>", "43": "<(run,run())<SUB>4</SUB>>", "45": "<(&lt;operator&gt;.assignment,&lt;empty&gt;)>", "47": "<(&lt;operator&gt;.alloc,new A())<SUB>4</SUB>>", "49": "<(IDENTIFIER,$obj3,new A())>", "51": "<(MODIFIER,PUBLIC)>", "53": "<(METHOD_RETURN,void)<SUB>1</SUB>>"}}