{"edges": [["17", "19"], ["17", "43"], ["17", "44"], ["17", "45"], ["19", "20"], ["19", "25"], ["19", "28"], ["19", "33"], ["19", "41"], ["20", "21"], ["20", "22"], ["22", "23"], ["22", "24"], ["25", "26"], ["25", "27"], ["28", "29"], ["28", "30"], ["30", "31"], ["30", "32"], ["33", "34"], ["34", "35"], ["34", "38"], ["34", "40"], ["35", "36"], ["35", "37"], ["38", "39"], ["41", "42"], ["20", "27"], ["25", "32"], ["28", "37"], ["33", "41"], ["41", "45"], ["22", "20"], ["27", "25"], ["30", "28"], ["24", "22"], ["32", "30"], ["35", "38"], ["38", "33"], ["37", "35"], ["17", "24"], ["18", "45"], ["20", "45"], ["20", "45"], ["20", "45"], ["25", "45"], ["28", "45"], ["28", "45"], ["35", "45"], ["38", "45"], ["38", "45"], ["33", "45"], ["41", "45"], ["41", "45"], ["17", "18"], ["17", "25"], ["17", "20"], ["25", "28"], ["17", "28"], ["35", "33"], ["38", "33"], ["17", "33"], ["28", "41"], ["17", "41"], ["17", "35"], ["17", "40"], ["35", "38"], ["17", "38"]], "features": {"17": "<(METHOD,main)<SUB>1</SUB>>", "19": "<(BLOCK,&lt;empty&gt;,&lt;empty&gt;)<SUB>1</SUB>>", "21": "<(IDENTIFIER,Locale,setDefault(Locale.US))<SUB>2</SUB>>", "23": "<(IDENTIFIER,Locale,setDefault(Locale.US))<SUB>2</SUB>>", "25": "<(&lt;operator&gt;.assignment,in = new Scanner(System.in))<SUB>3</SUB>>", "27": "<(&lt;operator&gt;.alloc,new Scanner(System.in))<SUB>3</SUB>>", "29": "<(IDENTIFIER,in,new Scanner(System.in))<SUB>3</SUB>>", "31": "<(IDENTIFIER,System,new Scanner(System.in))<SUB>3</SUB>>", "33": "<(run,run())<SUB>4</SUB>>", "35": "<(&lt;operator&gt;.assignment,&lt;empty&gt;)>", "37": "<(&lt;operator&gt;.alloc,new A())<SUB>4</SUB>>", "39": "<(IDENTIFIER,$obj1,new A())>", "41": "<(close,close())<SUB>5</SUB>>", "43": "<(MODIFIER,PUBLIC)>", "45": "<(METHOD_RETURN,void)<SUB>1</SUB>>"}}