{"edges": [["17", "19"], ["17", "33"], ["17", "34"], ["17", "35"], ["19", "20"], ["19", "25"], ["20", "21"], ["20", "22"], ["22", "23"], ["22", "24"], ["25", "26"], ["26", "27"], ["26", "30"], ["26", "32"], ["27", "28"], ["27", "29"], ["30", "31"], ["20", "29"], ["25", "35"], ["22", "20"], ["24", "22"], ["27", "30"], ["30", "25"], ["29", "27"], ["17", "24"], ["18", "35"], ["20", "35"], ["20", "35"], ["20", "35"], ["27", "35"], ["30", "35"], ["30", "35"], ["25", "35"], ["17", "18"], ["17", "20"], ["27", "25"], ["30", "25"], ["17", "25"], ["17", "27"], ["17", "32"], ["27", "30"], ["17", "30"]], "features": {"17": "<(METHOD,main)<SUB>1</SUB>>", "19": "<(BLOCK,&lt;empty&gt;,&lt;empty&gt;)<SUB>1</SUB>>", "21": "<(IDENTIFIER,Locale,setDefault(Locale.US))<SUB>2</SUB>>", "23": "<(IDENTIFIER,Locale,setDefault(Locale.US))<SUB>2</SUB>>", "25": "<(run,run())<SUB>3</SUB>>", "27": "<(&lt;operator&gt;.assignment,&lt;empty&gt;)>", "29": "<(&lt;operator&gt;.alloc,new A())<SUB>3</SUB>>", "31": "<(IDENTIFIER,$obj0,new A())>", "33": "<(MODIFIER,PUBLIC)>", "35": "<(METHOD_RETURN,void)<SUB>1</SUB>>"}}