{"edges": [["19", "21"], ["19", "93"], ["19", "94"], ["19", "95"], ["21", "4"], ["21", "22"], ["21", "25"], ["21", "29"], ["21", "30"], ["21", "34"], ["21", "35"], ["21", "39"], ["21", "40"], ["21", "44"], ["21", "45"], ["21", "49"], ["21", "50"], ["21", "57"], ["21", "67"], ["22", "23"], ["22", "24"], ["25", "3"], ["25", "26"], ["26", "27"], ["26", "28"], ["30", "31"], ["30", "32"], ["32", "33"], ["35", "36"], ["35", "37"], ["37", "38"], ["40", "41"], ["40", "42"], ["42", "43"], ["45", "46"], ["45", "47"], ["47", "48"], ["50", "51"], ["50", "52"], ["52", "53"], ["52", "56"], ["53", "54"], ["53", "55"], ["57", "58"], ["57", "65"], ["58", "59"], ["58", "64"], ["59", "60"], ["59", "63"], ["60", "61"], ["60", "62"], ["65", "66"], ["67", "68"], ["67", "79"], ["67", "86"], ["68", "69"], ["68", "74"], ["69", "70"], ["69", "73"], ["70", "71"], ["70", "72"], ["74", "75"], ["74", "78"], ["75", "76"], ["75", "77"], ["79", "80"], ["80", "81"], ["80", "84"], ["81", "82"], ["81", "83"], ["84", "85"], ["86", "87"], ["87", "88"], ["88", "89"], ["88", "92"], ["89", "90"], ["89", "91"], ["22", "28"], ["25", "32"], ["30", "37"], ["35", "42"], ["40", "47"], ["45", "53"], ["50", "60"], ["24", "22"], ["26", "25"], ["32", "30"], ["37", "35"], ["42", "40"], ["47", "45"], ["52", "50"], ["58", "65"], ["58", "70"], ["65", "70"], ["68", "83"], ["68", "91"], ["28", "26"], ["53", "52"], ["59", "58"], ["69", "68"], ["69", "75"], ["74", "68"], ["80", "95"], ["60", "59"], ["70", "69"], ["75", "74"], ["81", "84"], ["84", "80"], ["88", "95"], ["83", "81"], ["89", "88"], ["91", "89"], ["19", "24"], ["20", "95"], ["22", "95"], ["25", "95"], ["25", "95"], ["30", "95"], ["35", "95"], ["40", "95"], ["47", "95"], ["45", "95"], ["45", "95"], ["50", "95"], ["50", "95"], ["50", "95"], ["59", "95"], ["58", "95"], ["58", "95"], ["65", "95"], ["65", "95"], ["70", "95"], ["70", "95"], ["69", "95"], ["69", "95"], ["68", "95"], ["75", "95"], ["75", "95"], ["74", "95"], ["74", "95"], ["68", "95"], ["68", "95"], ["80", "95"], ["80", "95"], ["80", "95"], ["19", "20"], ["19", "22"], ["32", "30"], ["37", "35"], ["42", "40"], ["47", "45"], ["52", "50"], ["52", "50"], ["22", "25"], ["19", "25"], ["25", "32"], ["19", "32"], ["32", "37"], ["19", "37"], ["37", "42"], ["19", "42"], ["42", "47"], ["19", "47"], ["40", "52"], ["19", "52"], ["45", "52"], ["35", "52"], ["59", "58"], ["59", "58"], ["19", "58"], ["50", "65"], ["19", "65"], ["69", "68"], ["69", "68"], ["74", "68"], ["74", "68"], ["40", "53"], ["19", "53"], ["45", "53"], ["19", "59"], ["40", "59"], ["45", "59"], ["52", "59"], ["19", "69"], ["40", "69"], ["45", "69"], ["30", "69"], ["75", "74"], ["75", "74"], ["69", "74"], ["19", "74"], ["84", "80"], ["19", "60"], ["40", "60"], ["45", "60"], ["19", "70"], ["40", "70"], ["45", "70"], ["50", "75"], ["65", "75"], ["19", "75"], ["59", "75"], ["19", "84"], ["50", "88"], ["65", "88"], ["75", "88"], ["19", "88"], ["58", "65"], ["68", "80"], ["68", "91"], ["68", "83"], ["68", "89"], ["68", "81"], ["68", "84"], ["68", "88"], ["69", "75"], ["69", "74"]], "features": {"19": "<(METHOD,main)<SUB>1</SUB>>", "21": "<(BLOCK,&lt;empty&gt;,&lt;empty&gt;)<SUB>1</SUB>>", "22": "<(&lt;operator&gt;.assignment,ANY in = new Scanner(System.in))<SUB>2</SUB>>", "24": "<(&lt;operator&gt;.alloc,new Scanner(System.in))<SUB>2</SUB>>", "3": "<(IDENTIFIER,in,new Scanner(System.in))<SUB>2</SUB>>", "27": "<(IDENTIFIER,System,new Scanner(System.in))<SUB>2</SUB>>", "29": "<(LOCAL,long n: long)<SUB>4</SUB>>", "31": "<(IDENTIFIER,n,long n = nextLong())<SUB>4</SUB>>", "33": "<(IDENTIFIER,in,nextLong())<SUB>4</SUB>>", "35": "<(&lt;operator&gt;.assignment,long m = nextLong())<SUB>5</SUB>>", "37": "<(nextLong,nextLong())<SUB>5</SUB>>", "39": "<(LOCAL,long k: long)<SUB>6</SUB>>", "41": "<(IDENTIFIER,k,long k = nextLong())<SUB>6</SUB>>", "43": "<(IDENTIFIER,in,nextLong())<SUB>6</SUB>>", "45": "<(&lt;operator&gt;.assignment,long l = nextLong())<SUB>7</SUB>>", "47": "<(nextLong,nextLong())<SUB>7</SUB>>", "49": "<(LOCAL,long j: long)<SUB>9</SUB>>", "51": "<(IDENTIFIER,j,long j = (k + l) / m)<SUB>9</SUB>>", "53": "<(&lt;operator&gt;.addition,k + l)<SUB>9</SUB>>", "55": "<(IDENTIFIER,l,k + l)<SUB>9</SUB>>", "57": "<(CONTROL_STRUCTURE,if ((k + l) % m != 0),if ((k + l) % m != 0))<SUB>10</SUB>>", "59": "<(&lt;operator&gt;.modulo,(k + l) % m)<SUB>10</SUB>>", "61": "<(IDENTIFIER,k,k + l)<SUB>10</SUB>>", "63": "<(IDENTIFIER,m,(k + l) % m)<SUB>10</SUB>>", "65": "<(&lt;operator&gt;.postIncrement,j++)<SUB>10</SUB>>", "67": "<(CONTROL_STRUCTURE,if ((k + l &gt; n) || j * m &gt; n),if ((k + l &gt; n) || j * m &gt; n))<SUB>11</SUB>>", "69": "<(&lt;operator&gt;.greaterThan,k + l &gt; n)<SUB>11</SUB>>", "71": "<(IDENTIFIER,k,k + l)<SUB>11</SUB>>", "73": "<(IDENTIFIER,n,k + l &gt; n)<SUB>11</SUB>>", "75": "<(&lt;operator&gt;.multiplication,j * m)<SUB>11</SUB>>", "77": "<(IDENTIFIER,m,j * m)<SUB>11</SUB>>", "79": "<(BLOCK,&lt;empty&gt;,&lt;empty&gt;)<SUB>11</SUB>>", "81": "<(&lt;operator&gt;.fieldAccess,System.out)<SUB>12</SUB>>", "83": "<(FIELD_IDENTIFIER,out,out)<SUB>12</SUB>>", "85": "<(LITERAL,1,-1)<SUB>12</SUB>>", "87": "<(BLOCK,&lt;empty&gt;,&lt;empty&gt;)<SUB>13</SUB>>", "89": "<(&lt;operator&gt;.fieldAccess,System.out)<SUB>15</SUB>>", "91": "<(FIELD_IDENTIFIER,out,out)<SUB>15</SUB>>", "93": "<(MODIFIER,PUBLIC)>", "95": "<(METHOD_RETURN,void)<SUB>1</SUB>>"}}