{"edges": [["23", "24"], ["23", "25"], ["23", "102"], ["23", "103"], ["23", "104"], ["25", "26"], ["25", "4"], ["25", "31"], ["25", "34"], ["25", "37"], ["25", "6"], ["25", "52"], ["25", "55"], ["25", "8"], ["25", "58"], ["25", "61"], ["25", "63"], ["25", "64"], ["25", "73"], ["25", "74"], ["25", "80"], ["25", "97"], ["26", "27"], ["26", "28"], ["28", "29"], ["28", "30"], ["31", "32"], ["31", "33"], ["34", "3"], ["34", "35"], ["35", "36"], ["37", "38"], ["37", "45"], ["38", "39"], ["38", "44"], ["39", "40"], ["39", "41"], ["41", "42"], ["41", "43"], ["45", "46"], ["45", "51"], ["46", "47"], ["46", "50"], ["47", "48"], ["47", "49"], ["52", "53"], ["52", "54"], ["55", "5"], ["55", "56"], ["56", "57"], ["58", "59"], ["58", "60"], ["61", "7"], ["61", "62"], ["64", "65"], ["64", "66"], ["66", "67"], ["66", "70"], ["67", "68"], ["67", "69"], ["70", "71"], ["70", "72"], ["74", "75"], ["74", "76"], ["76", "77"], ["76", "78"], ["76", "79"], ["80", "81"], ["80", "82"], ["82", "83"], ["82", "96"], ["83", "84"], ["83", "93"], ["84", "85"], ["84", "86"], ["86", "87"], ["86", "90"], ["87", "88"], ["87", "89"], ["90", "91"], ["90", "92"], ["93", "94"], ["93", "95"], ["97", "98"], ["97", "101"], ["98", "99"], ["98", "100"], ["26", "33"], ["31", "35"], ["34", "43"], ["52", "56"], ["55", "60"], ["58", "61"], ["61", "69"], ["64", "76"], ["74", "87"], ["80", "100"], ["97", "104"], ["28", "26"], ["33", "31"], ["35", "34"], ["38", "49"], ["38", "54"], ["54", "52"], ["56", "55"], ["60", "58"], ["66", "64"], ["76", "74"], ["82", "80"], ["98", "97"], ["30", "28"], ["39", "38"], ["46", "51"], ["51", "104"], ["67", "72"], ["70", "66"], ["83", "82"], ["100", "98"], ["41", "39"], ["47", "46"], ["69", "67"], ["72", "70"], ["84", "95"], ["93", "83"], ["43", "41"], ["49", "47"], ["86", "84"], ["95", "93"], ["87", "92"], ["90", "86"], ["92", "90"], ["23", "30"], ["51", "104"], ["24", "104"], ["26", "104"], ["26", "104"], ["31", "104"], ["35", "104"], ["34", "104"], ["34", "104"], ["39", "104"], ["39", "104"], ["38", "104"], ["38", "104"], ["46", "104"], ["46", "104"], ["23", "24"], ["23", "31"], ["23", "52"], ["23", "58"], ["66", "64"], ["76", "74"], ["76", "74"], ["76", "74"], ["82", "80"], ["82", "80"], ["23", "26"], ["31", "34"], ["23", "34"], ["35", "34"], ["52", "55"], ["23", "55"], ["56", "55"], ["58", "61"], ["23", "61"], ["80", "97"], ["23", "97"], ["26", "35"], ["23", "35"], ["39", "38"], ["39", "38"], ["23", "38"], ["23", "51"], ["35", "56"], ["23", "56"], ["64", "76"], ["23", "76"], ["55", "76"], ["61", "76"], ["83", "82"], ["83", "82"], ["76", "82"], ["23", "82"], ["34", "39"], ["23", "39"], ["23", "46"], ["84", "83"], ["84", "83"], ["86", "83"], ["74", "84"], ["23", "84"], ["86", "84"], ["86", "84"], ["87", "86"], ["87", "86"], ["66", "86"], ["76", "87"], ["23", "87"], ["39", "87"], ["38", "47"], ["38", "49"], ["38", "60"], ["38", "64"], ["38", "51"], ["38", "66"], ["38", "98"], ["38", "52"], ["38", "46"], ["38", "84"], ["38", "72"], ["38", "56"], ["38", "69"], ["38", "67"], ["38", "74"], ["38", "95"], ["38", "92"], ["38", "76"], ["38", "87"], ["38", "97"], ["38", "82"], ["38", "93"], ["38", "90"], ["38", "54"], ["38", "80"], ["38", "58"], ["38", "61"], ["38", "83"], ["38", "100"], ["38", "70"], ["38", "55"], ["38", "86"]], "features": {"23": "<(METHOD,main)<SUB>1</SUB>>", "25": "<(BLOCK,&lt;empty&gt;,&lt;empty&gt;)<SUB>1</SUB>>", "27": "<(IDENTIFIER,this,init(System.in))<SUB>2</SUB>>", "29": "<(IDENTIFIER,System,init(System.in))<SUB>2</SUB>>", "4": "<(LOCAL,BigInteger x: ANY)<SUB>3</SUB>>", "32": "<(IDENTIFIER,x,ANY x = new BigInteger(next()))<SUB>3</SUB>>", "34": "<(&lt;init&gt;,new BigInteger(next()))<SUB>3</SUB>>", "35": "<(next,next())<SUB>3</SUB>>", "37": "<(CONTROL_STRUCTURE,if (x.compareTo(BigInteger.ZERO) == 0),if (x.compareTo(BigInteger.ZERO) == 0))<SUB>4</SUB>>", "39": "<(compareTo,compareTo(BigInteger.ZERO))<SUB>4</SUB>>", "41": "<(&lt;operator&gt;.fieldAccess,BigInteger.ZERO)<SUB>4</SUB>>", "43": "<(FIELD_IDENTIFIER,ZERO,ZERO)<SUB>4</SUB>>", "45": "<(BLOCK,&lt;empty&gt;,&lt;empty&gt;)<SUB>4</SUB>>", "47": "<(&lt;operator&gt;.fieldAccess,System.out)<SUB>5</SUB>>", "49": "<(FIELD_IDENTIFIER,out,out)<SUB>5</SUB>>", "51": "<(RETURN,return;,return;)<SUB>6</SUB>>", "52": "<(&lt;operator&gt;.assignment,ANY k = new BigInteger(next()))<SUB>8</SUB>>", "54": "<(&lt;operator&gt;.alloc,new BigInteger(next()))<SUB>8</SUB>>", "5": "<(IDENTIFIER,k,new BigInteger(next()))<SUB>8</SUB>>", "57": "<(IDENTIFIER,this,next())<SUB>8</SUB>>", "58": "<(&lt;operator&gt;.assignment,ANY mod = new BigInteger(&quot;1000000007&quot;))<SUB>9</SUB>>", "60": "<(&lt;operator&gt;.alloc,new BigInteger(&quot;1000000007&quot;))<SUB>9</SUB>>", "7": "<(IDENTIFIER,mod,new BigInteger(&quot;1000000007&quot;))<SUB>9</SUB>>", "63": "<(LOCAL,BigInteger two: ANY)<SUB>10</SUB>>", "65": "<(IDENTIFIER,two,ANY two = add(BigInteger.ONE))<SUB>10</SUB>>", "67": "<(&lt;operator&gt;.fieldAccess,BigInteger.ONE)<SUB>10</SUB>>", "69": "<(FIELD_IDENTIFIER,ONE,ONE)<SUB>10</SUB>>", "71": "<(IDENTIFIER,BigInteger,add(BigInteger.ONE))<SUB>10</SUB>>", "73": "<(LOCAL,BigInteger ans: ANY)<SUB>11</SUB>>", "75": "<(IDENTIFIER,ans,ANY ans = modPow(k, mod))<SUB>11</SUB>>", "77": "<(IDENTIFIER,two,modPow(k, mod))<SUB>11</SUB>>", "79": "<(IDENTIFIER,mod,modPow(k, mod))<SUB>11</SUB>>", "81": "<(IDENTIFIER,ans,ans = mod(mod))<SUB>12</SUB>>", "83": "<(add,add(BigInteger.ONE))<SUB>12</SUB>>", "85": "<(IDENTIFIER,ans,multiply(two.multiply(x).subtract(BigInteger.ONE)))<SUB>12</SUB>>", "87": "<(multiply,multiply(x))<SUB>12</SUB>>", "89": "<(IDENTIFIER,x,multiply(x))<SUB>12</SUB>>", "91": "<(IDENTIFIER,BigInteger,subtract(BigInteger.ONE))<SUB>12</SUB>>", "93": "<(&lt;operator&gt;.fieldAccess,BigInteger.ONE)<SUB>12</SUB>>", "95": "<(FIELD_IDENTIFIER,ONE,ONE)<SUB>12</SUB>>", "97": "<(println,println(ans))<SUB>13</SUB>>", "99": "<(IDENTIFIER,System,println(ans))<SUB>13</SUB>>", "101": "<(IDENTIFIER,ans,println(ans))<SUB>13</SUB>>", "103": "<(MODIFIER,STATIC)>"}}