{"edges": [["21", "22"], ["21", "23"], ["21", "94"], ["21", "95"], ["21", "96"], ["23", "24"], ["23", "4"], ["23", "40"], ["23", "43"], ["23", "6"], ["23", "44"], ["23", "47"], ["23", "51"], ["23", "52"], ["23", "55"], ["23", "56"], ["23", "60"], ["23", "76"], ["23", "77"], ["23", "81"], ["23", "92"], ["24", "25"], ["24", "36"], ["25", "26"], ["25", "31"], ["26", "27"], ["26", "30"], ["27", "28"], ["27", "29"], ["31", "32"], ["31", "35"], ["32", "33"], ["32", "34"], ["36", "37"], ["37", "38"], ["37", "39"], ["40", "41"], ["40", "42"], ["43", "3"], ["44", "45"], ["44", "46"], ["47", "5"], ["47", "48"], ["48", "49"], ["48", "50"], ["52", "53"], ["52", "54"], ["56", "57"], ["56", "58"], ["58", "59"], ["60", "61"], ["60", "65"], ["61", "62"], ["61", "64"], ["62", "63"], ["65", "66"], ["66", "67"], ["66", "74"], ["66", "75"], ["67", "68"], ["67", "71"], ["67", "73"], ["68", "69"], ["68", "70"], ["71", "72"], ["77", "78"], ["77", "79"], ["79", "80"], ["81", "82"], ["81", "83"], ["83", "84"], ["83", "91"], ["84", "85"], ["84", "86"], ["86", "87"], ["86", "90"], ["87", "88"], ["87", "89"], ["92", "93"], ["40", "43"], ["43", "46"], ["44", "50"], ["47", "52"], ["52", "58"], ["56", "62"], ["77", "87"], ["81", "92"], ["92", "96"], ["25", "37"], ["25", "42"], ["42", "40"], ["46", "44"], ["48", "47"], ["58", "56"], ["61", "70"], ["61", "79"], ["79", "77"], ["83", "81"], ["26", "25"], ["26", "32"], ["31", "25"], ["37", "42"], ["50", "48"], ["62", "61"], ["66", "62"], ["84", "83"], ["27", "26"], ["32", "31"], ["86", "84"], ["29", "27"], ["68", "71"], ["71", "66"], ["87", "86"], ["70", "68"], ["21", "29"], ["22", "96"], ["26", "96"], ["25", "96"], ["31", "96"], ["25", "96"], ["25", "96"], ["37", "96"], ["40", "96"], ["43", "96"], ["43", "96"], ["44", "96"], ["47", "96"], ["52", "96"], ["56", "96"], ["62", "96"], ["61", "96"], ["61", "96"], ["79", "96"], ["77", "96"], ["77", "96"], ["87", "96"], ["87", "96"], ["86", "96"], ["84", "96"], ["83", "96"], ["81", "96"], ["81", "96"], ["92", "96"], ["92", "96"], ["68", "96"], ["71", "96"], ["71", "96"], ["66", "96"], ["66", "96"], ["37", "96"], ["81", "96"], ["21", "22"], ["21", "40"], ["21", "44"], ["21", "52"], ["58", "56"], ["79", "77"], ["40", "43"], ["21", "43"], ["44", "47"], ["21", "47"], ["21", "81"], ["86", "81"], ["86", "81"], ["47", "92"], ["66", "92"], ["21", "92"], ["26", "25"], ["26", "25"], ["31", "25"], ["31", "25"], ["21", "37"], ["47", "58"], ["21", "58"], ["62", "61"], ["21", "61"], ["58", "79"], ["21", "79"], ["21", "83"], ["86", "83"], ["86", "83"], ["22", "26"], ["21", "26"], ["22", "31"], ["21", "31"], ["52", "62"], ["21", "62"], ["68", "66"], ["71", "66"], ["21", "66"], ["43", "66"], ["47", "66"], ["21", "84"], ["86", "84"], ["86", "84"], ["21", "68"], ["21", "73"], ["87", "86"], ["87", "86"], ["21", "86"], ["68", "71"], ["21", "71"], ["77", "87"], ["21", "87"], ["56", "87"], ["25", "37"], ["61", "68"], ["61", "61"], ["61", "66"], ["61", "71"], ["61", "70"], ["61", "62"], ["26", "32"], ["26", "31"]], "features": {"21": "<(METHOD,main)<SUB>1</SUB>>", "23": "<(BLOCK,&lt;empty&gt;,&lt;empty&gt;)<SUB>1</SUB>>", "25": "<(&lt;operator&gt;.logicalAnd,args.length &gt; 0 &amp;&amp; args[0].equalsIgnoreCase(&quot;d&quot;))<SUB>2</SUB>>", "27": "<(&lt;operator&gt;.fieldAccess,args.length)<SUB>2</SUB>>", "29": "<(FIELD_IDENTIFIER,length,length)<SUB>2</SUB>>", "31": "<(equalsIgnoreCase,this.equalsIgnoreCase(&quot;d&quot;))<SUB>2</SUB>>", "33": "<(IDENTIFIER,args,this.equalsIgnoreCase(&quot;d&quot;))<SUB>2</SUB>>", "35": "<(LITERAL,&quot;d&quot;,this.equalsIgnoreCase(&quot;d&quot;))<SUB>2</SUB>>", "37": "<(&lt;operator&gt;.assignment,DEBUG_FLAG = true)<SUB>3</SUB>>", "39": "<(LITERAL,true,DEBUG_FLAG = true)<SUB>3</SUB>>", "40": "<(&lt;operator&gt;.assignment,ANY in = new InputReader())<SUB>5</SUB>>", "42": "<(&lt;operator&gt;.alloc,new InputReader())<SUB>5</SUB>>", "3": "<(IDENTIFIER,in,new InputReader())<SUB>5</SUB>>", "44": "<(&lt;operator&gt;.assignment,ANY out = new PrintWriter(System.out))<SUB>6</SUB>>", "46": "<(&lt;operator&gt;.alloc,new PrintWriter(System.out))<SUB>6</SUB>>", "5": "<(IDENTIFIER,out,new PrintWriter(System.out))<SUB>6</SUB>>", "49": "<(IDENTIFIER,System,new PrintWriter(System.out))<SUB>6</SUB>>", "51": "<(LOCAL,int t: int)<SUB>7</SUB>>", "53": "<(IDENTIFIER,t,int t = 1)<SUB>7</SUB>>", "55": "<(LOCAL,long start: long)<SUB>8</SUB>>", "57": "<(IDENTIFIER,start,long start = System.nanoTime())<SUB>8</SUB>>", "59": "<(IDENTIFIER,System,System.nanoTime())<SUB>8</SUB>>", "61": "<(&lt;operator&gt;.greaterThan,t-- &gt; 0)<SUB>9</SUB>>", "63": "<(IDENTIFIER,t,t--)<SUB>9</SUB>>", "65": "<(BLOCK,&lt;empty&gt;,&lt;empty&gt;)<SUB>9</SUB>>", "67": "<(BLOCK,&lt;empty&gt;,&lt;empty&gt;)<SUB>10</SUB>>", "69": "<(IDENTIFIER,$obj2,&lt;empty&gt;)>", "71": "<(&lt;init&gt;,new test())<SUB>10</SUB>>", "73": "<(IDENTIFIER,$obj2,&lt;empty&gt;)>", "75": "<(IDENTIFIER,out,solve(in, out))<SUB>10</SUB>>", "77": "<(&lt;operator&gt;.assignment,long end = System.nanoTime())<SUB>12</SUB>>", "79": "<(nanoTime,System.nanoTime())<SUB>12</SUB>>", "81": "<(debug,debug(&quot;\\nTime: &quot; + (end - start) / 1e6 + &quot; \\n\\n&quot;))<SUB>13</SUB>>", "83": "<(&lt;operator&gt;.addition,&quot;\\nTime: &quot; + (end - start) / 1e6 + &quot; \\n\\n&quot;)<SUB>13</SUB>>", "85": "<(LITERAL,&quot;\\nTime: &quot;,&quot;\\nTime: &quot; + (end - start) / 1e6)<SUB>13</SUB>>", "87": "<(&lt;operator&gt;.subtraction,end - start)<SUB>13</SUB>>", "89": "<(IDENTIFIER,start,end - start)<SUB>13</SUB>>", "91": "<(LITERAL,&quot; \\n\\n&quot;,&quot;\\nTime: &quot; + (end - start) / 1e6 + &quot; \\n\\n&quot;)<SUB>13</SUB>>", "93": "<(IDENTIFIER,out,close())<SUB>14</SUB>>", "95": "<(MODIFIER,STATIC)>"}}