{"edges": [["19", "21"], ["19", "31"], ["19", "32"], ["19", "33"], ["21", "4"], ["21", "22"], ["21", "25"], ["21", "27"], ["21", "29"], ["22", "23"], ["22", "24"], ["25", "3"], ["25", "26"], ["27", "28"], ["29", "30"], ["22", "25"], ["25", "27"], ["27", "29"], ["29", "33"], ["24", "22"], ["19", "24"], ["20", "33"], ["22", "33"], ["25", "33"], ["27", "33"], ["29", "33"], ["29", "33"], ["19", "20"], ["19", "22"], ["22", "25"], ["19", "25"], ["25", "27"], ["19", "27"], ["27", "29"], ["19", "29"]], "features": {"19": "<(METHOD,main)<SUB>1</SUB>>", "21": "<(BLOCK,&lt;empty&gt;,&lt;empty&gt;)<SUB>1</SUB>>", "22": "<(&lt;operator&gt;.assignment,ANY driver = new A(true))<SUB>3</SUB>>", "24": "<(&lt;operator&gt;.alloc,new A(true))<SUB>3</SUB>>", "3": "<(IDENTIFIER,driver,new A(true))<SUB>3</SUB>>", "27": "<(run,run())<SUB>4</SUB>>", "29": "<(closeResources,closeResources())<SUB>5</SUB>>", "31": "<(MODIFIER,PUBLIC)>", "33": "<(METHOD_RETURN,void)<SUB>1</SUB>>"}}