{"edges": [["19", "20"], ["19", "21"], ["19", "56"], ["19", "57"], ["19", "58"], ["21", "4"], ["21", "22"], ["21", "25"], ["21", "29"], ["22", "23"], ["22", "24"], ["25", "3"], ["25", "26"], ["26", "27"], ["26", "28"], ["29", "30"], ["29", "52"], ["30", "31"], ["30", "32"], ["30", "36"], ["30", "37"], ["30", "41"], ["32", "33"], ["32", "34"], ["34", "35"], ["37", "38"], ["37", "39"], ["39", "40"], ["41", "42"], ["41", "45"], ["42", "43"], ["42", "44"], ["45", "46"], ["45", "47"], ["47", "48"], ["47", "51"], ["48", "49"], ["48", "50"], ["52", "53"], ["53", "54"], ["54", "55"], ["22", "28"], ["25", "34"], ["24", "22"], ["26", "25"], ["28", "26"], ["32", "39"], ["37", "44"], ["41", "58"], ["41", "54"], ["34", "32"], ["39", "37"], ["42", "48"], ["45", "41"], ["54", "58"], ["44", "42"], ["47", "45"], ["48", "47"], ["19", "24"], ["20", "58"], ["22", "58"], ["25", "58"], ["25", "58"], ["32", "58"], ["32", "58"], ["39", "58"], ["37", "58"], ["37", "58"], ["41", "58"], ["45", "58"], ["47", "58"], ["47", "58"], ["45", "58"], ["41", "58"], ["41", "58"], ["54", "58"], ["48", "58"], ["19", "20"], ["19", "22"], ["22", "25"], ["19", "25"], ["34", "32"], ["39", "37"], ["19", "53"], ["45", "41"], ["45", "41"], ["25", "34"], ["19", "34"], ["34", "39"], ["19", "39"], ["37", "45"], ["19", "45"], ["47", "45"], ["47", "45"], ["19", "54"], ["48", "47"], ["48", "47"], ["32", "47"], ["19", "47"], ["19", "48"], ["41", "54"]], "features": {"19": "<(METHOD,main)<SUB>1</SUB>>", "21": "<(BLOCK,&lt;empty&gt;,&lt;empty&gt;)<SUB>1</SUB>>", "22": "<(&lt;operator&gt;.assignment,ANY sc = new Scanner(System.in))<SUB>3</SUB>>", "24": "<(&lt;operator&gt;.alloc,new Scanner(System.in))<SUB>3</SUB>>", "3": "<(IDENTIFIER,sc,new Scanner(System.in))<SUB>3</SUB>>", "27": "<(IDENTIFIER,System,new Scanner(System.in))<SUB>3</SUB>>", "29": "<(CONTROL_STRUCTURE,try,try)<SUB>3</SUB>>", "31": "<(LOCAL,int n: int)<SUB>5</SUB>>", "33": "<(IDENTIFIER,n,int n = nextInt())<SUB>5</SUB>>", "35": "<(IDENTIFIER,sc,nextInt())<SUB>5</SUB>>", "37": "<(&lt;operator&gt;.assignment,ANY m = nextBigInteger())<SUB>6</SUB>>", "39": "<(nextBigInteger,nextBigInteger())<SUB>6</SUB>>", "41": "<(println,println(m.mod(BigInteger.valueOf(2).pow(n))))<SUB>8</SUB>>", "43": "<(IDENTIFIER,System,println(m.mod(BigInteger.valueOf(2).pow(n))))<SUB>8</SUB>>", "45": "<(mod,mod(BigInteger.valueOf(2).pow(n)))<SUB>8</SUB>>", "47": "<(pow,pow(n))<SUB>8</SUB>>", "49": "<(IDENTIFIER,BigInteger,valueOf(2))<SUB>8</SUB>>", "51": "<(IDENTIFIER,n,pow(n))<SUB>8</SUB>>", "53": "<(BLOCK,&lt;empty&gt;,&lt;empty&gt;)<SUB>10</SUB>>", "55": "<(IDENTIFIER,e,e.printStackTrace())<SUB>11</SUB>>", "57": "<(MODIFIER,STATIC)>"}}