{"edges": [["24", "8"], ["24", "25"], ["24", "29"], ["24", "30"], ["24", "31"], ["25", "26"], ["26", "27"], ["27", "28"], ["27", "9"], ["26", "31"], ["27", "26"], ["9", "27"], ["24", "9"], ["8", "31"], ["26", "31"], ["26", "31"], ["27", "31"], ["24", "8"], ["27", "26"], ["27", "26"], ["24", "27"]], "features": {"24": "<(METHOD,main)<SUB>1</SUB>>", "25": "<(BLOCK,&lt;empty&gt;,&lt;empty&gt;)<SUB>1</SUB>>", "27": "<(withProcedure,withProcedure(&lt;lambda&gt;))<SUB>2</SUB>>", "9": "<(METHOD_REF,Main.lambda$0:&lt;unresolvedSignature&gt;(0),withProcedure(&lt;lambda&gt;))>", "30": "<(MODIFIER,STATIC)>"}}