{"edges": [["19", "21"], ["19", "133"], ["19", "134"], ["19", "135"], ["21", "4"], ["21", "22"], ["21", "25"], ["21", "26"], ["21", "27"], ["21", "31"], ["21", "32"], ["21", "36"], ["21", "47"], ["21", "72"], ["21", "73"], ["21", "82"], ["21", "83"], ["21", "94"], ["21", "95"], ["21", "106"], ["21", "113"], ["21", "114"], ["21", "119"], ["21", "126"], ["22", "23"], ["22", "24"], ["25", "3"], ["27", "28"], ["27", "29"], ["29", "30"], ["32", "33"], ["32", "34"], ["34", "35"], ["36", "37"], ["36", "40"], ["37", "38"], ["37", "39"], ["40", "41"], ["40", "46"], ["41", "42"], ["41", "45"], ["42", "43"], ["42", "44"], ["47", "48"], ["47", "51"], ["48", "49"], ["48", "50"], ["51", "52"], ["51", "53"], ["51", "64"], ["51", "71"], ["53", "54"], ["53", "55"], ["55", "56"], ["55", "63"], ["56", "57"], ["56", "60"], ["57", "58"], ["57", "59"], ["60", "61"], ["60", "62"], ["64", "65"], ["64", "68"], ["65", "66"], ["65", "67"], ["68", "69"], ["68", "70"], ["73", "74"], ["73", "75"], ["75", "76"], ["75", "77"], ["75", "78"], ["75", "81"], ["78", "79"], ["78", "80"], ["83", "84"], ["83", "85"], ["85", "86"], ["85", "93"], ["86", "87"], ["86", "90"], ["87", "88"], ["87", "89"], ["90", "91"], ["90", "92"], ["95", "96"], ["95", "97"], ["97", "98"], ["97", "105"], ["98", "99"], ["98", "104"], ["99", "100"], ["99", "101"], ["99", "102"], ["99", "103"], ["106", "107"], ["106", "110"], ["107", "108"], ["107", "109"], ["110", "111"], ["110", "112"], ["114", "115"], ["114", "116"], ["116", "117"], ["116", "118"], ["119", "120"], ["119", "123"], ["120", "121"], ["120", "122"], ["123", "124"], ["123", "125"], ["126", "127"], ["126", "130"], ["127", "128"], ["127", "129"], ["130", "131"], ["130", "132"], ["22", "25"], ["25", "29"], ["27", "34"], ["32", "37"], ["73", "87"], ["83", "99"], ["95", "107"], ["114", "120"], ["126", "135"], ["24", "22"], ["29", "27"], ["34", "32"], ["37", "44"], ["37", "48"], ["48", "57"], ["48", "78"], ["75", "73"], ["85", "83"], ["97", "95"], ["107", "110"], ["107", "116"], ["110", "116"], ["116", "114"], ["120", "123"], ["120", "129"], ["123", "129"], ["127", "130"], ["130", "126"], ["41", "46"], ["46", "135"], ["53", "67"], ["64", "71"], ["71", "135"], ["78", "75"], ["86", "85"], ["98", "97"], ["129", "127"], ["42", "41"], ["55", "53"], ["65", "68"], ["68", "64"], ["87", "90"], ["90", "86"], ["99", "98"], ["44", "42"], ["56", "55"], ["67", "65"], ["57", "60"], ["60", "56"], ["19", "24"], ["46", "135"], ["71", "135"], ["20", "135"], ["22", "135"], ["25", "135"], ["27", "135"], ["32", "135"], ["34", "135"], ["32", "135"], ["32", "135"], ["37", "135"], ["37", "135"], ["41", "135"], ["41", "135"], ["19", "20"], ["19", "22"], ["29", "27"], ["34", "32"], ["75", "73"], ["75", "73"], ["75", "73"], ["75", "73"], ["85", "83"], ["85", "83"], ["97", "95"], ["97", "95"], ["116", "114"], ["116", "114"], ["22", "25"], ["19", "25"], ["98", "110"], ["19", "110"], ["98", "123"], ["19", "123"], ["130", "126"], ["130", "126"], ["25", "29"], ["19", "29"], ["29", "34"], ["19", "34"], ["27", "37"], ["19", "37"], ["19", "46"], ["32", "48"], ["19", "48"], ["55", "53"], ["55", "53"], ["19", "71"], ["19", "75"], ["48", "75"], ["86", "85"], ["86", "85"], ["90", "85"], ["19", "85"], ["98", "97"], ["98", "97"], ["19", "97"], ["95", "107"], ["19", "107"], ["107", "110"], ["83", "116"], ["19", "116"], ["107", "116"], ["110", "116"], ["114", "120"], ["19", "120"], ["120", "123"], ["120", "130"], ["123", "130"], ["19", "130"], ["98", "130"], ["19", "41"], ["68", "64"], ["68", "64"], ["48", "78"], ["19", "78"], ["87", "86"], ["87", "86"], ["90", "86"], ["90", "86"], ["99", "98"], ["99", "98"], ["99", "98"], ["99", "98"], ["19", "98"], ["56", "55"], ["56", "55"], ["60", "55"], ["19", "55"], ["53", "68"], ["19", "68"], ["55", "68"], ["73", "87"], ["19", "87"], ["75", "87"], ["37", "90"], ["19", "90"], ["87", "90"], ["75", "99"], ["19", "99"], ["48", "99"], ["85", "99"], ["57", "56"], ["57", "56"], ["60", "56"], ["60", "56"], ["37", "57"], ["19", "57"], ["19", "60"], ["57", "60"], ["37", "48"], ["37", "42"], ["37", "46"], ["37", "44"], ["37", "41"], ["48", "107"], ["48", "68"], ["48", "60"], ["48", "73"], ["48", "64"], ["48", "57"], ["48", "98"], ["48", "120"], ["48", "116"], ["48", "75"], ["48", "99"], ["48", "114"], ["48", "85"], ["48", "56"], ["48", "67"], ["48", "95"], ["48", "65"], ["48", "87"], ["48", "97"], ["48", "129"], ["48", "90"], ["48", "126"], ["48", "83"], ["48", "71"], ["48", "130"], ["48", "53"], ["48", "127"], ["48", "55"], ["48", "78"], ["48", "86"], ["107", "110"], ["120", "123"]], "features": {"19": "<(METHOD,main)<SUB>1</SUB>>", "21": "<(BLOCK,&lt;empty&gt;,&lt;empty&gt;)<SUB>1</SUB>>", "22": "<(&lt;operator&gt;.assignment,ANY scan = new JS())<SUB>2</SUB>>", "24": "<(&lt;operator&gt;.alloc,new JS())<SUB>2</SUB>>", "3": "<(IDENTIFIER,scan,new JS())<SUB>2</SUB>>", "27": "<(&lt;operator&gt;.assignment,long n = nextLong())<SUB>3</SUB>>", "29": "<(nextLong,nextLong())<SUB>3</SUB>>", "31": "<(LOCAL,long k: long)<SUB>4</SUB>>", "33": "<(IDENTIFIER,k,long k = nextLong())<SUB>4</SUB>>", "35": "<(IDENTIFIER,scan,nextLong())<SUB>4</SUB>>", "37": "<(&lt;operator&gt;.equals,n == 0)<SUB>5</SUB>>", "39": "<(LITERAL,0,n == 0)<SUB>5</SUB>>", "41": "<(println,System.out.println(0))<SUB>6</SUB>>", "43": "<(IDENTIFIER,System,System.out.println(0))<SUB>6</SUB>>", "45": "<(LITERAL,0,System.out.println(0))<SUB>6</SUB>>", "47": "<(CONTROL_STRUCTURE,if (k == 0),if (k == 0))<SUB>9</SUB>>", "49": "<(IDENTIFIER,k,k == 0)<SUB>9</SUB>>", "51": "<(BLOCK,&lt;empty&gt;,&lt;empty&gt;)<SUB>9</SUB>>", "53": "<(&lt;operator&gt;.assignment,long ans = (n % m) * (2 % m) % m)<SUB>10</SUB>>", "55": "<(&lt;operator&gt;.modulo,(n % m) * (2 % m) % m)<SUB>10</SUB>>", "57": "<(&lt;operator&gt;.modulo,n % m)<SUB>10</SUB>>", "59": "<(IDENTIFIER,m,n % m)<SUB>10</SUB>>", "61": "<(LITERAL,2,2 % m)<SUB>10</SUB>>", "63": "<(IDENTIFIER,m,(n % m) * (2 % m) % m)<SUB>10</SUB>>", "65": "<(&lt;operator&gt;.fieldAccess,System.out)<SUB>11</SUB>>", "67": "<(FIELD_IDENTIFIER,out,out)<SUB>11</SUB>>", "69": "<(IDENTIFIER,ans,ans % m)<SUB>11</SUB>>", "71": "<(RETURN,return;,return;)<SUB>12</SUB>>", "73": "<(&lt;operator&gt;.assignment,long coeff = power(2L, k + 1, m))<SUB>15</SUB>>", "75": "<(power,power(2L, k + 1, m))<SUB>15</SUB>>", "77": "<(LITERAL,2L,power(2L, k + 1, m))<SUB>15</SUB>>", "79": "<(IDENTIFIER,k,k + 1)<SUB>15</SUB>>", "81": "<(IDENTIFIER,m,power(2L, k + 1, m))<SUB>15</SUB>>", "83": "<(&lt;operator&gt;.assignment,long r = (coeff % m) * (n % m) % m)<SUB>17</SUB>>", "85": "<(&lt;operator&gt;.modulo,(coeff % m) * (n % m) % m)<SUB>17</SUB>>", "87": "<(&lt;operator&gt;.modulo,coeff % m)<SUB>17</SUB>>", "89": "<(IDENTIFIER,m,coeff % m)<SUB>17</SUB>>", "91": "<(IDENTIFIER,n,n % m)<SUB>17</SUB>>", "93": "<(IDENTIFIER,m,(coeff % m) * (n % m) % m)<SUB>17</SUB>>", "95": "<(&lt;operator&gt;.assignment,long x = power(2L, k, m) % m - 1)<SUB>19</SUB>>", "97": "<(&lt;operator&gt;.subtraction,power(2L, k, m) % m - 1)<SUB>19</SUB>>", "99": "<(power,power(2L, k, m))<SUB>19</SUB>>", "101": "<(LITERAL,2L,power(2L, k, m))<SUB>19</SUB>>", "103": "<(IDENTIFIER,m,power(2L, k, m))<SUB>19</SUB>>", "105": "<(LITERAL,1,power(2L, k, m) % m - 1)<SUB>19</SUB>>", "107": "<(&lt;operator&gt;.lessThan,x &lt; 0)<SUB>20</SUB>>", "109": "<(LITERAL,0,x &lt; 0)<SUB>20</SUB>>", "111": "<(IDENTIFIER,x,x += m)<SUB>20</SUB>>", "113": "<(LOCAL,long ans: long)<SUB>21</SUB>>", "115": "<(IDENTIFIER,ans,long ans = r - x)<SUB>21</SUB>>", "117": "<(IDENTIFIER,r,r - x)<SUB>21</SUB>>", "119": "<(CONTROL_STRUCTURE,if (ans &lt; 0),if (ans &lt; 0))<SUB>22</SUB>>", "121": "<(IDENTIFIER,ans,ans &lt; 0)<SUB>22</SUB>>", "123": "<(&lt;operator&gt;.assignmentPlus,ans += m)<SUB>22</SUB>>", "125": "<(IDENTIFIER,m,ans += m)<SUB>22</SUB>>", "127": "<(&lt;operator&gt;.fieldAccess,System.out)<SUB>23</SUB>>", "129": "<(FIELD_IDENTIFIER,out,out)<SUB>23</SUB>>", "131": "<(IDENTIFIER,ans,ans % m)<SUB>23</SUB>>", "133": "<(MODIFIER,PUBLIC)>", "135": "<(METHOD_RETURN,void)<SUB>1</SUB>>"}}