{"edges": [["21", "23"], ["21", "151"], ["21", "152"], ["21", "153"], ["23", "4"], ["23", "24"], ["23", "27"], ["23", "6"], ["23", "31"], ["23", "34"], ["23", "38"], ["23", "39"], ["23", "46"], ["23", "47"], ["23", "48"], ["23", "52"], ["23", "56"], ["23", "67"], ["23", "68"], ["23", "69"], ["23", "74"], ["23", "79"], ["23", "80"], ["23", "85"], ["23", "86"], ["23", "98"], ["23", "99"], ["23", "109"], ["23", "110"], ["23", "117"], ["23", "124"], ["23", "131"], ["23", "136"], ["23", "141"], ["23", "146"], ["23", "149"], ["24", "25"], ["24", "26"], ["27", "3"], ["27", "28"], ["28", "29"], ["28", "30"], ["31", "32"], ["31", "33"], ["34", "5"], ["34", "35"], ["35", "36"], ["35", "37"], ["39", "40"], ["39", "41"], ["41", "42"], ["41", "45"], ["42", "43"], ["42", "44"], ["48", "49"], ["48", "50"], ["50", "51"], ["52", "53"], ["52", "54"], ["54", "55"], ["56", "57"], ["56", "60"], ["57", "58"], ["57", "59"], ["60", "61"], ["60", "64"], ["60", "66"], ["61", "62"], ["61", "63"], ["64", "65"], ["69", "70"], ["69", "71"], ["71", "72"], ["71", "73"], ["74", "75"], ["74", "76"], ["76", "77"], ["76", "78"], ["80", "81"], ["80", "82"], ["82", "83"], ["82", "84"], ["86", "87"], ["86", "88"], ["88", "89"], ["88", "92"], ["88", "97"], ["89", "90"], ["89", "91"], ["92", "93"], ["92", "94"], ["94", "95"], ["94", "96"], ["99", "100"], ["99", "101"], ["101", "102"], ["101", "105"], ["101", "108"], ["102", "103"], ["102", "104"], ["105", "106"], ["105", "107"], ["110", "111"], ["110", "112"], ["112", "113"], ["112", "116"], ["113", "114"], ["113", "115"], ["117", "118"], ["117", "119"], ["119", "120"], ["119", "121"], ["121", "122"], ["121", "123"], ["124", "125"], ["124", "126"], ["126", "127"], ["126", "128"], ["128", "129"], ["128", "130"], ["131", "132"], ["131", "133"], ["133", "134"], ["133", "135"], ["136", "137"], ["136", "138"], ["138", "139"], ["138", "140"], ["141", "142"], ["141", "143"], ["143", "144"], ["143", "145"], ["146", "147"], ["146", "148"], ["149", "150"], ["24", "30"], ["27", "33"], ["31", "37"], ["34", "43"], ["39", "50"], ["48", "54"], ["52", "57"], ["69", "76"], ["74", "82"], ["80", "89"], ["86", "102"], ["99", "113"], ["110", "121"], ["117", "130"], ["124", "133"], ["131", "138"], ["136", "143"], ["141", "146"], ["146", "149"], ["149", "153"], ["26", "24"], ["28", "27"], ["33", "31"], ["35", "34"], ["41", "39"], ["50", "48"], ["54", "52"], ["57", "61"], ["57", "71"], ["71", "69"], ["76", "74"], ["82", "80"], ["88", "86"], ["101", "99"], ["112", "110"], ["119", "117"], ["126", "124"], ["133", "131"], ["138", "136"], ["143", "141"], ["30", "28"], ["37", "35"], ["42", "41"], ["61", "64"], ["64", "66"], ["66", "153"], ["89", "94"], ["92", "88"], ["102", "105"], ["105", "101"], ["113", "112"], ["121", "119"], ["128", "126"], ["43", "42"], ["94", "92"], ["130", "128"], ["21", "26"], ["66", "153"], ["22", "153"], ["24", "153"], ["27", "153"], ["27", "153"], ["31", "153"], ["34", "153"], ["34", "153"], ["39", "153"], ["41", "153"], ["39", "153"], ["39", "153"], ["48", "153"], ["52", "153"], ["54", "153"], ["52", "153"], ["52", "153"], ["57", "153"], ["57", "153"], ["61", "153"], ["64", "153"], ["64", "153"], ["21", "22"], ["21", "24"], ["21", "31"], ["21", "39"], ["50", "48"], ["54", "52"], ["71", "69"], ["71", "69"], ["76", "74"], ["76", "74"], ["82", "80"], ["82", "80"], ["88", "86"], ["88", "86"], ["88", "86"], ["101", "99"], ["101", "99"], ["101", "99"], ["112", "110"], ["112", "110"], ["119", "117"], ["119", "117"], ["126", "124"], ["126", "124"], ["133", "131"], ["133", "131"], ["138", "136"], ["138", "136"], ["143", "141"], ["143", "141"], ["24", "27"], ["21", "27"], ["31", "34"], ["21", "34"], ["34", "146"], ["21", "146"], ["141", "146"], ["146", "149"], ["21", "149"], ["21", "41"], ["27", "50"], ["21", "50"], ["50", "54"], ["21", "54"], ["48", "57"], ["21", "57"], ["21", "66"], ["21", "71"], ["57", "71"], ["71", "76"], ["21", "76"], ["52", "76"], ["76", "82"], ["21", "82"], ["39", "82"], ["89", "88"], ["89", "88"], ["92", "88"], ["92", "88"], ["80", "88"], ["21", "88"], ["102", "101"], ["102", "101"], ["105", "101"], ["105", "101"], ["88", "101"], ["21", "101"], ["113", "112"], ["113", "112"], ["101", "112"], ["21", "112"], ["110", "119"], ["21", "119"], ["121", "119"], ["121", "119"], ["117", "126"], ["21", "126"], ["105", "126"], ["124", "133"], ["21", "133"], ["121", "133"], ["131", "138"], ["21", "138"], ["133", "138"], ["136", "143"], ["21", "143"], ["138", "143"], ["21", "42"], ["34", "61"], ["21", "61"], ["61", "64"], ["21", "64"], ["82", "89"], ["21", "89"], ["89", "92"], ["21", "92"], ["76", "92"], ["92", "102"], ["21", "102"], ["102", "105"], ["21", "105"], ["76", "105"], ["86", "113"], ["21", "113"], ["69", "113"], ["99", "121"], ["21", "121"], ["112", "121"], ["76", "94"], ["21", "94"], ["57", "94"], ["57", "141"], ["57", "64"], ["57", "89"], ["57", "66"], ["57", "113"], ["57", "136"], ["57", "146"], ["57", "99"], ["57", "128"], ["57", "102"], ["57", "131"], ["57", "149"], ["57", "69"], ["57", "74"], ["57", "119"], ["57", "121"], ["57", "92"], ["57", "76"], ["57", "112"], ["57", "138"], ["57", "82"], ["57", "101"], ["57", "143"], ["57", "126"], ["57", "80"], ["57", "61"], ["57", "71"], ["57", "105"], ["57", "130"], ["57", "88"], ["57", "110"], ["57", "117"], ["57", "124"], ["57", "133"], ["57", "86"]], "features": {"21": "<(METHOD,main)<SUB>1</SUB>>", "23": "<(BLOCK,&lt;empty&gt;,&lt;empty&gt;)<SUB>1</SUB>>", "24": "<(&lt;operator&gt;.assignment,ANY in = new FastReader(System.in))<SUB>2</SUB>>", "26": "<(&lt;operator&gt;.alloc,new FastReader(System.in))<SUB>2</SUB>>", "3": "<(IDENTIFIER,in,new FastReader(System.in))<SUB>2</SUB>>", "29": "<(IDENTIFIER,System,new FastReader(System.in))<SUB>2</SUB>>", "6": "<(LOCAL,PrintWriter pw: ANY)<SUB>3</SUB>>", "32": "<(IDENTIFIER,pw,ANY pw = new PrintWriter(System.out))<SUB>3</SUB>>", "34": "<(&lt;init&gt;,new PrintWriter(System.out))<SUB>3</SUB>>", "35": "<(&lt;operator&gt;.fieldAccess,System.out)<SUB>3</SUB>>", "37": "<(FIELD_IDENTIFIER,out,out)<SUB>3</SUB>>", "39": "<(&lt;operator&gt;.assignment,long mod = (long) 1e9 + 7)<SUB>5</SUB>>", "41": "<(&lt;operator&gt;.addition,(long) 1e9 + 7)<SUB>5</SUB>>", "43": "<(TYPE_REF,long,long)<SUB>5</SUB>>", "45": "<(LITERAL,7,(long) 1e9 + 7)<SUB>5</SUB>>", "47": "<(LOCAL,long kk: long)<SUB>7</SUB>>", "49": "<(IDENTIFIER,xx,long xx = nextLong())<SUB>7</SUB>>", "51": "<(IDENTIFIER,in,nextLong())<SUB>7</SUB>>", "53": "<(IDENTIFIER,kk,long kk = nextLong())<SUB>7</SUB>>", "55": "<(IDENTIFIER,in,nextLong())<SUB>7</SUB>>", "57": "<(&lt;operator&gt;.equals,xx == 0)<SUB>9</SUB>>", "59": "<(LITERAL,0,xx == 0)<SUB>9</SUB>>", "61": "<(println,println(0))<SUB>10</SUB>>", "63": "<(LITERAL,0,println(0))<SUB>10</SUB>>", "65": "<(IDENTIFIER,pw,close())<SUB>10</SUB>>", "67": "<(LOCAL,BigInteger x: ANY)<SUB>14</SUB>>", "69": "<(&lt;operator&gt;.assignment,ANY x = valueOf(xx))<SUB>14</SUB>>", "71": "<(valueOf,valueOf(xx))<SUB>14</SUB>>", "73": "<(IDENTIFIER,xx,valueOf(xx))<SUB>14</SUB>>", "75": "<(IDENTIFIER,k,ANY k = valueOf(kk))<SUB>14</SUB>>", "77": "<(IDENTIFIER,BigInteger,valueOf(kk))<SUB>14</SUB>>", "79": "<(LOCAL,BigInteger MOD: ANY)<SUB>18</SUB>>", "81": "<(IDENTIFIER,MOD,ANY MOD = valueOf(mod))<SUB>18</SUB>>", "83": "<(IDENTIFIER,BigInteger,valueOf(mod))<SUB>18</SUB>>", "85": "<(LOCAL,BigInteger a: ANY)<SUB>19</SUB>>", "87": "<(IDENTIFIER,a,ANY a = modPow(BigInteger.valueOf(kk + 1), MOD))<SUB>19</SUB>>", "89": "<(valueOf,valueOf(2))<SUB>19</SUB>>", "91": "<(LITERAL,2,valueOf(2))<SUB>19</SUB>>", "93": "<(IDENTIFIER,BigInteger,valueOf(kk + 1))<SUB>19</SUB>>", "95": "<(IDENTIFIER,kk,kk + 1)<SUB>19</SUB>>", "97": "<(IDENTIFIER,MOD,modPow(BigInteger.valueOf(kk + 1), MOD))<SUB>19</SUB>>", "99": "<(&lt;operator&gt;.assignment,ANY b = modPow(BigInteger.valueOf(kk), MOD))<SUB>20</SUB>>", "101": "<(modPow,modPow(BigInteger.valueOf(kk), MOD))<SUB>20</SUB>>", "103": "<(IDENTIFIER,BigInteger,valueOf(2))<SUB>20</SUB>>", "105": "<(valueOf,valueOf(kk))<SUB>20</SUB>>", "107": "<(IDENTIFIER,kk,valueOf(kk))<SUB>20</SUB>>", "109": "<(LOCAL,BigInteger s: ANY)<SUB>23</SUB>>", "111": "<(IDENTIFIER,s,ANY s = mod(MOD))<SUB>23</SUB>>", "113": "<(multiply,multiply(x))<SUB>23</SUB>>", "115": "<(IDENTIFIER,x,multiply(x))<SUB>23</SUB>>", "117": "<(&lt;operator&gt;.assignment,s = subtract(b.mod(MOD)))<SUB>24</SUB>>", "119": "<(subtract,subtract(b.mod(MOD)))<SUB>24</SUB>>", "121": "<(mod,mod(MOD))<SUB>24</SUB>>", "123": "<(IDENTIFIER,MOD,mod(MOD))<SUB>24</SUB>>", "125": "<(IDENTIFIER,s,s = add(BigInteger.ONE))<SUB>25</SUB>>", "127": "<(IDENTIFIER,s,add(BigInteger.ONE))<SUB>25</SUB>>", "129": "<(IDENTIFIER,BigInteger,add(BigInteger.ONE))<SUB>25</SUB>>", "131": "<(&lt;operator&gt;.assignment,s = mod(MOD))<SUB>26</SUB>>", "133": "<(mod,mod(MOD))<SUB>26</SUB>>", "135": "<(IDENTIFIER,MOD,mod(MOD))<SUB>26</SUB>>", "137": "<(IDENTIFIER,s,s = add(MOD))<SUB>27</SUB>>", "139": "<(IDENTIFIER,s,add(MOD))<SUB>27</SUB>>", "141": "<(&lt;operator&gt;.assignment,s = mod(MOD))<SUB>28</SUB>>", "143": "<(mod,mod(MOD))<SUB>28</SUB>>", "145": "<(IDENTIFIER,MOD,mod(MOD))<SUB>28</SUB>>", "147": "<(IDENTIFIER,pw,println(s))<SUB>34</SUB>>", "149": "<(close,close())<SUB>37</SUB>>", "151": "<(MODIFIER,PUBLIC)>", "153": "<(METHOD_RETURN,void)<SUB>1</SUB>>"}}