{"edges": [["17", "18"], ["17", "19"], ["17", "40"], ["17", "41"], ["17", "42"], ["19", "20"], ["20", "21"], ["21", "22"], ["21", "25"], ["21", "39"], ["22", "23"], ["22", "24"], ["25", "26"], ["25", "27"], ["25", "28"], ["25", "35"], ["25", "36"], ["28", "29"], ["28", "32"], ["28", "34"], ["29", "30"], ["29", "31"], ["32", "33"], ["36", "37"], ["36", "38"], ["20", "42"], ["22", "31"], ["25", "20"], ["24", "22"], ["36", "25"], ["29", "32"], ["32", "36"], ["31", "29"], ["17", "24"], ["18", "42"], ["25", "42"], ["29", "42"], ["32", "42"], ["32", "42"], ["25", "42"], ["25", "42"], ["20", "42"], ["17", "18"], ["29", "20"], ["25", "20"], ["17", "20"], ["17", "22"], ["17", "39"], ["22", "25"], ["17", "25"], ["29", "25"], ["32", "25"], ["36", "25"], ["36", "25"], ["17", "29"], ["17", "34"], ["17", "36"], ["29", "32"], ["17", "32"]], "features": {"17": "<(METHOD,main)<SUB>1</SUB>>", "19": "<(BLOCK,&lt;empty&gt;,&lt;empty&gt;)<SUB>2</SUB>>", "21": "<(BLOCK,&lt;empty&gt;,&lt;empty&gt;)<SUB>3</SUB>>", "23": "<(IDENTIFIER,$obj1,&lt;empty&gt;)>", "25": "<(&lt;init&gt;,new Thread(null, new cf3(), &quot;cf3&quot;, 1 &lt;&lt; 26))<SUB>3</SUB>>", "27": "<(LITERAL,null,new Thread(null, new cf3(), &quot;cf3&quot;, 1 &lt;&lt; 26))<SUB>3</SUB>>", "29": "<(&lt;operator&gt;.assignment,&lt;empty&gt;)>", "31": "<(&lt;operator&gt;.alloc,new cf3())<SUB>3</SUB>>", "33": "<(IDENTIFIER,$obj0,new cf3())>", "35": "<(LITERAL,&quot;cf3&quot;,new Thread(null, new cf3(), &quot;cf3&quot;, 1 &lt;&lt; 26))<SUB>3</SUB>>", "37": "<(LITERAL,1,1 &lt;&lt; 26)<SUB>3</SUB>>", "39": "<(IDENTIFIER,$obj1,&lt;empty&gt;)>", "41": "<(MODIFIER,STATIC)>"}}