{"edges": [["21", "22"], ["21", "23"], ["21", "108"], ["21", "109"], ["21", "110"], ["23", "4"], ["23", "24"], ["23", "27"], ["23", "6"], ["23", "31"], ["23", "34"], ["23", "38"], ["23", "39"], ["23", "40"], ["23", "44"], ["23", "48"], ["23", "59"], ["23", "74"], ["23", "75"], ["23", "82"], ["23", "87"], ["23", "88"], ["23", "94"], ["23", "103"], ["23", "106"], ["24", "25"], ["24", "26"], ["27", "3"], ["27", "28"], ["28", "29"], ["28", "30"], ["31", "32"], ["31", "33"], ["34", "5"], ["34", "35"], ["35", "36"], ["35", "37"], ["40", "41"], ["40", "42"], ["42", "43"], ["44", "45"], ["44", "46"], ["46", "47"], ["48", "49"], ["48", "52"], ["49", "50"], ["49", "51"], ["52", "53"], ["52", "58"], ["53", "54"], ["53", "57"], ["54", "55"], ["54", "56"], ["59", "60"], ["59", "63"], ["60", "61"], ["60", "62"], ["63", "64"], ["63", "71"], ["63", "73"], ["64", "65"], ["64", "66"], ["66", "67"], ["66", "70"], ["67", "68"], ["67", "69"], ["71", "72"], ["75", "76"], ["75", "77"], ["77", "78"], ["77", "81"], ["78", "79"], ["78", "80"], ["82", "83"], ["82", "84"], ["84", "85"], ["84", "86"], ["88", "89"], ["88", "90"], ["90", "91"], ["90", "92"], ["90", "93"], ["94", "95"], ["94", "96"], ["96", "97"], ["96", "102"], ["97", "98"], ["97", "101"], ["98", "99"], ["98", "100"], ["103", "104"], ["103", "105"], ["106", "107"], ["24", "30"], ["27", "33"], ["31", "37"], ["34", "42"], ["40", "46"], ["44", "49"], ["75", "84"], ["82", "90"], ["88", "98"], ["94", "103"], ["103", "106"], ["106", "110"], ["26", "24"], ["28", "27"], ["33", "31"], ["35", "34"], ["42", "40"], ["46", "44"], ["49", "56"], ["49", "60"], ["60", "67"], ["60", "78"], ["77", "75"], ["84", "82"], ["90", "88"], ["96", "94"], ["30", "28"], ["37", "35"], ["53", "58"], ["58", "110"], ["64", "71"], ["71", "73"], ["73", "110"], ["78", "77"], ["97", "96"], ["54", "53"], ["66", "64"], ["98", "97"], ["56", "54"], ["67", "66"], ["21", "26"], ["58", "110"], ["73", "110"], ["22", "110"], ["24", "110"], ["27", "110"], ["27", "110"], ["31", "110"], ["34", "110"], ["34", "110"], ["40", "110"], ["44", "110"], ["46", "110"], ["44", "110"], ["44", "110"], ["49", "110"], ["49", "110"], ["53", "110"], ["53", "110"], ["90", "110"], ["21", "22"], ["21", "24"], ["21", "31"], ["42", "40"], ["46", "44"], ["77", "75"], ["77", "75"], ["84", "82"], ["84", "82"], ["90", "88"], ["90", "88"], ["90", "88"], ["96", "94"], ["96", "94"], ["24", "27"], ["21", "27"], ["31", "34"], ["21", "34"], ["34", "103"], ["21", "103"], ["94", "103"], ["103", "106"], ["21", "106"], ["27", "42"], ["21", "42"], ["42", "46"], ["21", "46"], ["40", "49"], ["21", "49"], ["21", "58"], ["44", "60"], ["21", "60"], ["21", "73"], ["78", "77"], ["78", "77"], ["21", "77"], ["75", "84"], ["21", "84"], ["21", "90"], ["60", "90"], ["98", "96"], ["98", "96"], ["21", "96"], ["84", "96"], ["34", "53"], ["21", "53"], ["34", "64"], ["21", "64"], ["66", "64"], ["66", "64"], ["64", "71"], ["21", "71"], ["21", "78"], ["49", "78"], ["98", "97"], ["98", "97"], ["21", "97"], ["67", "66"], ["67", "66"], ["21", "66"], ["82", "98"], ["21", "98"], ["88", "98"], ["21", "67"], ["49", "67"], ["49", "60"], ["49", "56"], ["49", "54"], ["49", "58"], ["49", "53"], ["60", "94"], ["60", "73"], ["60", "96"], ["60", "77"], ["60", "64"], ["60", "66"], ["60", "98"], ["60", "75"], ["60", "84"], ["60", "103"], ["60", "67"], ["60", "106"], ["60", "97"], ["60", "82"], ["60", "90"], ["60", "71"], ["60", "88"], ["60", "78"]], "features": {"21": "<(METHOD,main)<SUB>1</SUB>>", "23": "<(BLOCK,&lt;empty&gt;,&lt;empty&gt;)<SUB>2</SUB>>", "24": "<(&lt;operator&gt;.assignment,ANY sc = new Scanner(System.in))<SUB>3</SUB>>", "26": "<(&lt;operator&gt;.alloc,new Scanner(System.in))<SUB>3</SUB>>", "3": "<(IDENTIFIER,sc,new Scanner(System.in))<SUB>3</SUB>>", "29": "<(IDENTIFIER,System,new Scanner(System.in))<SUB>3</SUB>>", "6": "<(LOCAL,PrintWriter pw: ANY)<SUB>4</SUB>>", "32": "<(IDENTIFIER,pw,ANY pw = new PrintWriter(System.out))<SUB>4</SUB>>", "34": "<(&lt;init&gt;,new PrintWriter(System.out))<SUB>4</SUB>>", "35": "<(&lt;operator&gt;.fieldAccess,System.out)<SUB>4</SUB>>", "37": "<(FIELD_IDENTIFIER,out,out)<SUB>4</SUB>>", "39": "<(LOCAL,long k: long)<SUB>5</SUB>>", "41": "<(IDENTIFIER,x,long x = nextLong())<SUB>5</SUB>>", "43": "<(IDENTIFIER,sc,nextLong())<SUB>5</SUB>>", "45": "<(IDENTIFIER,k,long k = nextLong())<SUB>5</SUB>>", "47": "<(IDENTIFIER,sc,nextLong())<SUB>5</SUB>>", "49": "<(&lt;operator&gt;.equals,x == 0)<SUB>6</SUB>>", "51": "<(LITERAL,0,x == 0)<SUB>6</SUB>>", "53": "<(println,System.out.println(0))<SUB>8</SUB>>", "55": "<(IDENTIFIER,System,System.out.println(0))<SUB>8</SUB>>", "57": "<(LITERAL,0,System.out.println(0))<SUB>8</SUB>>", "59": "<(CONTROL_STRUCTURE,if (k == 0),if (k == 0))<SUB>12</SUB>>", "61": "<(IDENTIFIER,k,k == 0)<SUB>12</SUB>>", "63": "<(BLOCK,&lt;empty&gt;,&lt;empty&gt;)<SUB>13</SUB>>", "65": "<(IDENTIFIER,pw,println((2 * x) % mod))<SUB>14</SUB>>", "67": "<(&lt;operator&gt;.multiplication,2 * x)<SUB>14</SUB>>", "69": "<(IDENTIFIER,x,2 * x)<SUB>14</SUB>>", "71": "<(close,close())<SUB>17</SUB>>", "73": "<(RETURN,return;,return;)<SUB>17</SUB>>", "75": "<(&lt;operator&gt;.assignment,long ans = 2 * x - 1)<SUB>20</SUB>>", "77": "<(&lt;operator&gt;.subtraction,2 * x - 1)<SUB>20</SUB>>", "79": "<(LITERAL,2,2 * x)<SUB>20</SUB>>", "81": "<(LITERAL,1,2 * x - 1)<SUB>20</SUB>>", "83": "<(IDENTIFIER,ans,ans = ans % mod)<SUB>21</SUB>>", "85": "<(IDENTIFIER,ans,ans % mod)<SUB>21</SUB>>", "87": "<(LOCAL,long b: long)<SUB>23</SUB>>", "89": "<(IDENTIFIER,b,long b = powMod(k, 2))<SUB>23</SUB>>", "91": "<(IDENTIFIER,this,powMod(k, 2))<SUB>23</SUB>>", "93": "<(LITERAL,2,powMod(k, 2))<SUB>23</SUB>>", "95": "<(IDENTIFIER,ans,ans = ((ans * b) + 1) % mod)<SUB>24</SUB>>", "97": "<(&lt;operator&gt;.addition,(ans * b) + 1)<SUB>24</SUB>>", "99": "<(IDENTIFIER,ans,ans * b)<SUB>24</SUB>>", "101": "<(LITERAL,1,(ans * b) + 1)<SUB>24</SUB>>", "103": "<(println,println(ans))<SUB>27</SUB>>", "105": "<(IDENTIFIER,ans,println(ans))<SUB>27</SUB>>", "107": "<(IDENTIFIER,pw,close())<SUB>29</SUB>>", "109": "<(MODIFIER,STATIC)>"}}