{"edges": [["19", "21"], ["19", "101"], ["19", "102"], ["19", "103"], ["21", "4"], ["21", "22"], ["21", "25"], ["21", "29"], ["21", "30"], ["21", "31"], ["21", "35"], ["21", "39"], ["21", "40"], ["21", "43"], ["21", "54"], ["21", "57"], ["21", "58"], ["21", "93"], ["21", "96"], ["22", "23"], ["22", "24"], ["25", "3"], ["25", "26"], ["26", "27"], ["26", "28"], ["31", "32"], ["31", "33"], ["33", "34"], ["35", "36"], ["35", "37"], ["37", "38"], ["40", "41"], ["40", "42"], ["43", "44"], ["43", "47"], ["44", "45"], ["44", "46"], ["47", "48"], ["47", "53"], ["48", "49"], ["48", "52"], ["49", "50"], ["49", "51"], ["54", "55"], ["54", "56"], ["58", "59"], ["58", "60"], ["60", "61"], ["60", "92"], ["61", "62"], ["61", "91"], ["62", "63"], ["62", "90"], ["63", "64"], ["63", "80"], ["64", "65"], ["64", "79"], ["65", "66"], ["65", "78"], ["66", "67"], ["66", "74"], ["66", "75"], ["67", "68"], ["67", "71"], ["67", "73"], ["68", "69"], ["68", "70"], ["71", "72"], ["75", "76"], ["75", "77"], ["80", "81"], ["80", "88"], ["80", "89"], ["81", "82"], ["81", "85"], ["81", "87"], ["82", "83"], ["82", "84"], ["85", "86"], ["93", "94"], ["93", "95"], ["96", "97"], ["96", "100"], ["97", "98"], ["97", "99"], ["22", "28"], ["25", "33"], ["31", "37"], ["35", "40"], ["40", "44"], ["54", "70"], ["58", "93"], ["93", "99"], ["96", "103"], ["24", "22"], ["26", "25"], ["33", "31"], ["37", "35"], ["44", "51"], ["44", "54"], ["60", "58"], ["97", "96"], ["28", "26"], ["48", "53"], ["53", "103"], ["61", "60"], ["99", "97"], ["49", "48"], ["62", "61"], ["51", "49"], ["63", "62"], ["64", "84"], ["80", "63"], ["65", "64"], ["66", "65"], ["82", "85"], ["85", "80"], ["75", "66"], ["84", "82"], ["68", "71"], ["71", "75"], ["70", "68"], ["19", "24"], ["53", "103"], ["20", "103"], ["22", "103"], ["25", "103"], ["25", "103"], ["31", "103"], ["35", "103"], ["37", "103"], ["35", "103"], ["35", "103"], ["40", "103"], ["40", "103"], ["44", "103"], ["44", "103"], ["48", "103"], ["19", "20"], ["19", "22"], ["33", "31"], ["37", "35"], ["19", "40"], ["40", "54"], ["19", "54"], ["60", "58"], ["60", "58"], ["60", "93"], ["19", "93"], ["22", "25"], ["19", "25"], ["44", "54"], ["58", "93"], ["93", "96"], ["19", "96"], ["25", "33"], ["19", "33"], ["33", "37"], ["19", "37"], ["31", "44"], ["19", "44"], ["19", "53"], ["63", "60"], ["63", "60"], ["64", "60"], ["19", "60"], ["19", "48"], ["63", "61"], ["63", "61"], ["64", "61"], ["19", "61"], ["63", "62"], ["63", "62"], ["64", "62"], ["19", "62"], ["64", "63"], ["64", "63"], ["80", "63"], ["80", "63"], ["80", "63"], ["80", "63"], ["65", "64"], ["65", "64"], ["19", "64"], ["40", "64"], ["82", "80"], ["85", "80"], ["19", "80"], ["35", "80"], ["66", "65"], ["66", "65"], ["66", "65"], ["66", "65"], ["54", "65"], ["19", "65"], ["19", "82"], ["19", "87"], ["68", "66"], ["71", "66"], ["19", "66"], ["35", "66"], ["82", "85"], ["19", "85"], ["19", "68"], ["19", "73"], ["35", "75"], ["19", "75"], ["68", "71"], ["19", "71"], ["44", "48"], ["44", "68"], ["44", "49"], ["44", "60"], ["44", "96"], ["44", "64"], ["44", "51"], ["44", "66"], ["44", "75"], ["44", "99"], ["44", "84"], ["44", "85"], ["44", "65"], ["44", "97"], ["44", "82"], ["44", "93"], ["44", "54"], ["44", "80"], ["44", "58"], ["44", "61"], ["44", "71"], ["44", "53"], ["44", "70"], ["44", "63"], ["44", "62"]], "features": {"19": "<(METHOD,main)<SUB>1</SUB>>", "21": "<(BLOCK,&lt;empty&gt;,&lt;empty&gt;)<SUB>1</SUB>>", "22": "<(&lt;operator&gt;.assignment,ANY scan = new Scanner(System.in))<SUB>2</SUB>>", "24": "<(&lt;operator&gt;.alloc,new Scanner(System.in))<SUB>2</SUB>>", "3": "<(IDENTIFIER,scan,new Scanner(System.in))<SUB>2</SUB>>", "27": "<(IDENTIFIER,System,new Scanner(System.in))<SUB>2</SUB>>", "29": "<(LOCAL,long x: long)<SUB>3</SUB>>", "31": "<(&lt;operator&gt;.assignment,long x = nextLong())<SUB>3</SUB>>", "33": "<(nextLong,nextLong())<SUB>3</SUB>>", "35": "<(&lt;operator&gt;.assignment,long k = nextLong())<SUB>3</SUB>>", "37": "<(nextLong,nextLong())<SUB>3</SUB>>", "39": "<(LOCAL,long MOD: long)<SUB>4</SUB>>", "41": "<(IDENTIFIER,MOD,long MOD = 1000000007)<SUB>4</SUB>>", "43": "<(CONTROL_STRUCTURE,if (x == 0),if (x == 0))<SUB>5</SUB>>", "45": "<(IDENTIFIER,x,x == 0)<SUB>5</SUB>>", "47": "<(BLOCK,&lt;empty&gt;,&lt;empty&gt;)<SUB>5</SUB>>", "49": "<(&lt;operator&gt;.fieldAccess,System.out)<SUB>6</SUB>>", "51": "<(FIELD_IDENTIFIER,out,out)<SUB>6</SUB>>", "53": "<(RETURN,return;,return;)<SUB>7</SUB>>", "55": "<(IDENTIFIER,x,x %= MOD)<SUB>9</SUB>>", "57": "<(LOCAL,long ans: long)<SUB>10</SUB>>", "59": "<(IDENTIFIER,ans,long ans = (((new myC()).fastPow(2L, k + 1) * x) % MOD - (new myC()).fastPow(2L, k) + MOD + 1) % MOD)<SUB>10</SUB>>", "61": "<(&lt;operator&gt;.addition,((new myC()).fastPow(2L, k + 1) * x) % MOD - (new myC()).fastPow(2L, k) + MOD + 1)<SUB>10</SUB>>", "63": "<(&lt;operator&gt;.subtraction,((new myC()).fastPow(2L, k + 1) * x) % MOD - (new myC()).fastPow(2L, k))<SUB>10</SUB>>", "65": "<(&lt;operator&gt;.multiplication,(new myC()).fastPow(2L, k + 1) * x)<SUB>10</SUB>>", "67": "<(BLOCK,&lt;empty&gt;,&lt;empty&gt;)<SUB>10</SUB>>", "69": "<(IDENTIFIER,$obj1,&lt;empty&gt;)>", "71": "<(&lt;init&gt;,new myC())<SUB>10</SUB>>", "73": "<(IDENTIFIER,$obj1,&lt;empty&gt;)>", "75": "<(&lt;operator&gt;.addition,k + 1)<SUB>10</SUB>>", "77": "<(LITERAL,1,k + 1)<SUB>10</SUB>>", "79": "<(IDENTIFIER,MOD,((new myC()).fastPow(2L, k + 1) * x) % MOD)<SUB>10</SUB>>", "81": "<(BLOCK,&lt;empty&gt;,&lt;empty&gt;)<SUB>10</SUB>>", "83": "<(IDENTIFIER,$obj2,&lt;empty&gt;)>", "85": "<(&lt;init&gt;,new myC())<SUB>10</SUB>>", "87": "<(IDENTIFIER,$obj2,&lt;empty&gt;)>", "89": "<(IDENTIFIER,k,fastPow(2L, k))<SUB>10</SUB>>", "91": "<(LITERAL,1,((new myC()).fastPow(2L, k + 1) * x) % MOD - (new myC()).fastPow(2L, k) + MOD + 1)<SUB>10</SUB>>", "93": "<(&lt;operators&gt;.assignmentModulo,ans %= MOD)<SUB>11</SUB>>", "95": "<(IDENTIFIER,MOD,ans %= MOD)<SUB>11</SUB>>", "97": "<(&lt;operator&gt;.fieldAccess,System.out)<SUB>12</SUB>>", "99": "<(FIELD_IDENTIFIER,out,out)<SUB>12</SUB>>", "101": "<(MODIFIER,PUBLIC)>", "103": "<(METHOD_RETURN,void)<SUB>1</SUB>>"}}