{"edges": [["19", "20"], ["19", "21"], ["19", "26"], ["19", "27"], ["19", "28"], ["21", "4"], ["21", "22"], ["21", "25"], ["22", "23"], ["22", "24"], ["25", "3"], ["22", "25"], ["25", "28"], ["24", "22"], ["19", "24"], ["20", "28"], ["22", "28"], ["25", "28"], ["25", "28"], ["19", "20"], ["19", "22"], ["22", "25"], ["19", "25"]], "features": {"19": "<(METHOD,main)<SUB>1</SUB>>", "21": "<(BLOCK,&lt;empty&gt;,&lt;empty&gt;)<SUB>1</SUB>>", "22": "<(&lt;operator&gt;.assignment,ANY solver = new Solver())<SUB>2</SUB>>", "24": "<(&lt;operator&gt;.alloc,new Solver())<SUB>2</SUB>>", "3": "<(IDENTIFIER,solver,new Solver())<SUB>2</SUB>>", "27": "<(MODIFIER,STATIC)>"}}