{"edges": [["21", "22"], ["21", "23"], ["21", "118"], ["21", "119"], ["21", "120"], ["23", "4"], ["23", "24"], ["23", "27"], ["23", "6"], ["23", "31"], ["23", "34"], ["23", "38"], ["23", "39"], ["23", "43"], ["23", "44"], ["23", "48"], ["23", "114"], ["23", "116"], ["24", "25"], ["24", "26"], ["27", "3"], ["27", "28"], ["28", "29"], ["28", "30"], ["31", "32"], ["31", "33"], ["34", "5"], ["34", "35"], ["35", "36"], ["35", "37"], ["39", "40"], ["39", "41"], ["41", "42"], ["44", "45"], ["44", "46"], ["46", "47"], ["48", "49"], ["48", "52"], ["48", "55"], ["49", "50"], ["49", "51"], ["52", "53"], ["52", "54"], ["55", "56"], ["56", "57"], ["56", "58"], ["56", "65"], ["56", "76"], ["56", "89"], ["56", "100"], ["56", "111"], ["58", "59"], ["58", "60"], ["60", "61"], ["60", "62"], ["60", "63"], ["60", "64"], ["65", "66"], ["65", "67"], ["67", "68"], ["67", "75"], ["68", "69"], ["68", "74"], ["69", "70"], ["69", "73"], ["70", "71"], ["70", "72"], ["76", "77"], ["76", "78"], ["78", "79"], ["78", "88"], ["79", "80"], ["79", "87"], ["80", "81"], ["80", "84"], ["81", "82"], ["81", "83"], ["84", "85"], ["84", "86"], ["89", "90"], ["89", "91"], ["91", "92"], ["91", "99"], ["92", "93"], ["92", "98"], ["93", "94"], ["93", "97"], ["94", "95"], ["94", "96"], ["100", "101"], ["100", "102"], ["102", "103"], ["102", "110"], ["103", "104"], ["103", "107"], ["104", "105"], ["104", "106"], ["107", "108"], ["107", "109"], ["111", "112"], ["111", "113"], ["114", "115"], ["116", "117"], ["24", "30"], ["27", "33"], ["31", "37"], ["34", "41"], ["39", "46"], ["44", "49"], ["114", "116"], ["116", "120"], ["26", "24"], ["28", "27"], ["33", "31"], ["35", "34"], ["41", "39"], ["46", "44"], ["49", "52"], ["49", "60"], ["52", "114"], ["30", "28"], ["37", "35"], ["58", "70"], ["65", "81"], ["76", "94"], ["89", "104"], ["100", "111"], ["111", "114"], ["60", "58"], ["67", "65"], ["78", "76"], ["91", "89"], ["102", "100"], ["68", "67"], ["79", "78"], ["92", "91"], ["103", "102"], ["69", "68"], ["80", "79"], ["93", "92"], ["104", "107"], ["107", "103"], ["70", "69"], ["81", "84"], ["84", "80"], ["94", "93"], ["21", "26"], ["22", "120"], ["24", "120"], ["27", "120"], ["27", "120"], ["31", "120"], ["34", "120"], ["34", "120"], ["39", "120"], ["44", "120"], ["46", "120"], ["44", "120"], ["44", "120"], ["49", "120"], ["49", "120"], ["60", "120"], ["58", "120"], ["58", "120"], ["68", "120"], ["67", "120"], ["65", "120"], ["65", "120"], ["80", "120"], ["79", "120"], ["78", "120"], ["76", "120"], ["76", "120"], ["93", "120"], ["92", "120"], ["91", "120"], ["89", "120"], ["89", "120"], ["103", "120"], ["103", "120"], ["102", "120"], ["102", "120"], ["100", "120"], ["100", "120"], ["111", "120"], ["111", "120"], ["52", "120"], ["114", "120"], ["116", "120"], ["116", "120"], ["60", "120"], ["21", "22"], ["21", "24"], ["21", "31"], ["41", "39"], ["46", "44"], ["24", "27"], ["21", "27"], ["31", "34"], ["21", "34"], ["111", "114"], ["52", "114"], ["21", "114"], ["114", "116"], ["21", "116"], ["27", "41"], ["21", "41"], ["41", "46"], ["21", "46"], ["39", "49"], ["21", "49"], ["34", "52"], ["21", "52"], ["60", "58"], ["60", "58"], ["60", "58"], ["60", "58"], ["67", "65"], ["67", "65"], ["78", "76"], ["78", "76"], ["91", "89"], ["91", "89"], ["102", "100"], ["102", "100"], ["34", "111"], ["21", "111"], ["100", "111"], ["21", "60"], ["44", "60"], ["68", "67"], ["68", "67"], ["21", "67"], ["80", "78"], ["80", "78"], ["84", "78"], ["21", "78"], ["92", "91"], ["92", "91"], ["21", "91"], ["104", "102"], ["104", "102"], ["107", "102"], ["107", "102"], ["21", "102"], ["69", "68"], ["69", "68"], ["70", "68"], ["21", "68"], ["80", "79"], ["80", "79"], ["84", "79"], ["21", "79"], ["93", "92"], ["93", "92"], ["94", "92"], ["21", "92"], ["104", "103"], ["104", "103"], ["107", "103"], ["107", "103"], ["70", "69"], ["70", "69"], ["21", "69"], ["81", "80"], ["81", "80"], ["84", "80"], ["84", "80"], ["94", "93"], ["94", "93"], ["58", "93"], ["21", "93"], ["89", "104"], ["21", "104"], ["91", "104"], ["21", "107"], ["104", "107"], ["49", "70"], ["21", "70"], ["60", "70"], ["65", "81"], ["21", "81"], ["67", "81"], ["21", "84"], ["81", "84"], ["76", "94"], ["21", "94"], ["78", "94"], ["49", "107"], ["49", "94"], ["49", "68"], ["49", "60"], ["49", "89"], ["49", "52"], ["49", "81"], ["49", "84"], ["49", "102"], ["49", "103"], ["49", "69"], ["49", "67"], ["49", "104"], ["49", "92"], ["49", "76"], ["49", "65"], ["49", "91"], ["49", "93"], ["49", "79"], ["49", "80"], ["49", "58"], ["49", "100"], ["49", "70"], ["49", "78"], ["49", "111"]], "features": {"21": "<(METHOD,main)<SUB>1</SUB>>", "23": "<(BLOCK,&lt;empty&gt;,&lt;empty&gt;)<SUB>2</SUB>>", "24": "<(&lt;operator&gt;.assignment,ANY in = new InputReader(System.in))<SUB>3</SUB>>", "26": "<(&lt;operator&gt;.alloc,new InputReader(System.in))<SUB>3</SUB>>", "3": "<(IDENTIFIER,in,new InputReader(System.in))<SUB>3</SUB>>", "29": "<(IDENTIFIER,System,new InputReader(System.in))<SUB>3</SUB>>", "6": "<(LOCAL,PrintWriter pw: ANY)<SUB>4</SUB>>", "32": "<(IDENTIFIER,pw,ANY pw = new PrintWriter(System.out))<SUB>4</SUB>>", "34": "<(&lt;init&gt;,new PrintWriter(System.out))<SUB>4</SUB>>", "35": "<(&lt;operator&gt;.fieldAccess,System.out)<SUB>4</SUB>>", "37": "<(FIELD_IDENTIFIER,out,out)<SUB>4</SUB>>", "39": "<(&lt;operator&gt;.assignment,long x = nextLong())<SUB>6</SUB>>", "41": "<(nextLong,nextLong())<SUB>6</SUB>>", "43": "<(LOCAL,long k: long)<SUB>7</SUB>>", "45": "<(IDENTIFIER,k,long k = nextLong())<SUB>7</SUB>>", "47": "<(IDENTIFIER,in,nextLong())<SUB>7</SUB>>", "49": "<(&lt;operator&gt;.equals,x == 0)<SUB>9</SUB>>", "51": "<(LITERAL,0,x == 0)<SUB>9</SUB>>", "53": "<(IDENTIFIER,pw,println(0))<SUB>10</SUB>>", "55": "<(CONTROL_STRUCTURE,else,else)<SUB>12</SUB>>", "57": "<(LOCAL,long mul: long)<SUB>13</SUB>>", "59": "<(IDENTIFIER,mul,long mul = modularExponentiation(2L, k, mod))<SUB>13</SUB>>", "61": "<(IDENTIFIER,this,modularExponentiation(2L, k, mod))<SUB>13</SUB>>", "63": "<(IDENTIFIER,k,modularExponentiation(2L, k, mod))<SUB>13</SUB>>", "65": "<(&lt;operator&gt;.assignment,x = (x % mod * 2L % mod) % mod)<SUB>14</SUB>>", "67": "<(&lt;operator&gt;.modulo,(x % mod * 2L % mod) % mod)<SUB>14</SUB>>", "69": "<(&lt;operator&gt;.multiplication,x % mod * 2L)<SUB>14</SUB>>", "71": "<(IDENTIFIER,x,x % mod)<SUB>14</SUB>>", "73": "<(LITERAL,2L,x % mod * 2L)<SUB>14</SUB>>", "75": "<(IDENTIFIER,mod,(x % mod * 2L % mod) % mod)<SUB>14</SUB>>", "77": "<(IDENTIFIER,x,x = (x % mod - 1L % mod + mod) % mod)<SUB>15</SUB>>", "79": "<(&lt;operator&gt;.addition,x % mod - 1L % mod + mod)<SUB>15</SUB>>", "81": "<(&lt;operator&gt;.modulo,x % mod)<SUB>15</SUB>>", "83": "<(IDENTIFIER,mod,x % mod)<SUB>15</SUB>>", "85": "<(LITERAL,1L,1L % mod)<SUB>15</SUB>>", "87": "<(IDENTIFIER,mod,x % mod - 1L % mod + mod)<SUB>15</SUB>>", "89": "<(&lt;operator&gt;.assignment,x = (x % mod * mul % mod) % mod)<SUB>16</SUB>>", "91": "<(&lt;operator&gt;.modulo,(x % mod * mul % mod) % mod)<SUB>16</SUB>>", "93": "<(&lt;operator&gt;.multiplication,x % mod * mul)<SUB>16</SUB>>", "95": "<(IDENTIFIER,x,x % mod)<SUB>16</SUB>>", "97": "<(IDENTIFIER,mul,x % mod * mul)<SUB>16</SUB>>", "99": "<(IDENTIFIER,mod,(x % mod * mul % mod) % mod)<SUB>16</SUB>>", "101": "<(IDENTIFIER,x,x = (x % mod + 1 % mod) % mod)<SUB>17</SUB>>", "103": "<(&lt;operator&gt;.addition,x % mod + 1 % mod)<SUB>17</SUB>>", "105": "<(IDENTIFIER,x,x % mod)<SUB>17</SUB>>", "107": "<(&lt;operator&gt;.modulo,1 % mod)<SUB>17</SUB>>", "109": "<(IDENTIFIER,mod,1 % mod)<SUB>17</SUB>>", "111": "<(print,print(x))<SUB>18</SUB>>", "113": "<(IDENTIFIER,x,print(x))<SUB>18</SUB>>", "115": "<(IDENTIFIER,pw,flush())<SUB>20</SUB>>", "117": "<(IDENTIFIER,pw,close())<SUB>21</SUB>>", "119": "<(MODIFIER,STATIC)>"}}