{"edges": [["17", "19"], ["17", "99"], ["17", "100"], ["17", "101"], ["19", "20"], ["19", "21"], ["19", "22"], ["19", "26"], ["19", "30"], ["22", "23"], ["22", "24"], ["24", "25"], ["26", "27"], ["26", "28"], ["28", "29"], ["30", "31"], ["30", "36"], ["30", "45"], ["31", "32"], ["31", "33"], ["33", "34"], ["33", "35"], ["36", "37"], ["36", "40"], ["37", "38"], ["37", "39"], ["40", "41"], ["40", "44"], ["41", "42"], ["41", "43"], ["45", "46"], ["46", "47"], ["46", "52"], ["46", "57"], ["47", "48"], ["47", "49"], ["49", "50"], ["49", "51"], ["52", "53"], ["52", "56"], ["53", "54"], ["53", "55"], ["57", "58"], ["58", "59"], ["58", "60"], ["58", "69"], ["58", "74"], ["58", "75"], ["58", "81"], ["58", "86"], ["60", "61"], ["60", "62"], ["62", "63"], ["62", "66"], ["63", "64"], ["63", "65"], ["66", "67"], ["66", "68"], ["69", "70"], ["69", "71"], ["71", "72"], ["71", "73"], ["75", "76"], ["75", "77"], ["77", "78"], ["77", "79"], ["77", "80"], ["81", "82"], ["81", "83"], ["83", "84"], ["83", "85"], ["86", "87"], ["86", "90"], ["87", "88"], ["87", "89"], ["90", "91"], ["90", "98"], ["91", "92"], ["91", "95"], ["92", "93"], ["92", "94"], ["95", "96"], ["95", "97"], ["22", "28"], ["26", "35"], ["24", "22"], ["28", "26"], ["31", "39"], ["31", "51"], ["36", "101"], ["33", "31"], ["37", "41"], ["40", "36"], ["35", "33"], ["39", "37"], ["41", "40"], ["47", "55"], ["47", "63"], ["52", "101"], ["49", "47"], ["53", "52"], ["51", "49"], ["55", "53"], ["60", "71"], ["69", "77"], ["75", "83"], ["81", "89"], ["86", "101"], ["62", "60"], ["71", "69"], ["77", "75"], ["83", "81"], ["87", "92"], ["90", "86"], ["63", "68"], ["66", "62"], ["89", "87"], ["91", "90"], ["68", "66"], ["92", "97"], ["95", "91"], ["97", "95"], ["17", "24"], ["18", "101"], ["22", "101"], ["28", "101"], ["26", "101"], ["26", "101"], ["31", "101"], ["31", "101"], ["31", "101"], ["36", "101"], ["41", "101"], ["41", "101"], ["40", "101"], ["40", "101"], ["36", "101"], ["36", "101"], ["77", "101"], ["17", "18"], ["24", "22"], ["28", "26"], ["17", "24"], ["24", "28"], ["17", "28"], ["26", "31"], ["17", "31"], ["40", "36"], ["40", "36"], ["41", "40"], ["41", "40"], ["17", "40"], ["22", "41"], ["17", "41"], ["22", "47"], ["17", "47"], ["31", "47"], ["17", "52"], ["62", "60"], ["62", "60"], ["71", "69"], ["71", "69"], ["77", "75"], ["77", "75"], ["77", "75"], ["83", "81"], ["83", "81"], ["90", "86"], ["90", "86"], ["63", "62"], ["63", "62"], ["60", "71"], ["17", "71"], ["17", "77"], ["63", "77"], ["31", "77"], ["75", "83"], ["17", "83"], ["71", "83"], ["91", "90"], ["91", "90"], ["83", "90"], ["17", "90"], ["17", "63"], ["47", "63"], ["92", "91"], ["92", "91"], ["62", "91"], ["69", "92"], ["17", "92"], ["81", "92"], ["31", "47"], ["31", "49"], ["31", "51"], ["31", "37"], ["31", "40"], ["31", "36"], ["31", "41"], ["31", "39"], ["47", "68"], ["47", "60"], ["47", "77"], ["47", "89"], ["47", "66"], ["47", "75"], ["47", "52"], ["47", "81"], ["47", "69"], ["47", "95"], ["47", "92"], ["47", "87"], ["47", "97"], ["47", "91"], ["47", "90"], ["47", "83"], ["47", "71"], ["47", "53"], ["47", "63"], ["47", "55"], ["47", "62"], ["47", "86"]], "features": {"17": "<(METHOD,main)<SUB>1</SUB>>", "19": "<(BLOCK,&lt;empty&gt;,&lt;empty&gt;)<SUB>1</SUB>>", "21": "<(LOCAL,BigInteger k: ANY)<SUB>2</SUB>>", "23": "<(IDENTIFIER,x,ANY x = RB())<SUB>2</SUB>>", "25": "<(IDENTIFIER,in,RB())<SUB>2</SUB>>", "27": "<(IDENTIFIER,k,ANY k = RB())<SUB>2</SUB>>", "29": "<(IDENTIFIER,in,RB())<SUB>2</SUB>>", "31": "<(equals,equals(BigInteger.ZERO))<SUB>3</SUB>>", "33": "<(&lt;operator&gt;.fieldAccess,BigInteger.ZERO)<SUB>3</SUB>>", "35": "<(FIELD_IDENTIFIER,ZERO,ZERO)<SUB>3</SUB>>", "37": "<(&lt;operator&gt;.fieldAccess,System.out)<SUB>3</SUB>>", "39": "<(FIELD_IDENTIFIER,out,out)<SUB>3</SUB>>", "41": "<(multiply,multiply(tow))<SUB>3</SUB>>", "43": "<(IDENTIFIER,tow,multiply(tow))<SUB>3</SUB>>", "45": "<(CONTROL_STRUCTURE,else,else)<SUB>4</SUB>>", "47": "<(equals,equals(BigInteger.ZERO))<SUB>4</SUB>>", "49": "<(&lt;operator&gt;.fieldAccess,BigInteger.ZERO)<SUB>4</SUB>>", "51": "<(FIELD_IDENTIFIER,ZERO,ZERO)<SUB>4</SUB>>", "53": "<(&lt;operator&gt;.fieldAccess,System.out)<SUB>4</SUB>>", "55": "<(FIELD_IDENTIFIER,out,out)<SUB>4</SUB>>", "57": "<(CONTROL_STRUCTURE,else,else)<SUB>5</SUB>>", "59": "<(LOCAL,BigInteger x1: ANY)<SUB>6</SUB>>", "61": "<(IDENTIFIER,x1,ANY x1 = subtract(BigInteger.ONE))<SUB>6</SUB>>", "63": "<(multiply,multiply(x))<SUB>6</SUB>>", "65": "<(IDENTIFIER,x,multiply(x))<SUB>6</SUB>>", "67": "<(IDENTIFIER,BigInteger,subtract(BigInteger.ONE))<SUB>6</SUB>>", "69": "<(&lt;operator&gt;.assignment,x1 = mod(mod))<SUB>7</SUB>>", "71": "<(mod,mod(mod))<SUB>7</SUB>>", "73": "<(IDENTIFIER,mod,mod(mod))<SUB>7</SUB>>", "75": "<(&lt;operator&gt;.assignment,ANY x2 = pow(tow, k))<SUB>8</SUB>>", "77": "<(pow,pow(tow, k))<SUB>8</SUB>>", "79": "<(IDENTIFIER,tow,pow(tow, k))<SUB>8</SUB>>", "81": "<(&lt;operator&gt;.assignment,x2 = mod(mod))<SUB>9</SUB>>", "83": "<(mod,mod(mod))<SUB>9</SUB>>", "85": "<(IDENTIFIER,mod,mod(mod))<SUB>9</SUB>>", "87": "<(&lt;operator&gt;.fieldAccess,System.out)<SUB>10</SUB>>", "89": "<(FIELD_IDENTIFIER,out,out)<SUB>10</SUB>>", "91": "<(add,add(BigInteger.ONE))<SUB>10</SUB>>", "93": "<(IDENTIFIER,x1,multiply(x2))<SUB>10</SUB>>", "95": "<(&lt;operator&gt;.fieldAccess,BigInteger.ONE)<SUB>10</SUB>>", "97": "<(FIELD_IDENTIFIER,ONE,ONE)<SUB>10</SUB>>", "99": "<(MODIFIER,PUBLIC)>", "101": "<(METHOD_RETURN,void)<SUB>1</SUB>>"}}