{"edges": [["19", "20"], ["19", "21"], ["19", "74"], ["19", "75"], ["19", "76"], ["21", "4"], ["21", "22"], ["21", "25"], ["21", "29"], ["21", "30"], ["21", "31"], ["21", "32"], ["21", "33"], ["21", "37"], ["21", "41"], ["21", "50"], ["21", "58"], ["22", "23"], ["22", "24"], ["25", "3"], ["25", "26"], ["26", "27"], ["26", "28"], ["33", "34"], ["33", "35"], ["35", "36"], ["37", "38"], ["37", "39"], ["39", "40"], ["41", "42"], ["41", "43"], ["43", "44"], ["43", "49"], ["44", "45"], ["44", "48"], ["45", "46"], ["45", "47"], ["50", "51"], ["50", "52"], ["52", "53"], ["52", "57"], ["53", "54"], ["53", "55"], ["53", "56"], ["58", "59"], ["58", "62"], ["59", "60"], ["59", "61"], ["62", "63"], ["62", "66"], ["62", "67"], ["63", "64"], ["63", "65"], ["67", "68"], ["67", "73"], ["68", "69"], ["68", "72"], ["69", "70"], ["69", "71"], ["22", "28"], ["25", "35"], ["33", "39"], ["37", "45"], ["41", "53"], ["50", "61"], ["58", "76"], ["24", "22"], ["26", "25"], ["35", "33"], ["39", "37"], ["43", "41"], ["52", "50"], ["59", "63"], ["62", "58"], ["28", "26"], ["44", "43"], ["53", "52"], ["61", "59"], ["63", "62"], ["63", "69"], ["67", "62"], ["45", "44"], ["68", "67"], ["69", "68"], ["19", "24"], ["20", "76"], ["22", "76"], ["25", "76"], ["25", "76"], ["33", "76"], ["39", "76"], ["37", "76"], ["37", "76"], ["41", "76"], ["44", "76"], ["43", "76"], ["41", "76"], ["41", "76"], ["50", "76"], ["53", "76"], ["52", "76"], ["52", "76"], ["50", "76"], ["50", "76"], ["58", "76"], ["62", "76"], ["69", "76"], ["69", "76"], ["68", "76"], ["67", "76"], ["67", "76"], ["62", "76"], ["62", "76"], ["58", "76"], ["58", "76"], ["53", "76"], ["19", "20"], ["19", "22"], ["35", "33"], ["39", "37"], ["43", "41"], ["43", "41"], ["52", "50"], ["52", "50"], ["22", "25"], ["19", "25"], ["63", "58"], ["19", "58"], ["67", "58"], ["67", "58"], ["25", "35"], ["19", "35"], ["35", "39"], ["19", "39"], ["44", "43"], ["44", "43"], ["19", "43"], ["53", "52"], ["53", "52"], ["53", "52"], ["43", "52"], ["19", "52"], ["63", "62"], ["19", "62"], ["67", "62"], ["67", "62"], ["45", "44"], ["45", "44"], ["19", "44"], ["19", "53"], ["37", "53"], ["45", "63"], ["19", "63"], ["69", "67"], ["69", "67"], ["19", "67"], ["52", "67"], ["33", "45"], ["19", "45"], ["69", "68"], ["69", "68"], ["19", "68"], ["41", "69"], ["19", "69"], ["50", "69"], ["63", "69"], ["63", "68"], ["63", "67"]], "features": {"19": "<(METHOD,main)<SUB>1</SUB>>", "21": "<(BLOCK,&lt;empty&gt;,&lt;empty&gt;)<SUB>1</SUB>>", "22": "<(&lt;operator&gt;.assignment,ANY s = new Scanner(System.in))<SUB>2</SUB>>", "24": "<(&lt;operator&gt;.alloc,new Scanner(System.in))<SUB>2</SUB>>", "3": "<(IDENTIFIER,s,new Scanner(System.in))<SUB>2</SUB>>", "27": "<(IDENTIFIER,System,new Scanner(System.in))<SUB>2</SUB>>", "29": "<(LOCAL,long a: long)<SUB>3</SUB>>", "31": "<(LOCAL,long c: long)<SUB>3</SUB>>", "33": "<(&lt;operator&gt;.assignment,long a = nextLong())<SUB>3</SUB>>", "35": "<(nextLong,nextLong())<SUB>3</SUB>>", "37": "<(&lt;operator&gt;.assignment,long b = nextLong())<SUB>3</SUB>>", "39": "<(nextLong,nextLong())<SUB>3</SUB>>", "41": "<(&lt;operator&gt;.assignment,long c = (a * 2 - 1) % mod)<SUB>3</SUB>>", "43": "<(&lt;operator&gt;.modulo,(a * 2 - 1) % mod)<SUB>3</SUB>>", "45": "<(&lt;operator&gt;.multiplication,a * 2)<SUB>3</SUB>>", "47": "<(LITERAL,2,a * 2)<SUB>3</SUB>>", "49": "<(IDENTIFIER,mod,(a * 2 - 1) % mod)<SUB>3</SUB>>", "51": "<(IDENTIFIER,i,long i = binpow(2, b) % mod)<SUB>3</SUB>>", "53": "<(binpow,binpow(2, b))<SUB>3</SUB>>", "55": "<(LITERAL,2,binpow(2, b))<SUB>3</SUB>>", "57": "<(IDENTIFIER,mod,binpow(2, b) % mod)<SUB>3</SUB>>", "59": "<(&lt;operator&gt;.fieldAccess,System.out)<SUB>4</SUB>>", "61": "<(FIELD_IDENTIFIER,out,out)<SUB>4</SUB>>", "63": "<(&lt;operator&gt;.lessThan,a &lt; 1)<SUB>4</SUB>>", "65": "<(LITERAL,1,a &lt; 1)<SUB>4</SUB>>", "67": "<(&lt;operator&gt;.modulo,(c * i + 1) % mod)<SUB>4</SUB>>", "69": "<(&lt;operator&gt;.multiplication,c * i)<SUB>4</SUB>>", "71": "<(IDENTIFIER,i,c * i)<SUB>4</SUB>>", "73": "<(IDENTIFIER,mod,(c * i + 1) % mod)<SUB>4</SUB>>", "75": "<(MODIFIER,STATIC)>"}}