{"edges": [["19", "20"], ["19", "21"], ["19", "90"], ["19", "91"], ["19", "92"], ["21", "4"], ["21", "22"], ["21", "25"], ["21", "29"], ["21", "30"], ["21", "34"], ["21", "35"], ["21", "39"], ["21", "40"], ["21", "43"], ["22", "23"], ["22", "24"], ["25", "3"], ["25", "26"], ["26", "27"], ["26", "28"], ["30", "31"], ["30", "32"], ["32", "33"], ["35", "36"], ["35", "37"], ["37", "38"], ["40", "41"], ["40", "42"], ["43", "44"], ["43", "47"], ["43", "83"], ["44", "45"], ["44", "46"], ["47", "48"], ["47", "49"], ["47", "58"], ["47", "59"], ["47", "66"], ["47", "67"], ["47", "74"], ["49", "50"], ["49", "51"], ["51", "52"], ["51", "57"], ["52", "53"], ["52", "56"], ["53", "54"], ["53", "55"], ["59", "60"], ["59", "61"], ["61", "62"], ["61", "63"], ["61", "64"], ["61", "65"], ["67", "68"], ["67", "69"], ["69", "70"], ["69", "73"], ["70", "71"], ["70", "72"], ["74", "75"], ["74", "78"], ["75", "76"], ["75", "77"], ["78", "79"], ["78", "82"], ["79", "80"], ["79", "81"], ["83", "84"], ["84", "85"], ["85", "86"], ["85", "89"], ["86", "87"], ["86", "88"], ["22", "28"], ["25", "32"], ["30", "37"], ["35", "40"], ["40", "44"], ["24", "22"], ["26", "25"], ["32", "30"], ["37", "35"], ["44", "53"], ["44", "88"], ["28", "26"], ["49", "61"], ["59", "70"], ["67", "77"], ["74", "92"], ["51", "49"], ["61", "59"], ["69", "67"], ["75", "79"], ["78", "74"], ["85", "92"], ["52", "51"], ["70", "69"], ["77", "75"], ["79", "78"], ["86", "85"], ["53", "52"], ["88", "86"], ["19", "24"], ["20", "92"], ["22", "92"], ["25", "92"], ["25", "92"], ["30", "92"], ["37", "92"], ["35", "92"], ["35", "92"], ["40", "92"], ["44", "92"], ["53", "92"], ["52", "92"], ["51", "92"], ["49", "92"], ["49", "92"], ["61", "92"], ["59", "92"], ["59", "92"], ["70", "92"], ["70", "92"], ["69", "92"], ["67", "92"], ["67", "92"], ["74", "92"], ["79", "92"], ["78", "92"], ["78", "92"], ["74", "92"], ["74", "92"], ["61", "92"], ["19", "20"], ["19", "22"], ["32", "30"], ["37", "35"], ["19", "40"], ["22", "25"], ["19", "25"], ["25", "32"], ["19", "32"], ["32", "37"], ["19", "37"], ["30", "44"], ["19", "44"], ["51", "49"], ["51", "49"], ["61", "59"], ["61", "59"], ["61", "59"], ["61", "59"], ["69", "67"], ["69", "67"], ["78", "74"], ["78", "74"], ["52", "51"], ["52", "51"], ["40", "51"], ["19", "51"], ["19", "61"], ["35", "61"], ["51", "61"], ["70", "69"], ["70", "69"], ["61", "69"], ["19", "69"], ["67", "78"], ["19", "78"], ["69", "78"], ["19", "85"], ["53", "52"], ["53", "52"], ["19", "52"], ["49", "70"], ["19", "70"], ["59", "70"], ["67", "79"], ["19", "79"], ["19", "53"], ["44", "53"], ["44", "49"], ["44", "61"], ["44", "77"], ["44", "51"], ["44", "75"], ["44", "52"], ["44", "53"], ["44", "85"], ["44", "69"], ["44", "67"], ["44", "88"], ["44", "70"], ["44", "74"], ["44", "59"], ["44", "78"], ["44", "79"], ["44", "86"]], "features": {"19": "<(METHOD,main)<SUB>1</SUB>>", "21": "<(BLOCK,&lt;empty&gt;,&lt;empty&gt;)<SUB>2</SUB>>", "22": "<(&lt;operator&gt;.assignment,ANY scan = new Scanner(System.in))<SUB>3</SUB>>", "24": "<(&lt;operator&gt;.alloc,new Scanner(System.in))<SUB>3</SUB>>", "3": "<(IDENTIFIER,scan,new Scanner(System.in))<SUB>3</SUB>>", "27": "<(IDENTIFIER,System,new Scanner(System.in))<SUB>3</SUB>>", "29": "<(LOCAL,long x: long)<SUB>4</SUB>>", "31": "<(IDENTIFIER,x,long x = nextLong())<SUB>4</SUB>>", "33": "<(IDENTIFIER,scan,nextLong())<SUB>4</SUB>>", "35": "<(&lt;operator&gt;.assignment,long k = nextLong())<SUB>5</SUB>>", "37": "<(nextLong,nextLong())<SUB>5</SUB>>", "39": "<(LOCAL,long v: long)<SUB>6</SUB>>", "41": "<(IDENTIFIER,v,long v = 1000000007L)<SUB>6</SUB>>", "43": "<(CONTROL_STRUCTURE,if (x &gt; 0),if (x &gt; 0))<SUB>7</SUB>>", "45": "<(IDENTIFIER,x,x &gt; 0)<SUB>7</SUB>>", "47": "<(BLOCK,&lt;empty&gt;,&lt;empty&gt;)<SUB>7</SUB>>", "49": "<(&lt;operator&gt;.assignment,long p = ((2 * x) - 1) % v)<SUB>8</SUB>>", "51": "<(&lt;operator&gt;.modulo,((2 * x) - 1) % v)<SUB>8</SUB>>", "53": "<(&lt;operator&gt;.multiplication,2 * x)<SUB>8</SUB>>", "55": "<(IDENTIFIER,x,2 * x)<SUB>8</SUB>>", "57": "<(IDENTIFIER,v,((2 * x) - 1) % v)<SUB>8</SUB>>", "59": "<(&lt;operator&gt;.assignment,long a = ans(2L, k, v))<SUB>9</SUB>>", "61": "<(ans,ans(2L, k, v))<SUB>9</SUB>>", "63": "<(LITERAL,2L,ans(2L, k, v))<SUB>9</SUB>>", "65": "<(IDENTIFIER,v,ans(2L, k, v))<SUB>9</SUB>>", "67": "<(&lt;operator&gt;.assignment,long b = (p * a) % v)<SUB>10</SUB>>", "69": "<(&lt;operator&gt;.modulo,(p * a) % v)<SUB>10</SUB>>", "71": "<(IDENTIFIER,p,p * a)<SUB>10</SUB>>", "73": "<(IDENTIFIER,v,(p * a) % v)<SUB>10</SUB>>", "75": "<(&lt;operator&gt;.fieldAccess,System.out)<SUB>11</SUB>>", "77": "<(FIELD_IDENTIFIER,out,out)<SUB>11</SUB>>", "79": "<(&lt;operator&gt;.addition,b + 1)<SUB>11</SUB>>", "81": "<(LITERAL,1,b + 1)<SUB>11</SUB>>", "83": "<(CONTROL_STRUCTURE,else,else)<SUB>13</SUB>>", "85": "<(println,System.out.println(0))<SUB>14</SUB>>", "87": "<(IDENTIFIER,System,System.out.println(0))<SUB>14</SUB>>", "89": "<(LITERAL,0,System.out.println(0))<SUB>14</SUB>>", "91": "<(MODIFIER,STATIC)>"}}