{"edges": [["19", "21"], ["19", "59"], ["19", "60"], ["19", "61"], ["21", "22"], ["21", "25"], ["21", "37"], ["21", "40"], ["21", "45"], ["21", "48"], ["21", "4"], ["21", "51"], ["21", "54"], ["21", "55"], ["21", "57"], ["22", "23"], ["22", "24"], ["25", "26"], ["25", "27"], ["27", "28"], ["27", "31"], ["27", "36"], ["28", "29"], ["28", "30"], ["31", "32"], ["31", "33"], ["33", "34"], ["33", "35"], ["37", "38"], ["37", "39"], ["40", "41"], ["40", "42"], ["42", "43"], ["42", "44"], ["45", "46"], ["45", "47"], ["48", "49"], ["48", "50"], ["51", "52"], ["51", "53"], ["54", "3"], ["55", "56"], ["57", "58"], ["22", "30"], ["25", "39"], ["37", "44"], ["40", "47"], ["45", "48"], ["48", "53"], ["51", "54"], ["54", "55"], ["55", "57"], ["57", "61"], ["24", "22"], ["39", "37"], ["42", "40"], ["47", "45"], ["53", "51"], ["28", "35"], ["31", "25"], ["44", "42"], ["30", "28"], ["33", "31"], ["35", "33"], ["19", "24"], ["20", "61"], ["22", "61"], ["25", "61"], ["28", "61"], ["31", "61"], ["31", "61"], ["31", "61"], ["25", "61"], ["37", "61"], ["40", "61"], ["40", "61"], ["45", "61"], ["48", "61"], ["48", "61"], ["51", "61"], ["54", "61"], ["55", "61"], ["55", "61"], ["57", "61"], ["57", "61"], ["19", "20"], ["19", "22"], ["19", "37"], ["19", "45"], ["19", "51"], ["22", "25"], ["19", "25"], ["28", "25"], ["31", "25"], ["37", "40"], ["19", "40"], ["45", "48"], ["19", "48"], ["51", "54"], ["19", "54"], ["54", "55"], ["19", "55"], ["40", "57"], ["19", "57"], ["19", "28"], ["19", "36"], ["28", "31"], ["19", "31"]], "features": {"19": "<(METHOD,main)<SUB>1</SUB>>", "21": "<(BLOCK,&lt;empty&gt;,&lt;empty&gt;)<SUB>1</SUB>>", "23": "<(IDENTIFIER,in,in = new BufferedReader(new InputStreamReader(System.in)))<SUB>2</SUB>>", "25": "<(&lt;init&gt;,new BufferedReader(new InputStreamReader(System.in)))<SUB>2</SUB>>", "27": "<(BLOCK,&lt;empty&gt;,&lt;empty&gt;)<SUB>2</SUB>>", "29": "<(IDENTIFIER,$obj0,&lt;empty&gt;)>", "31": "<(&lt;init&gt;,new InputStreamReader(System.in))<SUB>2</SUB>>", "33": "<(&lt;operator&gt;.fieldAccess,System.in)<SUB>2</SUB>>", "35": "<(FIELD_IDENTIFIER,in,in)<SUB>2</SUB>>", "37": "<(&lt;operator&gt;.assignment,out = new PrintWriter(System.out))<SUB>3</SUB>>", "39": "<(&lt;operator&gt;.alloc,new PrintWriter(System.out))<SUB>3</SUB>>", "41": "<(IDENTIFIER,out,new PrintWriter(System.out))<SUB>3</SUB>>", "43": "<(IDENTIFIER,System,new PrintWriter(System.out))<SUB>3</SUB>>", "45": "<(&lt;operator&gt;.assignment,tok = new StringTokenizer(&quot;&quot;))<SUB>4</SUB>>", "47": "<(&lt;operator&gt;.alloc,new StringTokenizer(&quot;&quot;))<SUB>4</SUB>>", "49": "<(IDENTIFIER,tok,new StringTokenizer(&quot;&quot;))<SUB>4</SUB>>", "4": "<(LOCAL,Main main: Main)<SUB>5</SUB>>", "52": "<(IDENTIFIER,main,Main main = new Main())<SUB>5</SUB>>", "54": "<(&lt;init&gt;,new Main())<SUB>5</SUB>>", "55": "<(solve,solve())<SUB>6</SUB>>", "57": "<(close,close())<SUB>7</SUB>>", "59": "<(MODIFIER,PUBLIC)>", "61": "<(METHOD_RETURN,void)<SUB>1</SUB>>"}}