{"edges": [["17", "19"], ["17", "87"], ["17", "88"], ["17", "89"], ["19", "20"], ["19", "21"], ["19", "25"], ["19", "26"], ["19", "30"], ["19", "85"], ["21", "22"], ["21", "23"], ["23", "24"], ["26", "27"], ["26", "28"], ["28", "29"], ["30", "31"], ["30", "34"], ["30", "80"], ["31", "32"], ["31", "33"], ["34", "35"], ["34", "36"], ["34", "41"], ["34", "42"], ["34", "55"], ["34", "56"], ["34", "67"], ["34", "68"], ["34", "77"], ["36", "37"], ["36", "38"], ["38", "39"], ["38", "40"], ["42", "43"], ["42", "44"], ["44", "45"], ["44", "54"], ["45", "46"], ["45", "47"], ["47", "48"], ["47", "49"], ["47", "50"], ["47", "53"], ["50", "51"], ["50", "52"], ["56", "57"], ["56", "58"], ["58", "59"], ["58", "66"], ["59", "60"], ["59", "65"], ["60", "61"], ["60", "62"], ["60", "63"], ["60", "64"], ["68", "69"], ["68", "70"], ["70", "71"], ["70", "76"], ["71", "72"], ["71", "75"], ["72", "73"], ["72", "74"], ["77", "78"], ["77", "79"], ["80", "81"], ["81", "82"], ["82", "83"], ["82", "84"], ["85", "86"], ["21", "28"], ["26", "31"], ["85", "89"], ["23", "21"], ["28", "26"], ["31", "38"], ["31", "82"], ["36", "50"], ["42", "60"], ["56", "72"], ["68", "77"], ["77", "85"], ["38", "36"], ["44", "42"], ["58", "56"], ["70", "68"], ["82", "85"], ["45", "44"], ["59", "58"], ["71", "70"], ["47", "45"], ["60", "59"], ["72", "71"], ["50", "47"], ["17", "23"], ["18", "89"], ["21", "89"], ["26", "89"], ["28", "89"], ["26", "89"], ["26", "89"], ["31", "89"], ["31", "89"], ["82", "89"], ["38", "89"], ["36", "89"], ["36", "89"], ["45", "89"], ["47", "89"], ["45", "89"], ["44", "89"], ["42", "89"], ["42", "89"], ["60", "89"], ["60", "89"], ["59", "89"], ["58", "89"], ["56", "89"], ["56", "89"], ["72", "89"], ["72", "89"], ["71", "89"], ["70", "89"], ["68", "89"], ["68", "89"], ["77", "89"], ["77", "89"], ["85", "89"], ["85", "89"], ["17", "18"], ["23", "21"], ["28", "26"], ["82", "85"], ["77", "85"], ["17", "85"], ["17", "23"], ["23", "28"], ["17", "28"], ["21", "31"], ["17", "31"], ["38", "36"], ["38", "36"], ["44", "42"], ["44", "42"], ["58", "56"], ["58", "56"], ["70", "68"], ["70", "68"], ["17", "77"], ["68", "77"], ["31", "38"], ["17", "38"], ["45", "44"], ["45", "44"], ["17", "44"], ["59", "58"], ["59", "58"], ["17", "58"], ["72", "70"], ["72", "70"], ["17", "70"], ["17", "82"], ["36", "45"], ["17", "45"], ["47", "45"], ["47", "45"], ["47", "45"], ["47", "45"], ["60", "59"], ["60", "59"], ["60", "59"], ["60", "59"], ["17", "59"], ["72", "71"], ["72", "71"], ["17", "71"], ["28", "47"], ["17", "47"], ["26", "47"], ["47", "60"], ["17", "60"], ["26", "60"], ["42", "72"], ["17", "72"], ["56", "72"], ["26", "50"], ["17", "50"], ["31", "47"], ["31", "58"], ["31", "68"], ["31", "60"], ["31", "77"], ["31", "42"], ["31", "71"], ["31", "36"], ["31", "38"], ["31", "72"], ["31", "56"], ["31", "70"], ["31", "45"], ["31", "50"], ["31", "59"], ["31", "44"], ["31", "82"]], "features": {"17": "<(METHOD,main)<SUB>1</SUB>>", "19": "<(BLOCK,&lt;empty&gt;,&lt;empty&gt;)<SUB>2</SUB>>", "21": "<(&lt;operator&gt;.assignment,long x = l())<SUB>4</SUB>>", "23": "<(l,l())<SUB>4</SUB>>", "25": "<(LOCAL,long k: long)<SUB>5</SUB>>", "27": "<(IDENTIFIER,k,long k = l())<SUB>5</SUB>>", "29": "<(IDENTIFIER,this,l())<SUB>5</SUB>>", "31": "<(&lt;operator&gt;.notEquals,x != 0)<SUB>6</SUB>>", "33": "<(LITERAL,0,x != 0)<SUB>6</SUB>>", "35": "<(LOCAL,long f: long)<SUB>8</SUB>>", "37": "<(IDENTIFIER,f,long f = x % 1000000007)<SUB>8</SUB>>", "39": "<(IDENTIFIER,x,x % 1000000007)<SUB>8</SUB>>", "41": "<(LOCAL,long s: long)<SUB>9</SUB>>", "43": "<(IDENTIFIER,s,long s = (f * power(2, k + 1, 1000000007)) % 1000000007)<SUB>9</SUB>>", "45": "<(&lt;operator&gt;.multiplication,f * power(2, k + 1, 1000000007))<SUB>9</SUB>>", "47": "<(power,power(2, k + 1, 1000000007))<SUB>9</SUB>>", "49": "<(LITERAL,2,power(2, k + 1, 1000000007))<SUB>9</SUB>>", "51": "<(IDENTIFIER,k,k + 1)<SUB>9</SUB>>", "53": "<(LITERAL,1000000007,power(2, k + 1, 1000000007))<SUB>9</SUB>>", "55": "<(LOCAL,long e: long)<SUB>11</SUB>>", "57": "<(IDENTIFIER,e,long e = (power(2, k, 1000000007) - 1) % 1000000007)<SUB>11</SUB>>", "59": "<(&lt;operator&gt;.subtraction,power(2, k, 1000000007) - 1)<SUB>11</SUB>>", "61": "<(IDENTIFIER,this,power(2, k, 1000000007))<SUB>11</SUB>>", "63": "<(IDENTIFIER,k,power(2, k, 1000000007))<SUB>11</SUB>>", "65": "<(LITERAL,1,power(2, k, 1000000007) - 1)<SUB>11</SUB>>", "67": "<(LOCAL,long ans: long)<SUB>13</SUB>>", "69": "<(IDENTIFIER,ans,long ans = (s - e + 1000000007) % 1000000007)<SUB>13</SUB>>", "71": "<(&lt;operator&gt;.addition,s - e + 1000000007)<SUB>13</SUB>>", "73": "<(IDENTIFIER,s,s - e)<SUB>13</SUB>>", "75": "<(LITERAL,1000000007,s - e + 1000000007)<SUB>13</SUB>>", "77": "<(println,println(ans))<SUB>15</SUB>>", "79": "<(IDENTIFIER,ans,println(ans))<SUB>15</SUB>>", "81": "<(BLOCK,&lt;empty&gt;,&lt;empty&gt;)<SUB>19</SUB>>", "83": "<(IDENTIFIER,out,println(0))<SUB>20</SUB>>", "85": "<(close,close())<SUB>22</SUB>>", "87": "<(MODIFIER,PUBLIC)>", "89": "<(METHOD_RETURN,void)<SUB>1</SUB>>"}}