{"edges": [["17", "19"], ["17", "107"], ["17", "108"], ["17", "109"], ["19", "20"], ["19", "23"], ["19", "28"], ["19", "31"], ["19", "36"], ["19", "37"], ["19", "41"], ["19", "42"], ["19", "46"], ["19", "105"], ["20", "21"], ["20", "22"], ["23", "24"], ["23", "25"], ["25", "26"], ["25", "27"], ["28", "29"], ["28", "30"], ["31", "32"], ["31", "33"], ["33", "34"], ["33", "35"], ["37", "38"], ["37", "39"], ["39", "40"], ["42", "43"], ["42", "44"], ["44", "45"], ["46", "47"], ["46", "50"], ["46", "54"], ["47", "48"], ["47", "49"], ["50", "51"], ["51", "52"], ["51", "53"], ["54", "55"], ["55", "56"], ["55", "57"], ["55", "66"], ["55", "69"], ["55", "76"], ["55", "77"], ["55", "84"], ["55", "93"], ["55", "102"], ["57", "58"], ["57", "59"], ["59", "60"], ["59", "61"], ["59", "62"], ["59", "65"], ["62", "63"], ["62", "64"], ["66", "67"], ["66", "68"], ["69", "70"], ["69", "71"], ["71", "72"], ["71", "75"], ["72", "73"], ["72", "74"], ["77", "78"], ["77", "79"], ["79", "80"], ["79", "81"], ["79", "82"], ["79", "83"], ["84", "85"], ["84", "86"], ["86", "87"], ["86", "92"], ["87", "88"], ["87", "91"], ["88", "89"], ["88", "90"], ["93", "94"], ["93", "95"], ["95", "96"], ["95", "101"], ["96", "97"], ["96", "100"], ["97", "98"], ["97", "99"], ["102", "103"], ["102", "104"], ["105", "106"], ["20", "27"], ["23", "30"], ["28", "35"], ["31", "39"], ["37", "44"], ["42", "47"], ["105", "109"], ["22", "20"], ["25", "23"], ["30", "28"], ["33", "31"], ["39", "37"], ["44", "42"], ["47", "51"], ["47", "62"], ["27", "25"], ["35", "33"], ["51", "105"], ["57", "66"], ["66", "72"], ["69", "79"], ["77", "88"], ["84", "97"], ["93", "102"], ["102", "105"], ["59", "57"], ["71", "69"], ["79", "77"], ["86", "84"], ["95", "93"], ["62", "59"], ["72", "71"], ["87", "86"], ["96", "95"], ["88", "87"], ["97", "96"], ["17", "22"], ["18", "109"], ["20", "109"], ["23", "109"], ["23", "109"], ["28", "109"], ["31", "109"], ["31", "109"], ["37", "109"], ["42", "109"], ["44", "109"], ["42", "109"], ["42", "109"], ["47", "109"], ["47", "109"], ["59", "109"], ["57", "109"], ["57", "109"], ["72", "109"], ["71", "109"], ["69", "109"], ["69", "109"], ["79", "109"], ["79", "109"], ["77", "109"], ["77", "109"], ["87", "109"], ["86", "109"], ["84", "109"], ["84", "109"], ["97", "109"], ["96", "109"], ["95", "109"], ["95", "109"], ["93", "109"], ["93", "109"], ["102", "109"], ["102", "109"], ["51", "109"], ["105", "109"], ["105", "109"], ["17", "18"], ["17", "20"], ["17", "28"], ["39", "37"], ["44", "42"], ["20", "23"], ["17", "23"], ["28", "31"], ["17", "31"], ["102", "105"], ["51", "105"], ["17", "105"], ["23", "39"], ["17", "39"], ["39", "44"], ["17", "44"], ["37", "47"], ["17", "47"], ["31", "51"], ["17", "51"], ["59", "57"], ["59", "57"], ["59", "57"], ["59", "57"], ["59", "66"], ["17", "66"], ["71", "69"], ["71", "69"], ["79", "77"], ["79", "77"], ["79", "77"], ["79", "77"], ["86", "84"], ["86", "84"], ["95", "93"], ["95", "93"], ["47", "66"], ["31", "102"], ["17", "102"], ["93", "102"], ["17", "59"], ["42", "59"], ["72", "71"], ["72", "71"], ["17", "71"], ["59", "71"], ["59", "79"], ["17", "79"], ["42", "79"], ["71", "79"], ["88", "86"], ["88", "86"], ["79", "86"], ["17", "86"], ["97", "95"], ["97", "95"], ["86", "95"], ["17", "95"], ["42", "62"], ["17", "62"], ["57", "72"], ["17", "72"], ["66", "72"], ["88", "87"], ["88", "87"], ["79", "87"], ["17", "87"], ["97", "96"], ["97", "96"], ["86", "96"], ["17", "96"], ["77", "88"], ["17", "88"], ["69", "97"], ["17", "97"], ["84", "97"], ["47", "96"], ["47", "77"], ["47", "51"], ["47", "57"], ["47", "66"], ["47", "84"], ["47", "102"], ["47", "72"], ["47", "69"], ["47", "95"], ["47", "59"], ["47", "87"], ["47", "97"], ["47", "93"], ["47", "79"], ["47", "71"], ["47", "88"], ["47", "62"], ["47", "86"]], "features": {"17": "<(METHOD,main)<SUB>1</SUB>>", "19": "<(BLOCK,&lt;empty&gt;,&lt;empty&gt;)<SUB>2</SUB>>", "21": "<(IDENTIFIER,in,in = new InputReader(System.in))<SUB>3</SUB>>", "23": "<(&lt;init&gt;,new InputReader(System.in))<SUB>3</SUB>>", "25": "<(&lt;operator&gt;.fieldAccess,System.in)<SUB>3</SUB>>", "27": "<(FIELD_IDENTIFIER,in,in)<SUB>3</SUB>>", "29": "<(IDENTIFIER,out,out = new PrintWriter(System.out))<SUB>4</SUB>>", "31": "<(&lt;init&gt;,new PrintWriter(System.out))<SUB>4</SUB>>", "33": "<(&lt;operator&gt;.fieldAccess,System.out)<SUB>4</SUB>>", "35": "<(FIELD_IDENTIFIER,out,out)<SUB>4</SUB>>", "37": "<(&lt;operator&gt;.assignment,long x = nextLong())<SUB>6</SUB>>", "39": "<(nextLong,nextLong())<SUB>6</SUB>>", "41": "<(LOCAL,long k: long)<SUB>7</SUB>>", "43": "<(IDENTIFIER,k,long k = nextLong())<SUB>7</SUB>>", "45": "<(IDENTIFIER,in,nextLong())<SUB>7</SUB>>", "47": "<(&lt;operator&gt;.equals,x == 0)<SUB>9</SUB>>", "49": "<(LITERAL,0,x == 0)<SUB>9</SUB>>", "51": "<(println,println(0))<SUB>10</SUB>>", "53": "<(LITERAL,0,println(0))<SUB>10</SUB>>", "55": "<(BLOCK,&lt;empty&gt;,&lt;empty&gt;)<SUB>12</SUB>>", "57": "<(&lt;operator&gt;.assignment,long mul = pow(2, k + 1, mod))<SUB>14</SUB>>", "59": "<(pow,pow(2, k + 1, mod))<SUB>14</SUB>>", "61": "<(LITERAL,2,pow(2, k + 1, mod))<SUB>14</SUB>>", "63": "<(IDENTIFIER,k,k + 1)<SUB>14</SUB>>", "65": "<(IDENTIFIER,mod,pow(2, k + 1, mod))<SUB>14</SUB>>", "67": "<(IDENTIFIER,x,x %= mod)<SUB>15</SUB>>", "69": "<(&lt;operator&gt;.assignment,mul = (mul * x) % mod)<SUB>16</SUB>>", "71": "<(&lt;operator&gt;.modulo,(mul * x) % mod)<SUB>16</SUB>>", "73": "<(IDENTIFIER,mul,mul * x)<SUB>16</SUB>>", "75": "<(IDENTIFIER,mod,(mul * x) % mod)<SUB>16</SUB>>", "77": "<(&lt;operator&gt;.assignment,long sub = pow(2, k, mod))<SUB>17</SUB>>", "79": "<(pow,pow(2, k, mod))<SUB>17</SUB>>", "81": "<(LITERAL,2,pow(2, k, mod))<SUB>17</SUB>>", "83": "<(IDENTIFIER,mod,pow(2, k, mod))<SUB>17</SUB>>", "85": "<(IDENTIFIER,sub,sub = (sub - 1 + mod) % mod)<SUB>18</SUB>>", "87": "<(&lt;operator&gt;.addition,sub - 1 + mod)<SUB>18</SUB>>", "89": "<(IDENTIFIER,sub,sub - 1)<SUB>18</SUB>>", "91": "<(IDENTIFIER,mod,sub - 1 + mod)<SUB>18</SUB>>", "93": "<(&lt;operator&gt;.assignment,mul = (mul - sub + mod) % mod)<SUB>19</SUB>>", "95": "<(&lt;operator&gt;.modulo,(mul - sub + mod) % mod)<SUB>19</SUB>>", "97": "<(&lt;operator&gt;.subtraction,mul - sub)<SUB>19</SUB>>", "99": "<(IDENTIFIER,sub,mul - sub)<SUB>19</SUB>>", "101": "<(IDENTIFIER,mod,(mul - sub + mod) % mod)<SUB>19</SUB>>", "103": "<(IDENTIFIER,out,println(mul))<SUB>20</SUB>>", "105": "<(close,close())<SUB>23</SUB>>", "107": "<(MODIFIER,PUBLIC)>", "109": "<(METHOD_RETURN,void)<SUB>1</SUB>>"}}