{"edges": [["27", "29"], ["27", "127"], ["27", "128"], ["27", "129"], ["29", "4"], ["29", "30"], ["29", "33"], ["29", "44"], ["29", "45"], ["29", "6"], ["29", "51"], ["29", "54"], ["29", "8"], ["29", "58"], ["29", "61"], ["29", "10"], ["29", "65"], ["29", "68"], ["29", "12"], ["29", "79"], ["29", "82"], ["29", "84"], ["29", "85"], ["29", "91"], ["29", "92"], ["29", "109"], ["29", "122"], ["30", "31"], ["30", "32"], ["33", "3"], ["33", "34"], ["34", "35"], ["34", "38"], ["34", "43"], ["35", "36"], ["35", "37"], ["38", "39"], ["38", "40"], ["40", "41"], ["40", "42"], ["45", "46"], ["45", "47"], ["47", "48"], ["47", "50"], ["48", "49"], ["51", "52"], ["51", "53"], ["54", "5"], ["54", "55"], ["55", "56"], ["55", "57"], ["58", "59"], ["58", "60"], ["61", "7"], ["61", "62"], ["62", "63"], ["62", "64"], ["65", "66"], ["65", "67"], ["68", "9"], ["68", "69"], ["69", "70"], ["69", "71"], ["71", "72"], ["71", "73"], ["73", "74"], ["73", "78"], ["74", "75"], ["74", "76"], ["74", "77"], ["79", "80"], ["79", "81"], ["82", "11"], ["82", "83"], ["85", "86"], ["85", "87"], ["87", "88"], ["87", "89"], ["87", "90"], ["92", "93"], ["92", "94"], ["94", "95"], ["94", "108"], ["95", "96"], ["95", "105"], ["96", "97"], ["96", "98"], ["98", "99"], ["98", "102"], ["99", "100"], ["99", "101"], ["102", "103"], ["102", "104"], ["105", "106"], ["105", "107"], ["109", "110"], ["109", "115"], ["110", "111"], ["110", "112"], ["112", "113"], ["112", "114"], ["115", "116"], ["115", "121"], ["116", "117"], ["116", "120"], ["117", "118"], ["117", "119"], ["122", "123"], ["122", "126"], ["123", "124"], ["123", "125"], ["30", "37"], ["33", "48"], ["45", "53"], ["51", "55"], ["54", "60"], ["58", "62"], ["61", "67"], ["65", "72"], ["68", "81"], ["79", "82"], ["82", "87"], ["85", "99"], ["92", "114"], ["122", "129"], ["32", "30"], ["47", "45"], ["53", "51"], ["55", "54"], ["60", "58"], ["62", "61"], ["67", "65"], ["69", "68"], ["81", "79"], ["87", "85"], ["94", "92"], ["110", "119"], ["110", "125"], ["123", "122"], ["35", "42"], ["38", "33"], ["48", "47"], ["71", "69"], ["95", "94"], ["112", "110"], ["116", "121"], ["121", "129"], ["125", "123"], ["37", "35"], ["40", "38"], ["72", "74"], ["73", "71"], ["96", "107"], ["105", "95"], ["114", "112"], ["117", "116"], ["42", "40"], ["74", "73"], ["98", "96"], ["107", "105"], ["119", "117"], ["99", "104"], ["102", "98"], ["104", "102"], ["27", "32"], ["121", "129"], ["28", "129"], ["30", "129"], ["35", "129"], ["38", "129"], ["38", "129"], ["38", "129"], ["33", "129"], ["45", "129"], ["48", "129"], ["47", "129"], ["45", "129"], ["45", "129"], ["51", "129"], ["54", "129"], ["54", "129"], ["58", "129"], ["61", "129"], ["61", "129"], ["65", "129"], ["73", "129"], ["71", "129"], ["69", "129"], ["68", "129"], ["68", "129"], ["79", "129"], ["82", "129"], ["87", "129"], ["85", "129"], ["85", "129"], ["92", "129"], ["96", "129"], ["99", "129"], ["98", "129"], ["96", "129"], ["95", "129"], ["95", "129"], ["94", "129"], ["94", "129"], ["92", "129"], ["92", "129"], ["110", "129"], ["110", "129"], ["110", "129"], ["116", "129"], ["74", "129"], ["69", "129"], ["27", "28"], ["27", "30"], ["47", "45"], ["47", "45"], ["27", "51"], ["27", "58"], ["27", "65"], ["27", "79"], ["87", "85"], ["87", "85"], ["87", "85"], ["94", "92"], ["94", "92"], ["30", "33"], ["27", "33"], ["35", "33"], ["38", "33"], ["51", "54"], ["27", "54"], ["45", "54"], ["58", "61"], ["27", "61"], ["45", "61"], ["65", "68"], ["27", "68"], ["69", "68"], ["69", "68"], ["79", "82"], ["27", "82"], ["92", "122"], ["27", "122"], ["27", "35"], ["27", "43"], ["48", "47"], ["27", "47"], ["27", "69"], ["74", "69"], ["74", "69"], ["74", "69"], ["82", "87"], ["27", "87"], ["61", "87"], ["68", "87"], ["95", "94"], ["95", "94"], ["87", "94"], ["27", "94"], ["99", "110"], ["27", "110"], ["27", "121"], ["35", "38"], ["27", "38"], ["33", "48"], ["27", "48"], ["27", "71"], ["74", "71"], ["74", "71"], ["74", "71"], ["96", "95"], ["96", "95"], ["98", "95"], ["27", "116"], ["74", "73"], ["74", "73"], ["74", "73"], ["27", "73"], ["85", "96"], ["27", "96"], ["98", "96"], ["98", "96"], ["27", "74"], ["99", "98"], ["99", "98"], ["87", "99"], ["27", "99"], ["54", "99"], ["110", "125"], ["110", "119"], ["110", "121"], ["110", "117"], ["110", "116"], ["110", "122"], ["110", "123"]], "features": {"27": "<(METHOD,main)<SUB>1</SUB>>", "29": "<(BLOCK,&lt;empty&gt;,&lt;empty&gt;)<SUB>1</SUB>>", "30": "<(&lt;operator&gt;.assignment,ANY br = new BufferedReader(new InputStreamReader(System.in)))<SUB>2</SUB>>", "32": "<(&lt;operator&gt;.alloc,new BufferedReader(new InputStreamReader(System.in)))<SUB>2</SUB>>", "3": "<(IDENTIFIER,br,new BufferedReader(new InputStreamReader(System.in)))<SUB>2</SUB>>", "35": "<(&lt;operator&gt;.assignment,&lt;empty&gt;)>", "37": "<(&lt;operator&gt;.alloc,new InputStreamReader(System.in))<SUB>2</SUB>>", "39": "<(IDENTIFIER,$obj0,new InputStreamReader(System.in))>", "41": "<(IDENTIFIER,System,new InputStreamReader(System.in))<SUB>2</SUB>>", "43": "<(IDENTIFIER,$obj0,&lt;empty&gt;)>", "45": "<(&lt;operator&gt;.assignment,String[] s = split(&quot; &quot;))<SUB>3</SUB>>", "47": "<(split,split(&quot; &quot;))<SUB>3</SUB>>", "49": "<(IDENTIFIER,br,readLine())<SUB>3</SUB>>", "6": "<(LOCAL,BigInteger x: ANY)<SUB>4</SUB>>", "52": "<(IDENTIFIER,x,ANY x = new BigInteger(s[0]))<SUB>4</SUB>>", "54": "<(&lt;init&gt;,new BigInteger(s[0]))<SUB>4</SUB>>", "55": "<(&lt;operator&gt;.indexAccess,s[0])<SUB>4</SUB>>", "57": "<(LITERAL,0,new BigInteger(s[0]))<SUB>4</SUB>>", "58": "<(&lt;operator&gt;.assignment,ANY k = new BigInteger(s[1]))<SUB>5</SUB>>", "60": "<(&lt;operator&gt;.alloc,new BigInteger(s[1]))<SUB>5</SUB>>", "7": "<(IDENTIFIER,k,new BigInteger(s[1]))<SUB>5</SUB>>", "63": "<(IDENTIFIER,s,new BigInteger(s[1]))<SUB>5</SUB>>", "10": "<(LOCAL,BigInteger mod: ANY)<SUB>7</SUB>>", "66": "<(IDENTIFIER,mod,ANY mod = new BigInteger(String.valueOf((int) (Math.pow(10, 9) + 7))))<SUB>7</SUB>>", "68": "<(&lt;init&gt;,new BigInteger(String.valueOf((int) (Math.pow(10, 9) + 7))))<SUB>7</SUB>>", "69": "<(valueOf,String.valueOf((int) (Math.pow(10, 9) + 7)))<SUB>7</SUB>>", "71": "<(&lt;operator&gt;.cast,(int) (Math.pow(10, 9) + 7))<SUB>7</SUB>>", "73": "<(&lt;operator&gt;.addition,Math.pow(10, 9) + 7)<SUB>7</SUB>>", "75": "<(IDENTIFIER,Math,Math.pow(10, 9))<SUB>7</SUB>>", "77": "<(LITERAL,9,Math.pow(10, 9))<SUB>7</SUB>>", "12": "<(LOCAL,BigInteger two: ANY)<SUB>9</SUB>>", "80": "<(IDENTIFIER,two,ANY two = new BigInteger(&quot;2&quot;))<SUB>9</SUB>>", "82": "<(&lt;init&gt;,new BigInteger(&quot;2&quot;))<SUB>9</SUB>>", "83": "<(LITERAL,&quot;2&quot;,new BigInteger(&quot;2&quot;))<SUB>9</SUB>>", "85": "<(&lt;operator&gt;.assignment,ANY interm = modPow(k, mod))<SUB>10</SUB>>", "87": "<(modPow,modPow(k, mod))<SUB>10</SUB>>", "89": "<(IDENTIFIER,k,modPow(k, mod))<SUB>10</SUB>>", "91": "<(LOCAL,BigInteger res: ANY)<SUB>12</SUB>>", "93": "<(IDENTIFIER,res,ANY res = mod(mod))<SUB>12</SUB>>", "95": "<(add,add(BigInteger.ONE))<SUB>12</SUB>>", "97": "<(IDENTIFIER,interm,multiply(two.multiply(x).subtract(BigInteger.ONE)))<SUB>12</SUB>>", "99": "<(multiply,multiply(x))<SUB>12</SUB>>", "101": "<(IDENTIFIER,x,multiply(x))<SUB>12</SUB>>", "103": "<(IDENTIFIER,BigInteger,subtract(BigInteger.ONE))<SUB>12</SUB>>", "105": "<(&lt;operator&gt;.fieldAccess,BigInteger.ONE)<SUB>12</SUB>>", "107": "<(FIELD_IDENTIFIER,ONE,ONE)<SUB>12</SUB>>", "109": "<(CONTROL_STRUCTURE,if (x.equals(BigInteger.ZERO)),if (x.equals(BigInteger.ZERO)))<SUB>14</SUB>>", "111": "<(IDENTIFIER,x,equals(BigInteger.ZERO))<SUB>14</SUB>>", "113": "<(IDENTIFIER,BigInteger,equals(BigInteger.ZERO))<SUB>14</SUB>>", "115": "<(BLOCK,&lt;empty&gt;,&lt;empty&gt;)<SUB>14</SUB>>", "117": "<(&lt;operator&gt;.fieldAccess,System.out)<SUB>15</SUB>>", "119": "<(FIELD_IDENTIFIER,out,out)<SUB>15</SUB>>", "121": "<(RETURN,return;,return;)<SUB>16</SUB>>", "123": "<(&lt;operator&gt;.fieldAccess,System.out)<SUB>18</SUB>>", "125": "<(FIELD_IDENTIFIER,out,out)<SUB>18</SUB>>", "127": "<(MODIFIER,PUBLIC)>", "129": "<(METHOD_RETURN,void)<SUB>1</SUB>>"}}