{"edges": [["23", "25"], ["23", "107"], ["23", "108"], ["23", "109"], ["25", "4"], ["25", "26"], ["25", "29"], ["25", "6"], ["25", "40"], ["25", "43"], ["25", "47"], ["25", "48"], ["25", "8"], ["25", "54"], ["25", "57"], ["25", "58"], ["25", "73"], ["25", "103"], ["25", "105"], ["26", "27"], ["26", "28"], ["29", "3"], ["29", "30"], ["30", "31"], ["30", "34"], ["30", "39"], ["31", "32"], ["31", "33"], ["34", "35"], ["34", "36"], ["36", "37"], ["36", "38"], ["40", "41"], ["40", "42"], ["43", "5"], ["43", "44"], ["44", "45"], ["44", "46"], ["48", "49"], ["48", "50"], ["50", "51"], ["50", "52"], ["52", "53"], ["54", "55"], ["54", "56"], ["57", "7"], ["58", "59"], ["58", "60"], ["58", "63"], ["58", "66"], ["58", "68"], ["60", "61"], ["60", "62"], ["63", "64"], ["63", "65"], ["66", "67"], ["68", "69"], ["69", "70"], ["69", "71"], ["71", "72"], ["73", "74"], ["73", "78"], ["73", "99"], ["74", "75"], ["74", "76"], ["74", "77"], ["78", "79"], ["78", "82"], ["78", "83"], ["78", "87"], ["79", "80"], ["79", "81"], ["83", "84"], ["83", "85"], ["85", "86"], ["87", "88"], ["87", "90"], ["88", "89"], ["90", "91"], ["90", "92"], ["90", "96"], ["92", "93"], ["92", "94"], ["94", "95"], ["96", "97"], ["96", "98"], ["99", "100"], ["100", "101"], ["100", "102"], ["103", "104"], ["105", "106"], ["26", "33"], ["29", "42"], ["40", "46"], ["43", "52"], ["48", "56"], ["54", "57"], ["57", "60"], ["103", "105"], ["105", "109"], ["28", "26"], ["42", "40"], ["44", "43"], ["50", "48"], ["56", "54"], ["60", "63"], ["63", "71"], ["63", "74"], ["66", "63"], ["74", "79"], ["74", "100"], ["31", "38"], ["34", "29"], ["46", "44"], ["52", "50"], ["69", "66"], ["79", "85"], ["83", "88"], ["100", "103"], ["33", "31"], ["36", "34"], ["71", "69"], ["85", "83"], ["88", "94"], ["88", "103"], ["38", "36"], ["92", "96"], ["96", "88"], ["94", "92"], ["23", "28"], ["24", "109"], ["26", "109"], ["31", "109"], ["34", "109"], ["34", "109"], ["34", "109"], ["29", "109"], ["40", "109"], ["43", "109"], ["43", "109"], ["52", "109"], ["50", "109"], ["48", "109"], ["48", "109"], ["54", "109"], ["57", "109"], ["60", "109"], ["63", "109"], ["63", "109"], ["74", "109"], ["74", "109"], ["74", "109"], ["100", "109"], ["79", "109"], ["85", "109"], ["83", "109"], ["88", "109"], ["88", "109"], ["103", "109"], ["105", "109"], ["105", "109"], ["96", "109"], ["96", "109"], ["71", "109"], ["69", "109"], ["69", "109"], ["66", "109"], ["74", "109"], ["50", "109"], ["23", "24"], ["23", "26"], ["23", "40"], ["50", "48"], ["50", "48"], ["23", "54"], ["26", "29"], ["23", "29"], ["31", "29"], ["34", "29"], ["40", "43"], ["23", "43"], ["54", "57"], ["23", "57"], ["23", "60"], ["100", "103"], ["79", "103"], ["96", "103"], ["23", "103"], ["103", "105"], ["23", "105"], ["23", "31"], ["23", "39"], ["23", "50"], ["52", "50"], ["60", "63"], ["66", "63"], ["23", "63"], ["48", "63"], ["63", "66"], ["23", "66"], ["23", "74"], ["63", "74"], ["57", "74"], ["69", "74"], ["85", "83"], ["31", "34"], ["23", "34"], ["29", "52"], ["23", "52"], ["57", "69"], ["23", "69"], ["71", "69"], ["43", "79"], ["23", "79"], ["43", "100"], ["23", "100"], ["52", "71"], ["23", "71"], ["74", "85"], ["23", "85"], ["83", "88"], ["94", "88"], ["23", "88"], ["94", "92"], ["79", "96"], ["23", "96"], ["92", "96"], ["88", "94"], ["23", "94"], ["63", "66"], ["63", "71"], ["63", "69"], ["63", "63"], ["74", "83"], ["74", "100"], ["74", "85"], ["74", "88"], ["74", "79"], ["88", "94"], ["88", "96"], ["88", "88"], ["88", "92"]], "features": {"23": "<(METHOD,main)<SUB>1</SUB>>", "25": "<(BLOCK,&lt;empty&gt;,&lt;empty&gt;)<SUB>1</SUB>>", "26": "<(&lt;operator&gt;.assignment,ANY br = new BufferedReader(new InputStreamReader(System.in)))<SUB>2</SUB>>", "28": "<(&lt;operator&gt;.alloc,new BufferedReader(new InputStreamReader(System.in)))<SUB>2</SUB>>", "3": "<(IDENTIFIER,br,new BufferedReader(new InputStreamReader(System.in)))<SUB>2</SUB>>", "31": "<(&lt;operator&gt;.assignment,&lt;empty&gt;)>", "33": "<(&lt;operator&gt;.alloc,new InputStreamReader(System.in))<SUB>2</SUB>>", "35": "<(IDENTIFIER,$obj0,new InputStreamReader(System.in))>", "37": "<(IDENTIFIER,System,new InputStreamReader(System.in))<SUB>2</SUB>>", "39": "<(IDENTIFIER,$obj0,&lt;empty&gt;)>", "40": "<(&lt;operator&gt;.assignment,ANY out = new PrintWriter(System.out))<SUB>3</SUB>>", "42": "<(&lt;operator&gt;.alloc,new PrintWriter(System.out))<SUB>3</SUB>>", "5": "<(IDENTIFIER,out,new PrintWriter(System.out))<SUB>3</SUB>>", "45": "<(IDENTIFIER,System,new PrintWriter(System.out))<SUB>3</SUB>>", "47": "<(LOCAL,int n: int)<SUB>5</SUB>>", "49": "<(IDENTIFIER,n,int n = parseInt(br.readLine()))<SUB>5</SUB>>", "51": "<(IDENTIFIER,Integer,parseInt(br.readLine()))<SUB>5</SUB>>", "53": "<(IDENTIFIER,br,readLine())<SUB>5</SUB>>", "54": "<(&lt;operator&gt;.assignment,ANY a = new ArrayList&lt;&gt;())<SUB>7</SUB>>", "56": "<(&lt;operator&gt;.alloc,new ArrayList&lt;&gt;())<SUB>7</SUB>>", "7": "<(IDENTIFIER,a,new ArrayList&lt;&gt;())<SUB>7</SUB>>", "59": "<(LOCAL,int i: int)<SUB>9</SUB>>", "61": "<(IDENTIFIER,i,int i = 0)<SUB>9</SUB>>", "63": "<(&lt;operator&gt;.lessThan,i &lt; n)<SUB>9</SUB>>", "65": "<(IDENTIFIER,n,i &lt; n)<SUB>9</SUB>>", "67": "<(IDENTIFIER,i,i++)<SUB>9</SUB>>", "69": "<(add,add(br.readLine()))<SUB>10</SUB>>", "71": "<(readLine,readLine())<SUB>10</SUB>>", "73": "<(CONTROL_STRUCTURE,if (solve(n, a)),if (solve(n, a)))<SUB>13</SUB>>", "75": "<(IDENTIFIER,this,solve(n, a))<SUB>13</SUB>>", "77": "<(IDENTIFIER,a,solve(n, a))<SUB>13</SUB>>", "79": "<(println,println(&quot;YES&quot;))<SUB>14</SUB>>", "81": "<(LITERAL,&quot;YES&quot;,println(&quot;YES&quot;))<SUB>14</SUB>>", "83": "<(&lt;operator&gt;.assignment,)<SUB>15</SUB>>", "85": "<(iterator,&lt;empty&gt;)<SUB>15</SUB>>", "87": "<(CONTROL_STRUCTURE,FOR,FOR)<SUB>15</SUB>>", "89": "<(IDENTIFIER,$iterLocal0,&lt;empty&gt;)>", "91": "<(LOCAL,s: java.lang.String)<SUB>15</SUB>>", "93": "<(IDENTIFIER,s,&lt;empty&gt;)>", "95": "<(IDENTIFIER,$iterLocal0,&lt;empty&gt;)>", "97": "<(IDENTIFIER,out,println(s))<SUB>16</SUB>>", "99": "<(CONTROL_STRUCTURE,else,else)<SUB>20</SUB>>", "101": "<(IDENTIFIER,out,println(&quot;NO&quot;))<SUB>20</SUB>>", "103": "<(flush,flush())<SUB>22</SUB>>", "105": "<(close,close())<SUB>23</SUB>>", "107": "<(MODIFIER,PUBLIC)>", "109": "<(METHOD_RETURN,void)<SUB>1</SUB>>"}}