{"edges": [["27", "29"], ["27", "111"], ["27", "112"], ["27", "113"], ["29", "4"], ["29", "30"], ["29", "33"], ["29", "6"], ["29", "37"], ["29", "40"], ["29", "8"], ["29", "43"], ["29", "46"], ["29", "10"], ["29", "49"], ["29", "52"], ["29", "12"], ["29", "63"], ["29", "66"], ["29", "68"], ["29", "69"], ["29", "75"], ["29", "76"], ["29", "93"], ["29", "106"], ["30", "31"], ["30", "32"], ["33", "3"], ["33", "34"], ["34", "35"], ["34", "36"], ["37", "38"], ["37", "39"], ["40", "5"], ["40", "41"], ["41", "42"], ["43", "44"], ["43", "45"], ["46", "7"], ["46", "47"], ["47", "48"], ["49", "50"], ["49", "51"], ["52", "9"], ["52", "53"], ["53", "54"], ["53", "55"], ["55", "56"], ["55", "57"], ["57", "58"], ["57", "62"], ["58", "59"], ["58", "60"], ["58", "61"], ["63", "64"], ["63", "65"], ["66", "11"], ["66", "67"], ["69", "70"], ["69", "71"], ["71", "72"], ["71", "73"], ["71", "74"], ["76", "77"], ["76", "78"], ["78", "79"], ["78", "92"], ["79", "80"], ["79", "89"], ["80", "81"], ["80", "88"], ["81", "82"], ["81", "85"], ["82", "83"], ["82", "84"], ["85", "86"], ["85", "87"], ["89", "90"], ["89", "91"], ["93", "94"], ["93", "99"], ["94", "95"], ["94", "96"], ["96", "97"], ["96", "98"], ["99", "100"], ["99", "105"], ["100", "101"], ["100", "104"], ["101", "102"], ["101", "103"], ["106", "107"], ["106", "110"], ["107", "108"], ["107", "109"], ["30", "36"], ["33", "39"], ["37", "41"], ["40", "45"], ["43", "47"], ["46", "51"], ["49", "56"], ["52", "65"], ["63", "66"], ["66", "71"], ["69", "82"], ["76", "98"], ["106", "113"], ["32", "30"], ["34", "33"], ["39", "37"], ["41", "40"], ["45", "43"], ["47", "46"], ["51", "49"], ["53", "52"], ["65", "63"], ["71", "69"], ["78", "76"], ["94", "103"], ["94", "109"], ["107", "106"], ["36", "34"], ["55", "53"], ["79", "78"], ["96", "94"], ["100", "105"], ["105", "113"], ["109", "107"], ["56", "58"], ["57", "55"], ["80", "91"], ["89", "79"], ["98", "96"], ["101", "100"], ["58", "57"], ["81", "80"], ["91", "89"], ["103", "101"], ["82", "85"], ["85", "81"], ["27", "32"], ["105", "113"], ["28", "113"], ["30", "113"], ["33", "113"], ["33", "113"], ["37", "113"], ["43", "113"], ["47", "113"], ["46", "113"], ["46", "113"], ["49", "113"], ["57", "113"], ["55", "113"], ["53", "113"], ["52", "113"], ["52", "113"], ["63", "113"], ["66", "113"], ["71", "113"], ["71", "113"], ["69", "113"], ["69", "113"], ["76", "113"], ["81", "113"], ["80", "113"], ["80", "113"], ["79", "113"], ["79", "113"], ["78", "113"], ["78", "113"], ["76", "113"], ["76", "113"], ["94", "113"], ["94", "113"], ["94", "113"], ["100", "113"], ["58", "113"], ["53", "113"], ["27", "28"], ["27", "30"], ["27", "37"], ["27", "43"], ["27", "49"], ["27", "63"], ["71", "69"], ["71", "69"], ["71", "69"], ["78", "76"], ["78", "76"], ["30", "33"], ["27", "33"], ["37", "40"], ["27", "40"], ["41", "40"], ["43", "46"], ["27", "46"], ["47", "46"], ["49", "52"], ["27", "52"], ["53", "52"], ["53", "52"], ["63", "66"], ["27", "66"], ["76", "106"], ["27", "106"], ["33", "41"], ["27", "41"], ["41", "47"], ["27", "47"], ["27", "53"], ["58", "53"], ["58", "53"], ["58", "53"], ["66", "71"], ["27", "71"], ["46", "71"], ["52", "71"], ["79", "78"], ["79", "78"], ["71", "78"], ["27", "78"], ["85", "94"], ["27", "94"], ["27", "105"], ["27", "55"], ["58", "55"], ["58", "55"], ["58", "55"], ["80", "79"], ["80", "79"], ["27", "100"], ["58", "57"], ["58", "57"], ["58", "57"], ["27", "57"], ["81", "80"], ["85", "80"], ["27", "80"], ["27", "58"], ["82", "81"], ["82", "81"], ["85", "81"], ["85", "81"], ["69", "82"], ["27", "82"], ["40", "82"], ["82", "85"], ["27", "85"], ["82", "85"], ["94", "107"], ["94", "101"], ["94", "103"], ["94", "105"], ["94", "109"], ["94", "100"], ["94", "106"]], "features": {"27": "<(METHOD,main)<SUB>1</SUB>>", "29": "<(BLOCK,&lt;empty&gt;,&lt;empty&gt;)<SUB>1</SUB>>", "30": "<(&lt;operator&gt;.assignment,ANY sc = new Scanner(System.in))<SUB>2</SUB>>", "32": "<(&lt;operator&gt;.alloc,new Scanner(System.in))<SUB>2</SUB>>", "3": "<(IDENTIFIER,sc,new Scanner(System.in))<SUB>2</SUB>>", "35": "<(IDENTIFIER,System,new Scanner(System.in))<SUB>2</SUB>>", "6": "<(LOCAL,BigInteger x: ANY)<SUB>4</SUB>>", "38": "<(IDENTIFIER,x,ANY x = new BigInteger(sc.next()))<SUB>4</SUB>>", "40": "<(&lt;init&gt;,new BigInteger(sc.next()))<SUB>4</SUB>>", "41": "<(next,next())<SUB>4</SUB>>", "8": "<(LOCAL,BigInteger k: ANY)<SUB>5</SUB>>", "44": "<(IDENTIFIER,k,ANY k = new BigInteger(sc.next()))<SUB>5</SUB>>", "46": "<(&lt;init&gt;,new BigInteger(sc.next()))<SUB>5</SUB>>", "47": "<(next,next())<SUB>5</SUB>>", "10": "<(LOCAL,BigInteger mod: ANY)<SUB>7</SUB>>", "50": "<(IDENTIFIER,mod,ANY mod = new BigInteger(String.valueOf((int) (Math.pow(10, 9) + 7))))<SUB>7</SUB>>", "52": "<(&lt;init&gt;,new BigInteger(String.valueOf((int) (Math.pow(10, 9) + 7))))<SUB>7</SUB>>", "53": "<(valueOf,String.valueOf((int) (Math.pow(10, 9) + 7)))<SUB>7</SUB>>", "55": "<(&lt;operator&gt;.cast,(int) (Math.pow(10, 9) + 7))<SUB>7</SUB>>", "57": "<(&lt;operator&gt;.addition,Math.pow(10, 9) + 7)<SUB>7</SUB>>", "59": "<(IDENTIFIER,Math,Math.pow(10, 9))<SUB>7</SUB>>", "61": "<(LITERAL,9,Math.pow(10, 9))<SUB>7</SUB>>", "12": "<(LOCAL,BigInteger two: ANY)<SUB>9</SUB>>", "64": "<(IDENTIFIER,two,ANY two = new BigInteger(&quot;2&quot;))<SUB>9</SUB>>", "66": "<(&lt;init&gt;,new BigInteger(&quot;2&quot;))<SUB>9</SUB>>", "67": "<(LITERAL,&quot;2&quot;,new BigInteger(&quot;2&quot;))<SUB>9</SUB>>", "69": "<(&lt;operator&gt;.assignment,ANY interm = modPow(k, mod))<SUB>10</SUB>>", "71": "<(modPow,modPow(k, mod))<SUB>10</SUB>>", "73": "<(IDENTIFIER,k,modPow(k, mod))<SUB>10</SUB>>", "75": "<(LOCAL,BigInteger res: ANY)<SUB>12</SUB>>", "77": "<(IDENTIFIER,res,ANY res = mod(mod))<SUB>12</SUB>>", "79": "<(add,add(BigInteger.ONE))<SUB>12</SUB>>", "81": "<(add,add(interm.multiply(x)))<SUB>12</SUB>>", "83": "<(IDENTIFIER,interm,multiply(x))<SUB>12</SUB>>", "85": "<(multiply,multiply(x))<SUB>12</SUB>>", "87": "<(IDENTIFIER,x,multiply(x))<SUB>12</SUB>>", "89": "<(&lt;operator&gt;.fieldAccess,BigInteger.ONE)<SUB>12</SUB>>", "91": "<(FIELD_IDENTIFIER,ONE,ONE)<SUB>12</SUB>>", "93": "<(CONTROL_STRUCTURE,if (x.equals(BigInteger.ZERO)),if (x.equals(BigInteger.ZERO)))<SUB>14</SUB>>", "95": "<(IDENTIFIER,x,equals(BigInteger.ZERO))<SUB>14</SUB>>", "97": "<(IDENTIFIER,BigInteger,equals(BigInteger.ZERO))<SUB>14</SUB>>", "99": "<(BLOCK,&lt;empty&gt;,&lt;empty&gt;)<SUB>14</SUB>>", "101": "<(&lt;operator&gt;.fieldAccess,System.out)<SUB>15</SUB>>", "103": "<(FIELD_IDENTIFIER,out,out)<SUB>15</SUB>>", "105": "<(RETURN,return;,return;)<SUB>16</SUB>>", "107": "<(&lt;operator&gt;.fieldAccess,System.out)<SUB>18</SUB>>", "109": "<(FIELD_IDENTIFIER,out,out)<SUB>18</SUB>>", "111": "<(MODIFIER,PUBLIC)>", "113": "<(METHOD_RETURN,void)<SUB>1</SUB>>"}}