{"edges": [["17", "19"], ["17", "51"], ["17", "52"], ["17", "53"], ["19", "20"], ["20", "21"], ["20", "22"], ["20", "42"], ["22", "23"], ["23", "24"], ["23", "27"], ["23", "41"], ["24", "25"], ["24", "26"], ["27", "28"], ["27", "29"], ["27", "30"], ["27", "37"], ["27", "38"], ["30", "31"], ["30", "34"], ["30", "36"], ["31", "32"], ["31", "33"], ["34", "35"], ["38", "39"], ["38", "40"], ["42", "43"], ["43", "44"], ["44", "45"], ["44", "48"], ["44", "50"], ["45", "46"], ["45", "47"], ["48", "49"], ["21", "26"], ["21", "47"], ["22", "53"], ["43", "53"], ["24", "33"], ["27", "22"], ["26", "24"], ["38", "27"], ["45", "48"], ["48", "43"], ["31", "34"], ["34", "38"], ["47", "45"], ["33", "31"], ["17", "21"], ["18", "53"], ["27", "53"], ["31", "53"], ["34", "53"], ["34", "53"], ["27", "53"], ["27", "53"], ["22", "53"], ["17", "18"], ["17", "21"], ["31", "22"], ["27", "22"], ["17", "22"], ["17", "24"], ["17", "41"], ["45", "43"], ["48", "43"], ["17", "43"], ["24", "27"], ["17", "27"], ["31", "27"], ["34", "27"], ["38", "27"], ["38", "27"], ["17", "45"], ["17", "50"], ["17", "31"], ["17", "36"], ["17", "38"], ["45", "48"], ["17", "48"], ["31", "34"], ["17", "34"], ["21", "24"], ["21", "47"], ["21", "34"], ["21", "48"], ["21", "33"], ["21", "26"], ["21", "38"], ["21", "22"], ["21", "45"], ["21", "27"], ["21", "31"], ["21", "43"]], "features": {"17": "<(METHOD,main)<SUB>1</SUB>>", "19": "<(BLOCK,&lt;empty&gt;,&lt;empty&gt;)<SUB>1</SUB>>", "21": "<(IDENTIFIER,memory,if (memory))<SUB>2</SUB>>", "23": "<(BLOCK,&lt;empty&gt;,&lt;empty&gt;)<SUB>2</SUB>>", "25": "<(IDENTIFIER,$obj1,&lt;empty&gt;)>", "27": "<(&lt;init&gt;,new Thread(null, new Runnable() {\\012\\012    public void run() {\\012        try {\\012            new Main().run();\\012        } catch (Exception e) {\\012            e.printStackTrace();\\012        }\\012    }\\012}, &quot;1&quot;, 1 &lt;&lt; 26))<SUB>2</SUB>>", "29": "<(LITERAL,null,new Thread(null, new Runnable() {\\012\\012    public void run() {\\012        try {\\012            new Main().run();\\012        } catch (Exception e) {\\012            e.printStackTrace();\\012        }\\012    }\\012}, &quot;1&quot;, 1 &lt;&lt; 26))<SUB>2</SUB>>", "31": "<(&lt;operator&gt;.assignment,&lt;empty&gt;)>", "33": "<(&lt;operator&gt;.alloc,new Runnable() {\\012\\012    public void run() {\\012        try {\\012            new Main().run();\\012        } catch (Exception e) {\\012            e.printStackTrace();\\012        }\\012    }\\012})<SUB>2</SUB>>", "35": "<(IDENTIFIER,$obj0,new Runnable() {\\012\\012    public void run() {\\012        try {\\012            new Main().run();\\012        } catch (Exception e) {\\012            e.printStackTrace();\\012        }\\012    }\\012})>", "37": "<(LITERAL,&quot;1&quot;,new Thread(null, new Runnable() {\\012\\012    public void run() {\\012        try {\\012            new Main().run();\\012        } catch (Exception e) {\\012            e.printStackTrace();\\012        }\\012    }\\012}, &quot;1&quot;, 1 &lt;&lt; 26))<SUB>2</SUB>>", "39": "<(LITERAL,1,1 &lt;&lt; 26)<SUB>2</SUB>>", "41": "<(IDENTIFIER,$obj1,&lt;empty&gt;)>", "43": "<(run,run())<SUB>3</SUB>>", "45": "<(&lt;operator&gt;.assignment,&lt;empty&gt;)>", "47": "<(&lt;operator&gt;.alloc,new Main())<SUB>3</SUB>>", "49": "<(IDENTIFIER,$obj2,new Main())>", "51": "<(MODIFIER,PUBLIC)>", "53": "<(METHOD_RETURN,void)<SUB>1</SUB>>"}}