{"edges": [["17", "18"], ["17", "19"], ["17", "60"], ["17", "61"], ["17", "62"], ["19", "20"], ["19", "23"], ["19", "42"], ["19", "45"], ["19", "50"], ["19", "58"], ["20", "21"], ["20", "22"], ["23", "24"], ["23", "25"], ["25", "26"], ["25", "29"], ["25", "41"], ["26", "27"], ["26", "28"], ["29", "30"], ["29", "31"], ["31", "32"], ["31", "35"], ["31", "40"], ["32", "33"], ["32", "34"], ["35", "36"], ["35", "37"], ["37", "38"], ["37", "39"], ["42", "43"], ["42", "44"], ["45", "46"], ["45", "47"], ["47", "48"], ["47", "49"], ["50", "51"], ["51", "52"], ["51", "55"], ["51", "57"], ["52", "53"], ["52", "54"], ["55", "56"], ["58", "59"], ["20", "28"], ["23", "44"], ["42", "49"], ["45", "54"], ["50", "58"], ["58", "62"], ["22", "20"], ["44", "42"], ["47", "45"], ["26", "34"], ["29", "23"], ["49", "47"], ["52", "55"], ["55", "50"], ["28", "26"], ["54", "52"], ["32", "39"], ["35", "29"], ["34", "32"], ["37", "35"], ["39", "37"], ["17", "22"], ["18", "62"], ["20", "62"], ["23", "62"], ["29", "62"], ["35", "62"], ["35", "62"], ["35", "62"], ["29", "62"], ["23", "62"], ["42", "62"], ["45", "62"], ["45", "62"], ["52", "62"], ["55", "62"], ["55", "62"], ["50", "62"], ["58", "62"], ["58", "62"], ["17", "18"], ["17", "20"], ["17", "42"], ["20", "23"], ["17", "23"], ["32", "23"], ["29", "23"], ["42", "45"], ["17", "45"], ["52", "50"], ["55", "50"], ["17", "50"], ["45", "58"], ["17", "58"], ["17", "26"], ["17", "41"], ["17", "52"], ["17", "57"], ["26", "29"], ["17", "29"], ["32", "29"], ["35", "29"], ["52", "55"], ["17", "55"], ["17", "32"], ["17", "40"], ["32", "35"], ["17", "35"]], "features": {"17": "<(METHOD,main)<SUB>1</SUB>>", "19": "<(BLOCK,&lt;empty&gt;,&lt;empty&gt;)<SUB>1</SUB>>", "21": "<(IDENTIFIER,in,in = new FastScanner(new BufferedReader(new InputStreamReader(System.in))))<SUB>2</SUB>>", "23": "<(&lt;init&gt;,new FastScanner(new BufferedReader(new InputStreamReader(System.in))))<SUB>2</SUB>>", "25": "<(BLOCK,&lt;empty&gt;,&lt;empty&gt;)<SUB>2</SUB>>", "27": "<(IDENTIFIER,$obj1,&lt;empty&gt;)>", "29": "<(&lt;init&gt;,new BufferedReader(new InputStreamReader(System.in)))<SUB>2</SUB>>", "31": "<(BLOCK,&lt;empty&gt;,&lt;empty&gt;)<SUB>2</SUB>>", "33": "<(IDENTIFIER,$obj0,&lt;empty&gt;)>", "35": "<(&lt;init&gt;,new InputStreamReader(System.in))<SUB>2</SUB>>", "37": "<(&lt;operator&gt;.fieldAccess,System.in)<SUB>2</SUB>>", "39": "<(FIELD_IDENTIFIER,in,in)<SUB>2</SUB>>", "41": "<(IDENTIFIER,$obj1,&lt;empty&gt;)>", "43": "<(IDENTIFIER,out,out = new PrintWriter(System.out))<SUB>3</SUB>>", "45": "<(&lt;init&gt;,new PrintWriter(System.out))<SUB>3</SUB>>", "47": "<(&lt;operator&gt;.fieldAccess,System.out)<SUB>3</SUB>>", "49": "<(FIELD_IDENTIFIER,out,out)<SUB>3</SUB>>", "51": "<(BLOCK,&lt;empty&gt;,&lt;empty&gt;)<SUB>4</SUB>>", "53": "<(IDENTIFIER,$obj4,&lt;empty&gt;)>", "55": "<(&lt;init&gt;,new TwoSquares())<SUB>4</SUB>>", "57": "<(IDENTIFIER,$obj4,&lt;empty&gt;)>", "59": "<(IDENTIFIER,out,close())<SUB>5</SUB>>", "61": "<(MODIFIER,STATIC)>"}}