{"edges": [["17", "18"], ["17", "19"], ["17", "28"], ["17", "29"], ["17", "30"], ["19", "20"], ["20", "21"], ["21", "22"], ["21", "25"], ["21", "27"], ["22", "23"], ["22", "24"], ["25", "26"], ["20", "30"], ["22", "25"], ["25", "20"], ["24", "22"], ["17", "24"], ["18", "30"], ["22", "30"], ["25", "30"], ["25", "30"], ["20", "30"], ["17", "18"], ["22", "20"], ["25", "20"], ["17", "20"], ["17", "22"], ["17", "27"], ["22", "25"], ["17", "25"]], "features": {"17": "<(METHOD,main)<SUB>1</SUB>>", "19": "<(BLOCK,&lt;empty&gt;,&lt;empty&gt;)<SUB>2</SUB>>", "21": "<(BLOCK,&lt;empty&gt;,&lt;empty&gt;)<SUB>3</SUB>>", "23": "<(IDENTIFIER,$obj0,&lt;empty&gt;)>", "25": "<(&lt;init&gt;,new Main())<SUB>3</SUB>>", "27": "<(IDENTIFIER,$obj0,&lt;empty&gt;)>", "29": "<(MODIFIER,STATIC)>"}}