{"edges": [["23", "25"], ["23", "101"], ["23", "102"], ["23", "103"], ["25", "4"], ["25", "26"], ["25", "29"], ["25", "6"], ["25", "33"], ["25", "36"], ["25", "40"], ["25", "41"], ["25", "45"], ["25", "46"], ["25", "53"], ["25", "8"], ["25", "57"], ["25", "60"], ["25", "61"], ["25", "65"], ["25", "69"], ["25", "70"], ["25", "77"], ["25", "79"], ["25", "90"], ["26", "27"], ["26", "28"], ["29", "3"], ["29", "30"], ["30", "31"], ["30", "32"], ["33", "34"], ["33", "35"], ["36", "5"], ["36", "37"], ["37", "38"], ["37", "39"], ["41", "42"], ["41", "43"], ["43", "44"], ["46", "47"], ["46", "48"], ["48", "49"], ["48", "51"], ["49", "50"], ["51", "52"], ["53", "54"], ["53", "55"], ["55", "56"], ["57", "58"], ["57", "59"], ["60", "7"], ["61", "62"], ["61", "63"], ["61", "64"], ["65", "66"], ["65", "67"], ["67", "68"], ["70", "71"], ["70", "72"], ["72", "73"], ["72", "75"], ["73", "74"], ["75", "76"], ["77", "78"], ["79", "80"], ["79", "83"], ["80", "81"], ["80", "82"], ["83", "84"], ["83", "85"], ["85", "86"], ["85", "89"], ["86", "87"], ["86", "88"], ["90", "91"], ["90", "94"], ["91", "92"], ["91", "93"], ["94", "95"], ["94", "100"], ["95", "96"], ["95", "97"], ["97", "98"], ["97", "99"], ["26", "32"], ["29", "35"], ["33", "39"], ["36", "43"], ["41", "49"], ["46", "55"], ["53", "59"], ["57", "60"], ["60", "61"], ["61", "67"], ["65", "73"], ["70", "77"], ["77", "82"], ["79", "93"], ["90", "103"], ["28", "26"], ["30", "29"], ["35", "33"], ["37", "36"], ["43", "41"], ["48", "46"], ["55", "53"], ["59", "57"], ["67", "65"], ["72", "70"], ["80", "86"], ["83", "79"], ["91", "97"], ["94", "90"], ["32", "30"], ["39", "37"], ["49", "51"], ["51", "48"], ["73", "75"], ["75", "72"], ["82", "80"], ["85", "83"], ["93", "91"], ["95", "94"], ["86", "85"], ["97", "95"], ["23", "28"], ["24", "103"], ["26", "103"], ["29", "103"], ["33", "103"], ["36", "103"], ["41", "103"], ["41", "103"], ["46", "103"], ["53", "103"], ["57", "103"], ["60", "103"], ["61", "103"], ["61", "103"], ["61", "103"], ["67", "103"], ["65", "103"], ["65", "103"], ["72", "103"], ["75", "103"], ["72", "103"], ["70", "103"], ["70", "103"], ["77", "103"], ["77", "103"], ["86", "103"], ["86", "103"], ["85", "103"], ["83", "103"], ["79", "103"], ["90", "103"], ["97", "103"], ["97", "103"], ["95", "103"], ["94", "103"], ["90", "103"], ["90", "103"], ["43", "103"], ["23", "24"], ["23", "26"], ["23", "33"], ["43", "41"], ["48", "46"], ["48", "46"], ["55", "53"], ["23", "57"], ["67", "65"], ["72", "70"], ["72", "70"], ["26", "29"], ["23", "29"], ["33", "36"], ["23", "36"], ["57", "60"], ["23", "60"], ["60", "61"], ["23", "61"], ["29", "61"], ["36", "61"], ["61", "77"], ["23", "77"], ["67", "79"], ["23", "79"], ["85", "79"], ["85", "79"], ["67", "90"], ["79", "90"], ["23", "90"], ["97", "90"], ["97", "90"], ["23", "43"], ["49", "48"], ["51", "48"], ["29", "55"], ["36", "55"], ["23", "55"], ["55", "67"], ["23", "67"], ["73", "72"], ["75", "72"], ["23", "83"], ["85", "83"], ["85", "83"], ["23", "94"], ["97", "94"], ["97", "94"], ["41", "49"], ["23", "49"], ["49", "51"], ["23", "51"], ["51", "73"], ["23", "73"], ["73", "75"], ["23", "75"], ["86", "85"], ["86", "85"], ["23", "85"], ["23", "95"], ["97", "95"], ["97", "95"], ["70", "86"], ["23", "86"], ["46", "86"], ["65", "97"], ["23", "97"], ["53", "97"]], "features": {"23": "<(METHOD,main)<SUB>1</SUB>>", "25": "<(BLOCK,&lt;empty&gt;,&lt;empty&gt;)<SUB>1</SUB>>", "26": "<(&lt;operator&gt;.assignment,ANY sc = new Scanner(System.in))<SUB>2</SUB>>", "28": "<(&lt;operator&gt;.alloc,new Scanner(System.in))<SUB>2</SUB>>", "3": "<(IDENTIFIER,sc,new Scanner(System.in))<SUB>2</SUB>>", "31": "<(IDENTIFIER,System,new Scanner(System.in))<SUB>2</SUB>>", "6": "<(LOCAL,PrintWriter pw: ANY)<SUB>4</SUB>>", "34": "<(IDENTIFIER,pw,ANY pw = new PrintWriter(System.out))<SUB>4</SUB>>", "36": "<(&lt;init&gt;,new PrintWriter(System.out))<SUB>4</SUB>>", "37": "<(&lt;operator&gt;.fieldAccess,System.out)<SUB>4</SUB>>", "39": "<(FIELD_IDENTIFIER,out,out)<SUB>4</SUB>>", "41": "<(&lt;operator&gt;.assignment,Runtime runtime = Runtime.getRuntime())<SUB>7</SUB>>", "43": "<(getRuntime,Runtime.getRuntime())<SUB>7</SUB>>", "45": "<(LOCAL,long usedMemoryBefore: long)<SUB>8</SUB>>", "47": "<(IDENTIFIER,usedMemoryBefore,long usedMemoryBefore = runtime.totalMemory() - runtime.freeMemory())<SUB>8</SUB>>", "49": "<(totalMemory,runtime.totalMemory())<SUB>8</SUB>>", "51": "<(freeMemory,runtime.freeMemory())<SUB>8</SUB>>", "53": "<(&lt;operator&gt;.assignment,TIME_START = System.currentTimeMillis())<SUB>9</SUB>>", "55": "<(currentTimeMillis,System.currentTimeMillis())<SUB>9</SUB>>", "8": "<(LOCAL,Task t: ANY)<SUB>10</SUB>>", "58": "<(IDENTIFIER,t,ANY t = new Task())<SUB>10</SUB>>", "60": "<(&lt;init&gt;,new Task())<SUB>10</SUB>>", "61": "<(solve,solve(sc, pw))<SUB>11</SUB>>", "63": "<(IDENTIFIER,sc,solve(sc, pw))<SUB>11</SUB>>", "65": "<(&lt;operator&gt;.assignment,TIME_END = System.currentTimeMillis())<SUB>12</SUB>>", "67": "<(currentTimeMillis,System.currentTimeMillis())<SUB>12</SUB>>", "69": "<(LOCAL,long usedMemoryAfter: long)<SUB>13</SUB>>", "71": "<(IDENTIFIER,usedMemoryAfter,long usedMemoryAfter = runtime.totalMemory() - runtime.freeMemory())<SUB>13</SUB>>", "73": "<(totalMemory,runtime.totalMemory())<SUB>13</SUB>>", "75": "<(freeMemory,runtime.freeMemory())<SUB>13</SUB>>", "77": "<(close,close())<SUB>14</SUB>>", "79": "<(println,System.out.println(&quot;Memory increased:&quot; + (usedMemoryAfter - usedMemoryBefore) / 1000000))<SUB>15</SUB>>", "81": "<(IDENTIFIER,System,System.out.println(&quot;Memory increased:&quot; + (usedMemoryAfter - usedMemoryBefore) / 1000000))<SUB>15</SUB>>", "83": "<(&lt;operator&gt;.addition,&quot;Memory increased:&quot; + (usedMemoryAfter - usedMemoryBefore) / 1000000)<SUB>15</SUB>>", "85": "<(&lt;operator&gt;.division,(usedMemoryAfter - usedMemoryBefore) / 1000000)<SUB>15</SUB>>", "87": "<(IDENTIFIER,usedMemoryAfter,usedMemoryAfter - usedMemoryBefore)<SUB>15</SUB>>", "89": "<(LITERAL,1000000,(usedMemoryAfter - usedMemoryBefore) / 1000000)<SUB>15</SUB>>", "91": "<(&lt;operator&gt;.fieldAccess,System.out)<SUB>16</SUB>>", "93": "<(FIELD_IDENTIFIER,out,out)<SUB>16</SUB>>", "95": "<(&lt;operator&gt;.addition,&quot;Time used: &quot; + (TIME_END - TIME_START))<SUB>16</SUB>>", "97": "<(&lt;operator&gt;.subtraction,TIME_END - TIME_START)<SUB>16</SUB>>", "99": "<(IDENTIFIER,TIME_START,TIME_END - TIME_START)<SUB>16</SUB>>", "101": "<(MODIFIER,PUBLIC)>", "103": "<(METHOD_RETURN,void)<SUB>1</SUB>>"}}