{"edges": [["21", "22"], ["21", "23"], ["21", "108"], ["21", "109"], ["21", "110"], ["23", "4"], ["23", "24"], ["23", "27"], ["23", "6"], ["23", "38"], ["23", "41"], ["23", "44"], ["23", "45"], ["23", "51"], ["23", "64"], ["23", "65"], ["23", "71"], ["23", "76"], ["23", "77"], ["23", "96"], ["23", "103"], ["24", "25"], ["24", "26"], ["27", "3"], ["27", "28"], ["28", "29"], ["28", "32"], ["28", "37"], ["29", "30"], ["29", "31"], ["32", "33"], ["32", "34"], ["34", "35"], ["34", "36"], ["38", "39"], ["38", "40"], ["41", "5"], ["41", "42"], ["42", "43"], ["45", "46"], ["45", "47"], ["47", "48"], ["47", "49"], ["49", "50"], ["51", "52"], ["51", "55"], ["52", "53"], ["52", "54"], ["55", "56"], ["55", "61"], ["56", "57"], ["56", "60"], ["57", "58"], ["57", "59"], ["61", "62"], ["61", "63"], ["65", "66"], ["65", "67"], ["67", "68"], ["67", "69"], ["69", "70"], ["71", "72"], ["71", "73"], ["73", "74"], ["73", "75"], ["77", "78"], ["77", "79"], ["79", "80"], ["79", "95"], ["80", "81"], ["80", "89"], ["81", "82"], ["81", "88"], ["82", "83"], ["82", "84"], ["82", "85"], ["85", "86"], ["85", "87"], ["89", "90"], ["89", "94"], ["90", "91"], ["90", "92"], ["90", "93"], ["96", "97"], ["96", "100"], ["97", "98"], ["97", "99"], ["100", "101"], ["100", "102"], ["103", "104"], ["103", "107"], ["104", "105"], ["104", "106"], ["24", "31"], ["27", "40"], ["38", "42"], ["41", "49"], ["45", "52"], ["65", "73"], ["71", "85"], ["77", "97"], ["103", "110"], ["26", "24"], ["40", "38"], ["42", "41"], ["47", "45"], ["52", "59"], ["52", "69"], ["67", "65"], ["73", "71"], ["79", "77"], ["97", "100"], ["97", "106"], ["100", "106"], ["104", "103"], ["29", "36"], ["32", "27"], ["49", "47"], ["56", "61"], ["61", "69"], ["69", "67"], ["80", "79"], ["106", "104"], ["31", "29"], ["34", "32"], ["57", "56"], ["81", "90"], ["89", "80"], ["36", "34"], ["59", "57"], ["82", "81"], ["90", "89"], ["85", "82"], ["21", "26"], ["22", "110"], ["24", "110"], ["29", "110"], ["32", "110"], ["32", "110"], ["32", "110"], ["27", "110"], ["38", "110"], ["42", "110"], ["41", "110"], ["41", "110"], ["45", "110"], ["52", "110"], ["56", "110"], ["61", "110"], ["61", "110"], ["67", "110"], ["69", "110"], ["67", "110"], ["65", "110"], ["65", "110"], ["71", "110"], ["71", "110"], ["82", "110"], ["81", "110"], ["81", "110"], ["80", "110"], ["90", "110"], ["90", "110"], ["89", "110"], ["80", "110"], ["79", "110"], ["79", "110"], ["77", "110"], ["77", "110"], ["97", "110"], ["100", "110"], ["100", "110"], ["103", "110"], ["103", "110"], ["103", "110"], ["21", "22"], ["21", "24"], ["21", "38"], ["47", "45"], ["47", "45"], ["67", "65"], ["67", "65"], ["73", "71"], ["73", "71"], ["79", "77"], ["79", "77"], ["24", "27"], ["21", "27"], ["29", "27"], ["32", "27"], ["38", "41"], ["21", "41"], ["42", "41"], ["79", "100"], ["21", "100"], ["61", "103"], ["97", "103"], ["100", "103"], ["21", "103"], ["21", "29"], ["21", "37"], ["27", "42"], ["21", "42"], ["21", "47"], ["49", "47"], ["45", "52"], ["21", "52"], ["47", "67"], ["21", "67"], ["69", "67"], ["52", "73"], ["21", "73"], ["80", "79"], ["80", "79"], ["73", "79"], ["21", "79"], ["77", "97"], ["21", "97"], ["97", "100"], ["29", "32"], ["21", "32"], ["41", "49"], ["21", "49"], ["21", "56"], ["32", "61"], ["56", "61"], ["21", "61"], ["49", "69"], ["21", "69"], ["81", "80"], ["81", "80"], ["89", "80"], ["89", "80"], ["82", "81"], ["82", "81"], ["82", "81"], ["71", "81"], ["21", "81"], ["90", "89"], ["90", "89"], ["90", "89"], ["21", "89"], ["21", "82"], ["65", "82"], ["82", "90"], ["21", "90"], ["65", "90"], ["65", "85"], ["21", "85"], ["52", "56"], ["52", "61"], ["52", "59"], ["52", "57"], ["97", "100"]], "features": {"21": "<(METHOD,main)<SUB>1</SUB>>", "23": "<(BLOCK,&lt;empty&gt;,&lt;empty&gt;)<SUB>1</SUB>>", "24": "<(&lt;operator&gt;.assignment,ANY in = new BufferedReader(new InputStreamReader(System.in)))<SUB>2</SUB>>", "26": "<(&lt;operator&gt;.alloc,new BufferedReader(new InputStreamReader(System.in)))<SUB>2</SUB>>", "3": "<(IDENTIFIER,in,new BufferedReader(new InputStreamReader(System.in)))<SUB>2</SUB>>", "29": "<(&lt;operator&gt;.assignment,&lt;empty&gt;)>", "31": "<(&lt;operator&gt;.alloc,new InputStreamReader(System.in))<SUB>2</SUB>>", "33": "<(IDENTIFIER,$obj0,new InputStreamReader(System.in))>", "35": "<(IDENTIFIER,System,new InputStreamReader(System.in))<SUB>2</SUB>>", "37": "<(IDENTIFIER,$obj0,&lt;empty&gt;)>", "38": "<(&lt;operator&gt;.assignment,ANY st = new StringTokenizer(in.readLine()))<SUB>3</SUB>>", "40": "<(&lt;operator&gt;.alloc,new StringTokenizer(in.readLine()))<SUB>3</SUB>>", "5": "<(IDENTIFIER,st,new StringTokenizer(in.readLine()))<SUB>3</SUB>>", "43": "<(IDENTIFIER,in,readLine())<SUB>3</SUB>>", "45": "<(&lt;operator&gt;.assignment,long x = parseLong(st.nextToken()))<SUB>5</SUB>>", "47": "<(parseLong,parseLong(st.nextToken()))<SUB>5</SUB>>", "49": "<(nextToken,nextToken())<SUB>5</SUB>>", "51": "<(CONTROL_STRUCTURE,if (x == 0),if (x == 0))<SUB>6</SUB>>", "53": "<(IDENTIFIER,x,x == 0)<SUB>6</SUB>>", "55": "<(BLOCK,&lt;empty&gt;,&lt;empty&gt;)<SUB>6</SUB>>", "57": "<(&lt;operator&gt;.fieldAccess,System.out)<SUB>7</SUB>>", "59": "<(FIELD_IDENTIFIER,out,out)<SUB>7</SUB>>", "61": "<(exit,System.exit(0))<SUB>8</SUB>>", "63": "<(LITERAL,0,System.exit(0))<SUB>8</SUB>>", "65": "<(&lt;operator&gt;.assignment,long k = parseLong(st.nextToken()))<SUB>10</SUB>>", "67": "<(parseLong,parseLong(st.nextToken()))<SUB>10</SUB>>", "69": "<(nextToken,nextToken())<SUB>10</SUB>>", "71": "<(&lt;operator&gt;.assignment,x = x % M)<SUB>11</SUB>>", "73": "<(&lt;operator&gt;.modulo,x % M)<SUB>11</SUB>>", "75": "<(IDENTIFIER,M,x % M)<SUB>11</SUB>>", "77": "<(&lt;operator&gt;.assignment,long ans = (exp(2, k + 1) * x - (exp(2, k) - 1)) % M)<SUB>13</SUB>>", "79": "<(&lt;operator&gt;.modulo,(exp(2, k + 1) * x - (exp(2, k) - 1)) % M)<SUB>13</SUB>>", "81": "<(&lt;operator&gt;.multiplication,exp(2, k + 1) * x)<SUB>13</SUB>>", "83": "<(IDENTIFIER,this,exp(2, k + 1))<SUB>13</SUB>>", "85": "<(&lt;operator&gt;.addition,k + 1)<SUB>13</SUB>>", "87": "<(LITERAL,1,k + 1)<SUB>13</SUB>>", "89": "<(&lt;operator&gt;.subtraction,exp(2, k) - 1)<SUB>13</SUB>>", "91": "<(IDENTIFIER,this,exp(2, k))<SUB>13</SUB>>", "93": "<(IDENTIFIER,k,exp(2, k))<SUB>13</SUB>>", "95": "<(IDENTIFIER,M,(exp(2, k + 1) * x - (exp(2, k) - 1)) % M)<SUB>13</SUB>>", "97": "<(&lt;operator&gt;.lessThan,ans &lt; 0)<SUB>14</SUB>>", "99": "<(LITERAL,0,ans &lt; 0)<SUB>14</SUB>>", "101": "<(IDENTIFIER,ans,ans += M)<SUB>14</SUB>>", "103": "<(println,System.out.println(ans))<SUB>15</SUB>>", "105": "<(IDENTIFIER,System,System.out.println(ans))<SUB>15</SUB>>", "107": "<(IDENTIFIER,ans,System.out.println(ans))<SUB>15</SUB>>", "109": "<(MODIFIER,STATIC)>"}}