{"edges": [["19", "20"], ["19", "21"], ["19", "162"], ["19", "163"], ["19", "164"], ["21", "4"], ["21", "22"], ["21", "25"], ["21", "29"], ["21", "30"], ["21", "34"], ["21", "39"], ["21", "44"], ["21", "45"], ["21", "50"], ["21", "51"], ["21", "56"], ["21", "57"], ["21", "61"], ["21", "62"], ["21", "65"], ["21", "153"], ["22", "23"], ["22", "24"], ["25", "3"], ["25", "26"], ["26", "27"], ["26", "28"], ["30", "31"], ["30", "32"], ["32", "33"], ["34", "35"], ["34", "36"], ["34", "37"], ["37", "38"], ["39", "40"], ["39", "43"], ["40", "41"], ["40", "42"], ["45", "46"], ["45", "47"], ["47", "48"], ["48", "49"], ["51", "52"], ["51", "53"], ["53", "54"], ["53", "55"], ["57", "58"], ["57", "59"], ["59", "60"], ["62", "63"], ["62", "64"], ["65", "66"], ["65", "67"], ["65", "70"], ["65", "75"], ["65", "77"], ["67", "68"], ["67", "69"], ["70", "71"], ["70", "72"], ["72", "73"], ["72", "74"], ["75", "76"], ["77", "78"], ["77", "87"], ["77", "141"], ["77", "148"], ["78", "79"], ["78", "80"], ["80", "81"], ["80", "82"], ["82", "83"], ["82", "86"], ["83", "84"], ["83", "85"], ["87", "88"], ["87", "96"], ["87", "127"], ["88", "89"], ["88", "94"], ["89", "90"], ["89", "91"], ["91", "92"], ["91", "93"], ["94", "95"], ["96", "97"], ["96", "100"], ["96", "121"], ["97", "98"], ["97", "99"], ["100", "101"], ["101", "102"], ["101", "105"], ["102", "103"], ["102", "104"], ["105", "106"], ["105", "107"], ["105", "112"], ["107", "108"], ["107", "109"], ["109", "110"], ["109", "111"], ["112", "113"], ["112", "120"], ["113", "114"], ["113", "115"], ["115", "116"], ["115", "117"], ["117", "118"], ["117", "119"], ["121", "122"], ["122", "123"], ["122", "126"], ["123", "124"], ["123", "125"], ["127", "128"], ["128", "129"], ["128", "132"], ["129", "130"], ["129", "131"], ["132", "133"], ["132", "136"], ["133", "134"], ["133", "135"], ["136", "137"], ["136", "138"], ["138", "139"], ["138", "140"], ["141", "142"], ["141", "147"], ["142", "143"], ["142", "144"], ["144", "145"], ["144", "146"], ["148", "149"], ["148", "150"], ["150", "151"], ["150", "152"], ["153", "154"], ["153", "157"], ["154", "155"], ["154", "156"], ["157", "158"], ["157", "159"], ["159", "160"], ["159", "161"], ["22", "28"], ["25", "32"], ["30", "37"], ["34", "40"], ["39", "48"], ["45", "55"], ["51", "59"], ["57", "62"], ["62", "67"], ["153", "164"], ["24", "22"], ["26", "25"], ["32", "30"], ["37", "34"], ["40", "39"], ["47", "45"], ["53", "51"], ["59", "57"], ["67", "74"], ["70", "83"], ["70", "156"], ["75", "74"], ["154", "159"], ["157", "153"], ["28", "26"], ["48", "47"], ["55", "53"], ["72", "70"], ["78", "91"], ["141", "150"], ["148", "75"], ["156", "154"], ["159", "157"], ["74", "72"], ["80", "78"], ["88", "97"], ["88", "129"], ["142", "141"], ["150", "148"], ["82", "80"], ["89", "94"], ["94", "88"], ["97", "102"], ["97", "123"], ["144", "142"], ["83", "82"], ["91", "89"], ["101", "144"], ["122", "144"], ["129", "133"], ["129", "144"], ["132", "144"], ["102", "109"], ["105", "101"], ["123", "122"], ["133", "138"], ["136", "132"], ["107", "117"], ["112", "105"], ["138", "136"], ["109", "107"], ["113", "112"], ["115", "113"], ["117", "115"], ["19", "24"], ["20", "164"], ["22", "164"], ["25", "164"], ["25", "164"], ["30", "164"], ["30", "164"], ["34", "164"], ["34", "164"], ["34", "164"], ["39", "164"], ["39", "164"], ["45", "164"], ["48", "164"], ["47", "164"], ["45", "164"], ["45", "164"], ["51", "164"], ["57", "164"], ["57", "164"], ["57", "164"], ["62", "164"], ["62", "164"], ["67", "164"], ["70", "164"], ["70", "164"], ["70", "164"], ["153", "164"], ["159", "164"], ["153", "164"], ["153", "164"], ["82", "164"], ["80", "164"], ["78", "164"], ["78", "164"], ["88", "164"], ["88", "164"], ["129", "164"], ["132", "164"], ["132", "164"], ["132", "164"], ["97", "164"], ["122", "164"], ["122", "164"], ["101", "164"], ["105", "164"], ["112", "164"], ["105", "164"], ["101", "164"], ["101", "164"], ["141", "164"], ["141", "164"], ["148", "164"], ["148", "164"], ["148", "164"], ["75", "164"], ["105", "164"], ["34", "164"], ["19", "20"], ["19", "22"], ["32", "30"], ["19", "39"], ["47", "45"], ["45", "51"], ["59", "57"], ["19", "62"], ["22", "25"], ["19", "25"], ["19", "34"], ["30", "34"], ["37", "34"], ["19", "67"], ["57", "153"], ["19", "32"], ["19", "37"], ["48", "47"], ["51", "59"], ["19", "59"], ["67", "70"], ["75", "70"], ["19", "70"], ["45", "70"], ["19", "75"], ["129", "75"], ["138", "75"], ["97", "75"], ["109", "75"], ["62", "78"], ["148", "78"], ["19", "78"], ["82", "78"], ["82", "78"], ["129", "141"], ["138", "141"], ["97", "141"], ["109", "141"], ["19", "141"], ["150", "148"], ["150", "148"], ["25", "48"], ["19", "48"], ["59", "159"], ["19", "159"], ["62", "80"], ["148", "80"], ["19", "80"], ["82", "80"], ["82", "80"], ["34", "88"], ["141", "88"], ["94", "88"], ["144", "150"], ["19", "150"], ["45", "82"], ["19", "82"], ["19", "94"], ["70", "97"], ["19", "97"], ["105", "101"], ["105", "101"], ["105", "101"], ["19", "122"], ["57", "132"], ["105", "132"], ["91", "144"], ["117", "144"], ["19", "144"], ["78", "91"], ["19", "91"], ["70", "129"], ["19", "129"], ["19", "105"], ["57", "105"], ["57", "112"], ["19", "112"], ["129", "138"], ["19", "138"], ["97", "109"], ["19", "109"], ["91", "117"], ["19", "117"], ["70", "94"], ["70", "141"], ["70", "89"], ["70", "75"], ["70", "72"], ["70", "142"], ["70", "150"], ["70", "74"], ["70", "144"], ["70", "91"], ["70", "82"], ["70", "148"], ["70", "80"], ["70", "83"], ["70", "88"], ["70", "70"], ["70", "78"], ["88", "97"], ["88", "129"], ["97", "107"], ["97", "115"], ["97", "113"], ["97", "122"], ["97", "102"], ["97", "123"], ["97", "112"], ["97", "101"], ["97", "105"], ["97", "117"], ["97", "109"], ["129", "136"], ["129", "132"], ["129", "138"], ["129", "133"]], "features": {"19": "<(METHOD,main)<SUB>1</SUB>>", "21": "<(BLOCK,&lt;empty&gt;,&lt;empty&gt;)<SUB>1</SUB>>", "22": "<(&lt;operator&gt;.assignment,ANY s = new Scanner(System.in))<SUB>2</SUB>>", "24": "<(&lt;operator&gt;.alloc,new Scanner(System.in))<SUB>2</SUB>>", "3": "<(IDENTIFIER,s,new Scanner(System.in))<SUB>2</SUB>>", "27": "<(IDENTIFIER,System,new Scanner(System.in))<SUB>2</SUB>>", "29": "<(LOCAL,int[] rem: int[])<SUB>3</SUB>>", "31": "<(IDENTIFIER,rem,int[] rem = new int[3])<SUB>3</SUB>>", "33": "<(LITERAL,3,new int[3])<SUB>3</SUB>>", "35": "<(IDENTIFIER,Arrays,fill(rem, -1))<SUB>5</SUB>>", "37": "<(&lt;operator&gt;.minus,-1)<SUB>5</SUB>>", "39": "<(&lt;operator&gt;.assignment,rem[0] = 0)<SUB>6</SUB>>", "41": "<(IDENTIFIER,rem,rem[0] = 0)<SUB>6</SUB>>", "43": "<(LITERAL,0,rem[0] = 0)<SUB>6</SUB>>", "45": "<(&lt;operator&gt;.assignment,char[] ch = toCharArray())<SUB>7</SUB>>", "47": "<(toCharArray,toCharArray())<SUB>7</SUB>>", "49": "<(IDENTIFIER,s,next())<SUB>7</SUB>>", "51": "<(&lt;operator&gt;.assignment,int n = ch.length)<SUB>8</SUB>>", "53": "<(&lt;operator&gt;.fieldAccess,ch.length)<SUB>8</SUB>>", "55": "<(FIELD_IDENTIFIER,length,length)<SUB>8</SUB>>", "57": "<(&lt;operator&gt;.assignment,long[] dp = new long[n])<SUB>9</SUB>>", "59": "<(&lt;operator&gt;.alloc,new long[n])>", "61": "<(LOCAL,int sum: int)<SUB>11</SUB>>", "63": "<(IDENTIFIER,sum,int sum = 0)<SUB>11</SUB>>", "65": "<(CONTROL_STRUCTURE,for (int i = 0; Some(i &lt; ch.length); i++),for (int i = 0; Some(i &lt; ch.length); i++))<SUB>13</SUB>>", "67": "<(&lt;operator&gt;.assignment,int i = 0)<SUB>13</SUB>>", "69": "<(LITERAL,0,int i = 0)<SUB>13</SUB>>", "71": "<(IDENTIFIER,i,i &lt; ch.length)<SUB>13</SUB>>", "73": "<(IDENTIFIER,ch,i &lt; ch.length)<SUB>13</SUB>>", "75": "<(&lt;operator&gt;.postIncrement,i++)<SUB>13</SUB>>", "77": "<(BLOCK,&lt;empty&gt;,&lt;empty&gt;)<SUB>13</SUB>>", "79": "<(IDENTIFIER,sum,sum = sum + (ch[i] - 48))<SUB>14</SUB>>", "81": "<(IDENTIFIER,sum,sum + (ch[i] - 48))<SUB>14</SUB>>", "83": "<(&lt;operator&gt;.indexAccess,ch[i])<SUB>14</SUB>>", "85": "<(IDENTIFIER,i,ch[i] - 48)<SUB>14</SUB>>", "87": "<(CONTROL_STRUCTURE,if (rem[sum % 3] != -1),if (rem[sum % 3] != -1))<SUB>15</SUB>>", "89": "<(&lt;operator&gt;.indexAccess,rem[sum % 3])<SUB>15</SUB>>", "91": "<(&lt;operator&gt;.modulo,sum % 3)<SUB>15</SUB>>", "93": "<(LITERAL,3,sum % 3)<SUB>15</SUB>>", "95": "<(LITERAL,1,-1)<SUB>15</SUB>>", "97": "<(&lt;operator&gt;.greaterThan,i &gt; 0)<SUB>16</SUB>>", "99": "<(LITERAL,0,i &gt; 0)<SUB>16</SUB>>", "101": "<(&lt;operator&gt;.assignment,dp[i] = Math.max(dp[i - 1], dp[rem[sum % 3]] + 1))<SUB>17</SUB>>", "103": "<(IDENTIFIER,dp,dp[i] = Math.max(dp[i - 1], dp[rem[sum % 3]] + 1))<SUB>17</SUB>>", "105": "<(max,Math.max(dp[i - 1], dp[rem[sum % 3]] + 1))<SUB>17</SUB>>", "107": "<(&lt;operator&gt;.indexAccess,dp[i - 1])<SUB>17</SUB>>", "109": "<(&lt;operator&gt;.subtraction,i - 1)<SUB>17</SUB>>", "111": "<(LITERAL,1,i - 1)<SUB>17</SUB>>", "113": "<(&lt;operator&gt;.indexAccess,dp[rem[sum % 3]])<SUB>17</SUB>>", "115": "<(&lt;operator&gt;.indexAccess,rem[sum % 3])<SUB>17</SUB>>", "117": "<(&lt;operator&gt;.modulo,sum % 3)<SUB>17</SUB>>", "119": "<(LITERAL,3,sum % 3)<SUB>17</SUB>>", "121": "<(CONTROL_STRUCTURE,else,else)<SUB>19</SUB>>", "123": "<(&lt;operator&gt;.indexAccess,dp[i])<SUB>19</SUB>>", "125": "<(IDENTIFIER,i,dp[i] = 1)<SUB>19</SUB>>", "127": "<(CONTROL_STRUCTURE,else,else)<SUB>21</SUB>>", "129": "<(&lt;operator&gt;.greaterThan,i &gt; 0)<SUB>21</SUB>>", "131": "<(LITERAL,0,i &gt; 0)<SUB>21</SUB>>", "133": "<(&lt;operator&gt;.indexAccess,dp[i])<SUB>22</SUB>>", "135": "<(IDENTIFIER,i,dp[i] = dp[i - 1])<SUB>22</SUB>>", "137": "<(IDENTIFIER,dp,dp[i] = dp[i - 1])<SUB>22</SUB>>", "139": "<(IDENTIFIER,i,i - 1)<SUB>22</SUB>>", "141": "<(&lt;operator&gt;.assignment,rem[sum % 3] = i)<SUB>25</SUB>>", "143": "<(IDENTIFIER,rem,rem[sum % 3] = i)<SUB>25</SUB>>", "145": "<(IDENTIFIER,sum,sum % 3)<SUB>25</SUB>>", "147": "<(IDENTIFIER,i,rem[sum % 3] = i)<SUB>25</SUB>>", "149": "<(IDENTIFIER,sum,sum = sum % 3)<SUB>26</SUB>>", "151": "<(IDENTIFIER,sum,sum % 3)<SUB>26</SUB>>", "153": "<(println,System.out.println(dp[n - 1]))<SUB>31</SUB>>", "155": "<(IDENTIFIER,System,System.out.println(dp[n - 1]))<SUB>31</SUB>>", "157": "<(&lt;operator&gt;.indexAccess,dp[n - 1])<SUB>31</SUB>>", "159": "<(&lt;operator&gt;.subtraction,n - 1)<SUB>31</SUB>>", "161": "<(LITERAL,1,n - 1)<SUB>31</SUB>>", "163": "<(MODIFIER,STATIC)>"}}