{"edges": [["17", "19"], ["17", "75"], ["17", "76"], ["17", "77"], ["19", "20"], ["19", "21"], ["19", "22"], ["19", "26"], ["19", "30"], ["19", "40"], ["19", "43"], ["19", "70"], ["22", "23"], ["22", "24"], ["24", "25"], ["26", "27"], ["26", "28"], ["28", "29"], ["30", "31"], ["30", "34"], ["31", "32"], ["31", "33"], ["34", "35"], ["34", "38"], ["35", "36"], ["35", "37"], ["38", "39"], ["40", "41"], ["40", "42"], ["43", "44"], ["43", "45"], ["45", "46"], ["45", "69"], ["46", "47"], ["46", "68"], ["47", "48"], ["47", "67"], ["48", "49"], ["48", "66"], ["49", "50"], ["49", "61"], ["50", "51"], ["50", "60"], ["51", "52"], ["51", "53"], ["53", "54"], ["53", "55"], ["53", "56"], ["53", "59"], ["56", "57"], ["56", "58"], ["61", "62"], ["61", "63"], ["61", "64"], ["61", "65"], ["70", "71"], ["70", "74"], ["71", "72"], ["71", "73"], ["22", "28"], ["26", "31"], ["40", "56"], ["43", "73"], ["70", "77"], ["24", "22"], ["28", "26"], ["31", "35"], ["31", "40"], ["45", "43"], ["71", "70"], ["35", "38"], ["38", "40"], ["46", "45"], ["73", "71"], ["47", "46"], ["48", "47"], ["49", "48"], ["50", "61"], ["61", "49"], ["51", "50"], ["53", "51"], ["56", "53"], ["17", "24"], ["18", "77"], ["22", "77"], ["26", "77"], ["26", "77"], ["31", "77"], ["35", "77"], ["38", "77"], ["43", "77"], ["51", "77"], ["53", "77"], ["51", "77"], ["50", "77"], ["49", "77"], ["61", "77"], ["49", "77"], ["48", "77"], ["47", "77"], ["46", "77"], ["45", "77"], ["45", "77"], ["43", "77"], ["43", "77"], ["70", "77"], ["70", "77"], ["70", "77"], ["17", "18"], ["24", "22"], ["28", "26"], ["17", "40"], ["31", "40"], ["61", "43"], ["17", "43"], ["45", "43"], ["45", "43"], ["17", "70"], ["17", "24"], ["24", "28"], ["17", "28"], ["22", "31"], ["17", "31"], ["47", "45"], ["47", "45"], ["17", "45"], ["28", "35"], ["17", "35"], ["35", "38"], ["17", "38"], ["47", "46"], ["47", "46"], ["17", "46"], ["49", "47"], ["49", "47"], ["17", "47"], ["61", "47"], ["49", "48"], ["49", "48"], ["17", "48"], ["50", "49"], ["50", "49"], ["61", "49"], ["61", "49"], ["61", "49"], ["61", "49"], ["51", "50"], ["51", "50"], ["53", "50"], ["17", "50"], ["53", "61"], ["17", "61"], ["26", "61"], ["50", "61"], ["40", "51"], ["17", "51"], ["53", "51"], ["53", "51"], ["53", "51"], ["53", "51"], ["28", "53"], ["38", "53"], ["17", "53"], ["26", "53"], ["26", "56"], ["17", "56"], ["31", "38"], ["31", "35"]], "features": {"17": "<(METHOD,main)<SUB>1</SUB>>", "19": "<(BLOCK,&lt;empty&gt;,&lt;empty&gt;)<SUB>2</SUB>>", "21": "<(LOCAL,long k: long)<SUB>3</SUB>>", "23": "<(IDENTIFIER,x,long x = nl())<SUB>3</SUB>>", "25": "<(IDENTIFIER,this,nl())<SUB>3</SUB>>", "27": "<(IDENTIFIER,k,long k = nl())<SUB>3</SUB>>", "29": "<(IDENTIFIER,this,nl())<SUB>3</SUB>>", "31": "<(&lt;operator&gt;.equals,x == 0)<SUB>4</SUB>>", "33": "<(LITERAL,0,x == 0)<SUB>4</SUB>>", "35": "<(pr,pr(0))<SUB>6</SUB>>", "37": "<(LITERAL,0,pr(0))<SUB>6</SUB>>", "39": "<(IDENTIFIER,this,exit())<SUB>7</SUB>>", "41": "<(IDENTIFIER,x,x %= mod)<SUB>9</SUB>>", "43": "<(pr,pr((((x * powm(2, k + 1, mod)) % mod - powm(2, k, mod) + 1) % mod + mod) % mod))<SUB>10</SUB>>", "45": "<(&lt;operator&gt;.modulo,(((x * powm(2, k + 1, mod)) % mod - powm(2, k, mod) + 1) % mod + mod) % mod)<SUB>10</SUB>>", "47": "<(&lt;operator&gt;.modulo,((x * powm(2, k + 1, mod)) % mod - powm(2, k, mod) + 1) % mod)<SUB>10</SUB>>", "49": "<(&lt;operator&gt;.subtraction,(x * powm(2, k + 1, mod)) % mod - powm(2, k, mod))<SUB>10</SUB>>", "51": "<(&lt;operator&gt;.multiplication,x * powm(2, k + 1, mod))<SUB>10</SUB>>", "53": "<(powm,powm(2, k + 1, mod))<SUB>10</SUB>>", "55": "<(LITERAL,2,powm(2, k + 1, mod))<SUB>10</SUB>>", "57": "<(IDENTIFIER,k,k + 1)<SUB>10</SUB>>", "59": "<(IDENTIFIER,mod,powm(2, k + 1, mod))<SUB>10</SUB>>", "61": "<(powm,powm(2, k, mod))<SUB>10</SUB>>", "63": "<(LITERAL,2,powm(2, k, mod))<SUB>10</SUB>>", "65": "<(IDENTIFIER,mod,powm(2, k, mod))<SUB>10</SUB>>", "67": "<(IDENTIFIER,mod,((x * powm(2, k + 1, mod)) % mod - powm(2, k, mod) + 1) % mod)<SUB>10</SUB>>", "69": "<(IDENTIFIER,mod,(((x * powm(2, k + 1, mod)) % mod - powm(2, k, mod) + 1) % mod + mod) % mod)<SUB>10</SUB>>", "71": "<(&lt;operator&gt;.fieldAccess,System.out)<SUB>11</SUB>>", "73": "<(FIELD_IDENTIFIER,out,out)<SUB>11</SUB>>", "75": "<(MODIFIER,PUBLIC)>", "77": "<(METHOD_RETURN,void)<SUB>1</SUB>>"}}