{"edges": [["17", "18"], ["17", "19"], ["17", "38"], ["17", "39"], ["17", "40"], ["19", "20"], ["20", "21"], ["21", "22"], ["21", "25"], ["21", "37"], ["22", "23"], ["22", "24"], ["25", "26"], ["25", "27"], ["25", "28"], ["25", "35"], ["25", "36"], ["28", "29"], ["28", "32"], ["28", "34"], ["29", "30"], ["29", "31"], ["32", "33"], ["20", "40"], ["22", "31"], ["25", "20"], ["24", "22"], ["29", "32"], ["32", "25"], ["31", "29"], ["17", "24"], ["18", "40"], ["25", "40"], ["29", "40"], ["32", "40"], ["32", "40"], ["25", "40"], ["20", "40"], ["17", "18"], ["29", "20"], ["25", "20"], ["17", "20"], ["17", "22"], ["17", "37"], ["22", "25"], ["17", "25"], ["29", "25"], ["32", "25"], ["17", "29"], ["17", "34"], ["29", "32"], ["17", "32"]], "features": {"17": "<(METHOD,main)<SUB>1</SUB>>", "19": "<(BLOCK,&lt;empty&gt;,&lt;empty&gt;)<SUB>1</SUB>>", "21": "<(BLOCK,&lt;empty&gt;,&lt;empty&gt;)<SUB>2</SUB>>", "23": "<(IDENTIFIER,$obj1,&lt;empty&gt;)>", "25": "<(&lt;init&gt;,new Thread(null, new Runnable() {\\012\\012    @Override\\012    public void run() {\\012        long start = System.currentTimeMillis();\\012        String debug = args.length &gt; 0 ? args[0] : null;\\012        if (debug != null) {\\012            try {\\012                is = java.nio.file.Files.newInputStream(java.nio.file.Paths.get(debug));\\012            } catch (Exception e) {\\012                throw new RuntimeException(e);\\012            }\\012        }\\012        reader = new java.io.BufferedReader(new java.io.InputStreamReader(is), 32768);\\012        solve();\\012        out.flush();\\012        tr((System.currentTimeMillis() - start) + &quot;ms&quot;);\\012    }\\012}, &quot;&quot;, 64000000))<SUB>2</SUB>>", "27": "<(LITERAL,null,new Thread(null, new Runnable() {\\012\\012    @Override\\012    public void run() {\\012        long start = System.currentTimeMillis();\\012        String debug = args.length &gt; 0 ? args[0] : null;\\012        if (debug != null) {\\012            try {\\012                is = java.nio.file.Files.newInputStream(java.nio.file.Paths.get(debug));\\012            } catch (Exception e) {\\012                throw new RuntimeException(e);\\012            }\\012        }\\012        reader = new java.io.BufferedReader(new java.io.InputStreamReader(is), 32768);\\012        solve();\\012        out.flush();\\012        tr((System.currentTimeMillis() - start) + &quot;ms&quot;);\\012    }\\012}, &quot;&quot;, 64000000))<SUB>2</SUB>>", "29": "<(&lt;operator&gt;.assignment,&lt;empty&gt;)>", "31": "<(&lt;operator&gt;.alloc,new Runnable() {\\012\\012    @Override\\012    public void run() {\\012        long start = System.currentTimeMillis();\\012        String debug = args.length &gt; 0 ? args[0] : null;\\012        if (debug != null) {\\012            try {\\012                is = java.nio.file.Files.newInputStream(java.nio.file.Paths.get(debug));\\012            } catch (Exception e) {\\012                throw new RuntimeException(e);\\012            }\\012        }\\012        reader = new java.io.BufferedReader(new java.io.InputStreamReader(is), 32768);\\012        solve();\\012        out.flush();\\012        tr((System.currentTimeMillis() - start) + &quot;ms&quot;);\\012    }\\012})<SUB>2</SUB>>", "33": "<(IDENTIFIER,$obj0,new Runnable() {\\012\\012    @Override\\012    public void run() {\\012        long start = System.currentTimeMillis();\\012        String debug = args.length &gt; 0 ? args[0] : null;\\012        if (debug != null) {\\012            try {\\012                is = java.nio.file.Files.newInputStream(java.nio.file.Paths.get(debug));\\012            } catch (Exception e) {\\012                throw new RuntimeException(e);\\012            }\\012        }\\012        reader = new java.io.BufferedReader(new java.io.InputStreamReader(is), 32768);\\012        solve();\\012        out.flush();\\012        tr((System.currentTimeMillis() - start) + &quot;ms&quot;);\\012    }\\012})>", "35": "<(LITERAL,&quot;&quot;,new Thread(null, new Runnable() {\\012\\012    @Override\\012    public void run() {\\012        long start = System.currentTimeMillis();\\012        String debug = args.length &gt; 0 ? args[0] : null;\\012        if (debug != null) {\\012            try {\\012                is = java.nio.file.Files.newInputStream(java.nio.file.Paths.get(debug));\\012            } catch (Exception e) {\\012                throw new RuntimeException(e);\\012            }\\012        }\\012        reader = new java.io.BufferedReader(new java.io.InputStreamReader(is), 32768);\\012        solve();\\012        out.flush();\\012        tr((System.currentTimeMillis() - start) + &quot;ms&quot;);\\012    }\\012}, &quot;&quot;, 64000000))<SUB>19</SUB>>", "37": "<(IDENTIFIER,$obj1,&lt;empty&gt;)>", "39": "<(MODIFIER,STATIC)>"}}