{"edges": [["19", "21"], ["19", "111"], ["19", "112"], ["19", "113"], ["21", "22"], ["21", "4"], ["21", "29"], ["21", "32"], ["21", "36"], ["21", "107"], ["21", "109"], ["22", "23"], ["22", "24"], ["24", "25"], ["24", "28"], ["25", "26"], ["25", "27"], ["29", "30"], ["29", "31"], ["32", "3"], ["32", "33"], ["33", "34"], ["33", "35"], ["36", "37"], ["36", "38"], ["36", "56"], ["38", "39"], ["38", "42"], ["38", "54"], ["39", "40"], ["39", "41"], ["42", "43"], ["42", "44"], ["44", "45"], ["44", "48"], ["44", "53"], ["45", "46"], ["45", "47"], ["48", "49"], ["48", "50"], ["50", "51"], ["50", "52"], ["54", "55"], ["56", "57"], ["57", "58"], ["57", "61"], ["57", "83"], ["57", "84"], ["57", "88"], ["57", "99"], ["58", "59"], ["58", "60"], ["61", "62"], ["61", "63"], ["63", "64"], ["63", "67"], ["63", "82"], ["64", "65"], ["64", "66"], ["67", "68"], ["67", "69"], ["69", "70"], ["69", "73"], ["69", "81"], ["70", "71"], ["70", "72"], ["73", "74"], ["73", "75"], ["75", "76"], ["75", "80"], ["76", "77"], ["77", "78"], ["77", "79"], ["84", "85"], ["84", "86"], ["86", "87"], ["88", "89"], ["88", "91"], ["89", "90"], ["91", "92"], ["91", "94"], ["91", "96"], ["92", "93"], ["94", "95"], ["96", "97"], ["96", "98"], ["99", "100"], ["99", "101"], ["101", "102"], ["101", "103"], ["103", "104"], ["103", "106"], ["104", "105"], ["107", "108"], ["109", "110"], ["22", "31"], ["29", "35"], ["32", "37"], ["107", "109"], ["109", "113"], ["24", "22"], ["31", "29"], ["33", "32"], ["37", "41"], ["37", "60"], ["25", "24"], ["35", "33"], ["39", "47"], ["42", "54"], ["54", "107"], ["41", "39"], ["58", "66"], ["61", "86"], ["84", "89"], ["99", "107"], ["45", "52"], ["48", "42"], ["60", "58"], ["86", "84"], ["89", "92"], ["89", "104"], ["101", "99"], ["47", "45"], ["50", "48"], ["64", "72"], ["67", "61"], ["92", "94"], ["94", "96"], ["96", "89"], ["103", "101"], ["52", "50"], ["66", "64"], ["104", "103"], ["70", "79"], ["73", "67"], ["72", "70"], ["75", "73"], ["76", "75"], ["77", "76"], ["79", "77"], ["19", "25"], ["20", "113"], ["25", "113"], ["24", "113"], ["22", "113"], ["22", "113"], ["29", "113"], ["32", "113"], ["32", "113"], ["58", "113"], ["67", "113"], ["70", "113"], ["73", "113"], ["76", "113"], ["75", "113"], ["73", "113"], ["73", "113"], ["67", "113"], ["61", "113"], ["84", "113"], ["89", "113"], ["104", "113"], ["103", "113"], ["103", "113"], ["101", "113"], ["99", "113"], ["99", "113"], ["92", "113"], ["94", "113"], ["96", "113"], ["39", "113"], ["45", "113"], ["48", "113"], ["48", "113"], ["48", "113"], ["42", "113"], ["54", "113"], ["107", "113"], ["109", "113"], ["109", "113"], ["22", "113"], ["19", "20"], ["24", "22"], ["24", "22"], ["19", "29"], ["29", "32"], ["19", "32"], ["25", "32"], ["19", "37"], ["99", "107"], ["54", "107"], ["19", "107"], ["61", "109"], ["42", "109"], ["19", "109"], ["25", "24"], ["25", "24"], ["19", "24"], ["19", "39"], ["19", "25"], ["39", "42"], ["19", "42"], ["45", "42"], ["48", "42"], ["32", "54"], ["19", "54"], ["19", "58"], ["86", "84"], ["19", "45"], ["19", "53"], ["58", "61"], ["19", "61"], ["70", "61"], ["67", "61"], ["89", "99"], ["19", "99"], ["103", "99"], ["103", "99"], ["45", "48"], ["19", "48"], ["25", "48"], ["19", "64"], ["19", "82"], ["25", "86"], ["32", "86"], ["19", "86"], ["32", "89"], ["96", "89"], ["19", "89"], ["19", "101"], ["103", "101"], ["103", "101"], ["64", "67"], ["19", "67"], ["70", "67"], ["73", "67"], ["89", "92"], ["19", "92"], ["92", "94"], ["19", "94"], ["94", "96"], ["19", "96"], ["104", "103"], ["84", "103"], ["19", "103"], ["19", "70"], ["19", "81"], ["86", "104"], ["19", "104"], ["70", "73"], ["19", "73"], ["76", "73"], ["76", "75"], ["19", "75"], ["37", "47"], ["37", "48"], ["37", "60"], ["37", "73"], ["37", "77"], ["37", "64"], ["37", "42"], ["37", "89"], ["37", "66"], ["37", "75"], ["37", "52"], ["37", "99"], ["37", "84"], ["37", "72"], ["37", "103"], ["37", "67"], ["37", "104"], ["37", "45"], ["37", "76"], ["37", "50"], ["37", "101"], ["37", "54"], ["37", "79"], ["37", "58"], ["37", "61"], ["37", "41"], ["37", "70"], ["37", "39"], ["37", "86"], ["89", "94"], ["89", "96"], ["89", "89"], ["89", "92"]], "features": {"19": "<(METHOD,main)<SUB>1</SUB>>", "21": "<(BLOCK,&lt;empty&gt;,&lt;empty&gt;)<SUB>1</SUB>>", "23": "<(IDENTIFIER,OJ,OJ = System.getProperty(&quot;ONLINE_JUDGE&quot;) != null)<SUB>2</SUB>>", "25": "<(getProperty,System.getProperty(&quot;ONLINE_JUDGE&quot;))<SUB>2</SUB>>", "27": "<(LITERAL,&quot;ONLINE_JUDGE&quot;,System.getProperty(&quot;ONLINE_JUDGE&quot;))<SUB>2</SUB>>", "4": "<(LOCAL,C solution: ANY)<SUB>3</SUB>>", "30": "<(IDENTIFIER,solution,ANY solution = new C(System.out))<SUB>3</SUB>>", "32": "<(&lt;init&gt;,new C(System.out))<SUB>3</SUB>>", "33": "<(&lt;operator&gt;.fieldAccess,System.out)<SUB>3</SUB>>", "35": "<(FIELD_IDENTIFIER,out,out)<SUB>3</SUB>>", "37": "<(IDENTIFIER,OJ,if (OJ))<SUB>4</SUB>>", "39": "<(&lt;operator&gt;.assignment,reader = new BufferedReader(new InputStreamReader(System.in)))<SUB>5</SUB>>", "41": "<(&lt;operator&gt;.alloc,new BufferedReader(new InputStreamReader(System.in)))<SUB>5</SUB>>", "43": "<(IDENTIFIER,reader,new BufferedReader(new InputStreamReader(System.in)))<SUB>5</SUB>>", "45": "<(&lt;operator&gt;.assignment,&lt;empty&gt;)>", "47": "<(&lt;operator&gt;.alloc,new InputStreamReader(System.in))<SUB>5</SUB>>", "49": "<(IDENTIFIER,$obj1,new InputStreamReader(System.in))>", "51": "<(IDENTIFIER,System,new InputStreamReader(System.in))<SUB>5</SUB>>", "53": "<(IDENTIFIER,$obj1,&lt;empty&gt;)>", "55": "<(IDENTIFIER,solution,run())<SUB>6</SUB>>", "57": "<(BLOCK,&lt;empty&gt;,&lt;empty&gt;)<SUB>7</SUB>>", "59": "<(IDENTIFIER,reader,reader = new BufferedReader(new FileReader(new File(C.class.getName() + &quot;.txt&quot;))))<SUB>8</SUB>>", "61": "<(&lt;init&gt;,new BufferedReader(new FileReader(new File(C.class.getName() + &quot;.txt&quot;))))<SUB>8</SUB>>", "63": "<(BLOCK,&lt;empty&gt;,&lt;empty&gt;)<SUB>8</SUB>>", "65": "<(IDENTIFIER,$obj4,&lt;empty&gt;)>", "67": "<(&lt;init&gt;,new FileReader(new File(C.class.getName() + &quot;.txt&quot;)))<SUB>8</SUB>>", "69": "<(BLOCK,&lt;empty&gt;,&lt;empty&gt;)<SUB>8</SUB>>", "71": "<(IDENTIFIER,$obj3,&lt;empty&gt;)>", "73": "<(&lt;init&gt;,new File(C.class.getName() + &quot;.txt&quot;))<SUB>8</SUB>>", "75": "<(&lt;operator&gt;.addition,C.class.getName() + &quot;.txt&quot;)<SUB>8</SUB>>", "77": "<(&lt;operator&gt;.fieldAccess,C.class)<SUB>8</SUB>>", "79": "<(FIELD_IDENTIFIER,class,class)<SUB>8</SUB>>", "81": "<(IDENTIFIER,$obj3,&lt;empty&gt;)>", "83": "<(LOCAL,long timeout: long)<SUB>9</SUB>>", "85": "<(IDENTIFIER,timeout,long timeout = System.currentTimeMillis())<SUB>9</SUB>>", "87": "<(IDENTIFIER,System,System.currentTimeMillis())<SUB>9</SUB>>", "89": "<(hasNext,hasNext())<SUB>10</SUB>>", "91": "<(BLOCK,&lt;empty&gt;,&lt;empty&gt;)<SUB>10</SUB>>", "93": "<(IDENTIFIER,solution,run())<SUB>11</SUB>>", "95": "<(IDENTIFIER,solution,println())<SUB>12</SUB>>", "97": "<(IDENTIFIER,solution,println(&quot;----------------------------------&quot;))<SUB>13</SUB>>", "99": "<(println,println(&quot;time: &quot; + (System.currentTimeMillis() - timeout)))<SUB>15</SUB>>", "101": "<(&lt;operator&gt;.addition,&quot;time: &quot; + (System.currentTimeMillis() - timeout))<SUB>15</SUB>>", "103": "<(&lt;operator&gt;.subtraction,System.currentTimeMillis() - timeout)<SUB>15</SUB>>", "105": "<(IDENTIFIER,System,System.currentTimeMillis())<SUB>15</SUB>>", "107": "<(close,close())<SUB>17</SUB>>", "109": "<(close,close())<SUB>18</SUB>>", "111": "<(MODIFIER,PUBLIC)>", "113": "<(METHOD_RETURN,void)<SUB>1</SUB>>"}}