{"edges": [["21", "22"], ["21", "23"], ["21", "92"], ["21", "93"], ["21", "94"], ["23", "4"], ["23", "24"], ["23", "27"], ["23", "6"], ["23", "31"], ["23", "34"], ["23", "35"], ["23", "36"], ["23", "40"], ["23", "41"], ["23", "45"], ["24", "25"], ["24", "26"], ["27", "3"], ["27", "28"], ["28", "29"], ["28", "30"], ["31", "32"], ["31", "33"], ["34", "5"], ["36", "37"], ["36", "38"], ["38", "39"], ["41", "42"], ["41", "43"], ["43", "44"], ["45", "46"], ["45", "49"], ["45", "55"], ["46", "47"], ["46", "48"], ["49", "50"], ["50", "51"], ["50", "54"], ["51", "52"], ["51", "53"], ["55", "56"], ["56", "57"], ["56", "58"], ["56", "65"], ["56", "66"], ["56", "75"], ["56", "76"], ["56", "83"], ["58", "59"], ["58", "60"], ["60", "61"], ["60", "62"], ["60", "63"], ["60", "64"], ["66", "67"], ["66", "68"], ["68", "69"], ["68", "74"], ["69", "70"], ["69", "73"], ["70", "71"], ["70", "72"], ["76", "77"], ["76", "78"], ["78", "79"], ["78", "82"], ["79", "80"], ["79", "81"], ["83", "84"], ["83", "87"], ["84", "85"], ["84", "86"], ["87", "88"], ["87", "91"], ["88", "89"], ["88", "90"], ["24", "30"], ["27", "33"], ["31", "34"], ["34", "38"], ["36", "43"], ["41", "46"], ["26", "24"], ["28", "27"], ["33", "31"], ["38", "36"], ["43", "41"], ["46", "53"], ["46", "60"], ["30", "28"], ["50", "94"], ["51", "50"], ["58", "70"], ["66", "79"], ["76", "86"], ["83", "94"], ["53", "51"], ["60", "58"], ["68", "66"], ["78", "76"], ["84", "88"], ["87", "83"], ["69", "68"], ["79", "78"], ["86", "84"], ["88", "87"], ["70", "69"], ["21", "26"], ["22", "94"], ["24", "94"], ["27", "94"], ["27", "94"], ["31", "94"], ["34", "94"], ["34", "94"], ["36", "94"], ["41", "94"], ["43", "94"], ["41", "94"], ["41", "94"], ["46", "94"], ["46", "94"], ["50", "94"], ["50", "94"], ["21", "22"], ["21", "24"], ["21", "31"], ["38", "36"], ["43", "41"], ["24", "27"], ["21", "27"], ["31", "34"], ["21", "34"], ["27", "38"], ["21", "38"], ["38", "43"], ["21", "43"], ["36", "46"], ["21", "46"], ["21", "50"], ["60", "58"], ["60", "58"], ["60", "58"], ["60", "58"], ["68", "66"], ["68", "66"], ["78", "76"], ["78", "76"], ["87", "83"], ["87", "83"], ["34", "60"], ["21", "60"], ["41", "60"], ["69", "68"], ["69", "68"], ["21", "68"], ["79", "78"], ["79", "78"], ["21", "78"], ["76", "87"], ["21", "87"], ["70", "69"], ["70", "69"], ["21", "69"], ["66", "79"], ["21", "79"], ["58", "79"], ["76", "88"], ["21", "88"], ["21", "70"], ["46", "70"], ["46", "58"], ["46", "68"], ["46", "60"], ["46", "51"], ["46", "83"], ["46", "66"], ["46", "84"], ["46", "53"], ["46", "69"], ["46", "88"], ["46", "70"], ["46", "76"], ["46", "50"], ["46", "87"], ["46", "78"], ["46", "79"], ["46", "86"]], "features": {"21": "<(METHOD,main)<SUB>1</SUB>>", "23": "<(BLOCK,&lt;empty&gt;,&lt;empty&gt;)<SUB>1</SUB>>", "24": "<(&lt;operator&gt;.assignment,ANY sc = new Scanner(System.in))<SUB>3</SUB>>", "26": "<(&lt;operator&gt;.alloc,new Scanner(System.in))<SUB>3</SUB>>", "3": "<(IDENTIFIER,sc,new Scanner(System.in))<SUB>3</SUB>>", "29": "<(IDENTIFIER,System,new Scanner(System.in))<SUB>3</SUB>>", "6": "<(LOCAL,Main mm: Main)<SUB>4</SUB>>", "32": "<(IDENTIFIER,mm,Main mm = new Main())<SUB>4</SUB>>", "34": "<(&lt;init&gt;,new Main())<SUB>4</SUB>>", "35": "<(LOCAL,long x: long)<SUB>5</SUB>>", "37": "<(IDENTIFIER,x,long x = nextLong())<SUB>5</SUB>>", "39": "<(IDENTIFIER,sc,nextLong())<SUB>5</SUB>>", "41": "<(&lt;operator&gt;.assignment,long k = nextLong())<SUB>6</SUB>>", "43": "<(nextLong,nextLong())<SUB>6</SUB>>", "45": "<(CONTROL_STRUCTURE,if (x == 0),if (x == 0))<SUB>7</SUB>>", "47": "<(IDENTIFIER,x,x == 0)<SUB>7</SUB>>", "49": "<(BLOCK,&lt;empty&gt;,&lt;empty&gt;)<SUB>7</SUB>>", "51": "<(&lt;operator&gt;.fieldAccess,System.out)<SUB>8</SUB>>", "53": "<(FIELD_IDENTIFIER,out,out)<SUB>8</SUB>>", "55": "<(CONTROL_STRUCTURE,else,else)<SUB>10</SUB>>", "57": "<(LOCAL,long temp: long)<SUB>11</SUB>>", "59": "<(IDENTIFIER,temp,long temp = power(2, k, 1000000007))<SUB>11</SUB>>", "61": "<(IDENTIFIER,mm,power(2, k, 1000000007))<SUB>11</SUB>>", "63": "<(IDENTIFIER,k,power(2, k, 1000000007))<SUB>11</SUB>>", "65": "<(LOCAL,long temp1: long)<SUB>12</SUB>>", "67": "<(IDENTIFIER,temp1,long temp1 = (2 * x - 1) % (1000000007))<SUB>12</SUB>>", "69": "<(&lt;operator&gt;.subtraction,2 * x - 1)<SUB>12</SUB>>", "71": "<(LITERAL,2,2 * x)<SUB>12</SUB>>", "73": "<(LITERAL,1,2 * x - 1)<SUB>12</SUB>>", "75": "<(LOCAL,long temp3: long)<SUB>13</SUB>>", "77": "<(IDENTIFIER,temp3,long temp3 = (temp1 * temp) % (1000000007))<SUB>13</SUB>>", "79": "<(&lt;operator&gt;.multiplication,temp1 * temp)<SUB>13</SUB>>", "81": "<(IDENTIFIER,temp,temp1 * temp)<SUB>13</SUB>>", "83": "<(println,System.out.println((temp3 + 1) % 1000000007))<SUB>14</SUB>>", "85": "<(IDENTIFIER,System,System.out.println((temp3 + 1) % 1000000007))<SUB>14</SUB>>", "87": "<(&lt;operator&gt;.modulo,(temp3 + 1) % 1000000007)<SUB>14</SUB>>", "89": "<(IDENTIFIER,temp3,temp3 + 1)<SUB>14</SUB>>", "91": "<(LITERAL,1000000007,(temp3 + 1) % 1000000007)<SUB>14</SUB>>", "93": "<(MODIFIER,STATIC)>"}}