{"edges": [["17", "18"], ["17", "19"], ["17", "122"], ["17", "123"], ["17", "124"], ["19", "20"], ["19", "21"], ["19", "25"], ["19", "26"], ["19", "30"], ["19", "31"], ["19", "38"], ["19", "39"], ["19", "42"], ["19", "43"], ["19", "50"], ["19", "55"], ["19", "56"], ["19", "59"], ["19", "60"], ["19", "63"], ["19", "96"], ["19", "101"], ["19", "104"], ["19", "107"], ["19", "120"], ["21", "22"], ["21", "23"], ["23", "24"], ["26", "27"], ["26", "28"], ["28", "29"], ["31", "32"], ["31", "33"], ["33", "34"], ["33", "37"], ["34", "35"], ["34", "36"], ["39", "40"], ["39", "41"], ["43", "44"], ["43", "45"], ["45", "46"], ["45", "49"], ["46", "47"], ["46", "48"], ["50", "51"], ["50", "52"], ["52", "53"], ["52", "54"], ["56", "57"], ["56", "58"], ["60", "61"], ["60", "62"], ["63", "64"], ["63", "67"], ["64", "65"], ["64", "66"], ["67", "68"], ["67", "83"], ["67", "88"], ["67", "91"], ["68", "69"], ["68", "74"], ["69", "70"], ["69", "73"], ["70", "71"], ["70", "72"], ["74", "75"], ["74", "80"], ["75", "76"], ["75", "77"], ["77", "78"], ["77", "79"], ["80", "81"], ["80", "82"], ["83", "84"], ["83", "85"], ["85", "86"], ["85", "87"], ["88", "89"], ["88", "90"], ["91", "92"], ["91", "93"], ["93", "94"], ["93", "95"], ["96", "97"], ["96", "98"], ["98", "99"], ["98", "100"], ["101", "102"], ["101", "103"], ["104", "105"], ["104", "106"], ["107", "108"], ["107", "111"], ["107", "116"], ["108", "109"], ["108", "110"], ["111", "112"], ["111", "113"], ["113", "114"], ["113", "115"], ["116", "117"], ["117", "118"], ["117", "119"], ["120", "121"], ["21", "28"], ["26", "35"], ["31", "39"], ["39", "46"], ["43", "52"], ["50", "56"], ["56", "60"], ["60", "64"], ["96", "101"], ["101", "104"], ["104", "108"], ["120", "124"], ["23", "21"], ["28", "26"], ["33", "31"], ["45", "43"], ["52", "50"], ["64", "70"], ["64", "98"], ["98", "96"], ["108", "113"], ["108", "117"], ["111", "120"], ["34", "33"], ["46", "45"], ["83", "88"], ["88", "93"], ["91", "64"], ["113", "111"], ["117", "120"], ["35", "34"], ["69", "77"], ["69", "85"], ["85", "83"], ["93", "91"], ["70", "69"], ["75", "80"], ["80", "85"], ["77", "75"], ["17", "23"], ["18", "124"], ["21", "124"], ["28", "124"], ["26", "124"], ["26", "124"], ["33", "124"], ["31", "124"], ["31", "124"], ["39", "124"], ["45", "124"], ["43", "124"], ["43", "124"], ["50", "124"], ["50", "124"], ["56", "124"], ["56", "124"], ["60", "124"], ["60", "124"], ["64", "124"], ["64", "124"], ["98", "124"], ["96", "124"], ["96", "124"], ["101", "124"], ["104", "124"], ["104", "124"], ["108", "124"], ["108", "124"], ["117", "124"], ["113", "124"], ["113", "124"], ["111", "124"], ["111", "124"], ["120", "124"], ["120", "124"], ["69", "124"], ["69", "124"], ["75", "124"], ["75", "124"], ["83", "124"], ["83", "124"], ["88", "124"], ["91", "124"], ["91", "124"], ["17", "18"], ["23", "21"], ["28", "26"], ["17", "31"], ["17", "39"], ["45", "43"], ["45", "43"], ["52", "50"], ["52", "50"], ["26", "56"], ["17", "56"], ["17", "60"], ["98", "96"], ["98", "96"], ["52", "101"], ["17", "101"], ["17", "104"], ["96", "101"], ["101", "104"], ["117", "120"], ["111", "120"], ["17", "120"], ["17", "23"], ["23", "28"], ["17", "28"], ["17", "33"], ["46", "45"], ["46", "45"], ["17", "45"], ["43", "52"], ["17", "52"], ["31", "52"], ["56", "64"], ["91", "64"], ["17", "64"], ["85", "83"], ["52", "88"], ["17", "88"], ["93", "91"], ["93", "91"], ["39", "98"], ["80", "98"], ["17", "98"], ["50", "98"], ["46", "108"], ["17", "108"], ["17", "111"], ["113", "111"], ["113", "111"], ["17", "34"], ["17", "46"], ["21", "46"], ["83", "88"], ["104", "113"], ["17", "113"], ["52", "113"], ["17", "117"], ["70", "69"], ["70", "69"], ["17", "69"], ["77", "75"], ["77", "75"], ["52", "80"], ["17", "80"], ["60", "85"], ["77", "85"], ["88", "85"], ["17", "85"], ["70", "93"], ["17", "93"], ["64", "70"], ["17", "70"], ["75", "80"], ["39", "77"], ["80", "77"], ["17", "77"], ["60", "77"], ["88", "77"], ["64", "64"], ["64", "83"], ["64", "85"], ["64", "69"], ["64", "88"], ["64", "70"], ["64", "91"], ["64", "93"], ["108", "113"], ["108", "117"], ["108", "111"], ["69", "80"], ["69", "77"], ["69", "75"]], "features": {"17": "<(METHOD,main)<SUB>1</SUB>>", "19": "<(BLOCK,&lt;empty&gt;,&lt;empty&gt;)<SUB>1</SUB>>", "21": "<(&lt;operator&gt;.assignment,long x = nextLong())<SUB>2</SUB>>", "23": "<(nextLong,nextLong())<SUB>2</SUB>>", "25": "<(LOCAL,long k: long)<SUB>3</SUB>>", "27": "<(IDENTIFIER,k,long k = nextLong())<SUB>3</SUB>>", "29": "<(IDENTIFIER,in,nextLong())<SUB>3</SUB>>", "31": "<(&lt;operator&gt;.assignment,long mod = (long) 1e9 + 7l)<SUB>4</SUB>>", "33": "<(&lt;operator&gt;.addition,(long) 1e9 + 7l)<SUB>4</SUB>>", "35": "<(TYPE_REF,long,long)<SUB>4</SUB>>", "37": "<(LITERAL,7l,(long) 1e9 + 7l)<SUB>4</SUB>>", "39": "<(&lt;operator&gt;.assignment,long mul1 = 1)<SUB>6</SUB>>", "41": "<(LITERAL,1,long mul1 = 1)<SUB>6</SUB>>", "43": "<(&lt;operator&gt;.assignment,long mul2 = 2 * x - 1)<SUB>7</SUB>>", "45": "<(&lt;operator&gt;.subtraction,2 * x - 1)<SUB>7</SUB>>", "47": "<(LITERAL,2,2 * x)<SUB>7</SUB>>", "49": "<(LITERAL,1,2 * x - 1)<SUB>7</SUB>>", "51": "<(IDENTIFIER,mul2,mul2 = mul2 % mod)<SUB>8</SUB>>", "53": "<(IDENTIFIER,mul2,mul2 % mod)<SUB>8</SUB>>", "55": "<(LOCAL,long pow: long)<SUB>9</SUB>>", "57": "<(IDENTIFIER,pow,long pow = k)<SUB>9</SUB>>", "59": "<(LOCAL,long to: long)<SUB>10</SUB>>", "61": "<(IDENTIFIER,to,long to = 2)<SUB>10</SUB>>", "63": "<(CONTROL_STRUCTURE,while (pow &gt; 0l),while (pow &gt; 0l))<SUB>11</SUB>>", "65": "<(IDENTIFIER,pow,pow &gt; 0l)<SUB>11</SUB>>", "67": "<(BLOCK,&lt;empty&gt;,&lt;empty&gt;)<SUB>11</SUB>>", "69": "<(&lt;operator&gt;.equals,pow % 2l == 1l)<SUB>12</SUB>>", "71": "<(IDENTIFIER,pow,pow % 2l)<SUB>12</SUB>>", "73": "<(LITERAL,1l,pow % 2l == 1l)<SUB>12</SUB>>", "75": "<(&lt;operator&gt;.assignment,mul1 = mul1 * to)<SUB>13</SUB>>", "77": "<(&lt;operator&gt;.multiplication,mul1 * to)<SUB>13</SUB>>", "79": "<(IDENTIFIER,to,mul1 * to)<SUB>13</SUB>>", "81": "<(IDENTIFIER,mul1,mul1 %= mod)<SUB>14</SUB>>", "83": "<(&lt;operator&gt;.assignment,to = to * to)<SUB>16</SUB>>", "85": "<(&lt;operator&gt;.multiplication,to * to)<SUB>16</SUB>>", "87": "<(IDENTIFIER,to,to * to)<SUB>16</SUB>>", "89": "<(IDENTIFIER,to,to %= mod)<SUB>17</SUB>>", "91": "<(&lt;operator&gt;.assignment,pow = pow / 2l)<SUB>18</SUB>>", "93": "<(&lt;operator&gt;.division,pow / 2l)<SUB>18</SUB>>", "95": "<(LITERAL,2l,pow / 2l)<SUB>18</SUB>>", "97": "<(IDENTIFIER,mul1,mul1 = mul1 * mul2)<SUB>20</SUB>>", "99": "<(IDENTIFIER,mul1,mul1 * mul2)<SUB>20</SUB>>", "101": "<(&lt;operators&gt;.assignmentModulo,mul1 %= mod)<SUB>21</SUB>>", "103": "<(IDENTIFIER,mod,mul1 %= mod)<SUB>21</SUB>>", "105": "<(IDENTIFIER,mul1,mul1 += 1)<SUB>22</SUB>>", "107": "<(CONTROL_STRUCTURE,if (x != 0),if (x != 0))<SUB>23</SUB>>", "109": "<(IDENTIFIER,x,x != 0)<SUB>23</SUB>>", "111": "<(println,println(mul1 % mod))<SUB>24</SUB>>", "113": "<(&lt;operator&gt;.modulo,mul1 % mod)<SUB>24</SUB>>", "115": "<(IDENTIFIER,mod,mul1 % mod)<SUB>24</SUB>>", "117": "<(println,println(0))<SUB>26</SUB>>", "119": "<(LITERAL,0,println(0))<SUB>26</SUB>>", "121": "<(IDENTIFIER,out,close())<SUB>28</SUB>>", "123": "<(MODIFIER,STATIC)>"}}