{"edges": [["19", "20"], ["19", "21"], ["19", "100"], ["19", "101"], ["19", "102"], ["21", "4"], ["21", "22"], ["21", "25"], ["21", "29"], ["21", "30"], ["21", "34"], ["21", "35"], ["21", "39"], ["21", "40"], ["21", "43"], ["21", "54"], ["21", "57"], ["21", "58"], ["21", "66"], ["21", "67"], ["21", "73"], ["21", "74"], ["21", "85"], ["21", "93"], ["22", "23"], ["22", "24"], ["25", "3"], ["25", "26"], ["26", "27"], ["26", "28"], ["30", "31"], ["30", "32"], ["32", "33"], ["35", "36"], ["35", "37"], ["37", "38"], ["40", "41"], ["40", "42"], ["43", "44"], ["43", "47"], ["44", "45"], ["44", "46"], ["47", "48"], ["47", "53"], ["48", "49"], ["48", "52"], ["49", "50"], ["49", "51"], ["54", "55"], ["54", "56"], ["58", "59"], ["58", "60"], ["60", "61"], ["60", "62"], ["60", "63"], ["63", "64"], ["63", "65"], ["67", "68"], ["67", "69"], ["69", "70"], ["69", "71"], ["69", "72"], ["74", "75"], ["74", "76"], ["76", "77"], ["76", "84"], ["77", "78"], ["77", "83"], ["78", "79"], ["78", "82"], ["79", "80"], ["79", "81"], ["85", "86"], ["85", "89"], ["86", "87"], ["86", "88"], ["89", "90"], ["90", "91"], ["90", "92"], ["93", "94"], ["93", "97"], ["94", "95"], ["94", "96"], ["97", "98"], ["97", "99"], ["22", "28"], ["25", "32"], ["30", "37"], ["35", "40"], ["40", "44"], ["54", "63"], ["58", "69"], ["67", "79"], ["74", "86"], ["93", "102"], ["24", "22"], ["26", "25"], ["32", "30"], ["37", "35"], ["44", "51"], ["44", "54"], ["60", "58"], ["69", "67"], ["76", "74"], ["86", "90"], ["86", "96"], ["94", "97"], ["97", "93"], ["28", "26"], ["48", "53"], ["53", "102"], ["63", "60"], ["77", "76"], ["90", "96"], ["96", "94"], ["49", "48"], ["78", "77"], ["51", "49"], ["79", "78"], ["19", "24"], ["53", "102"], ["20", "102"], ["22", "102"], ["25", "102"], ["25", "102"], ["30", "102"], ["35", "102"], ["37", "102"], ["35", "102"], ["35", "102"], ["40", "102"], ["40", "102"], ["44", "102"], ["44", "102"], ["48", "102"], ["48", "102"], ["19", "20"], ["19", "22"], ["32", "30"], ["37", "35"], ["19", "40"], ["40", "54"], ["19", "54"], ["60", "58"], ["60", "58"], ["60", "58"], ["69", "67"], ["69", "67"], ["69", "67"], ["77", "74"], ["77", "74"], ["19", "74"], ["22", "25"], ["19", "25"], ["44", "54"], ["97", "93"], ["97", "93"], ["25", "32"], ["19", "32"], ["32", "37"], ["19", "37"], ["30", "44"], ["19", "44"], ["19", "53"], ["19", "60"], ["35", "60"], ["60", "69"], ["19", "69"], ["35", "69"], ["77", "76"], ["77", "76"], ["19", "76"], ["74", "86"], ["19", "86"], ["78", "90"], ["19", "90"], ["86", "97"], ["90", "97"], ["19", "97"], ["78", "97"], ["19", "48"], ["35", "63"], ["19", "63"], ["78", "77"], ["78", "77"], ["67", "77"], ["19", "77"], ["86", "90"], ["79", "78"], ["79", "78"], ["19", "78"], ["40", "78"], ["58", "79"], ["19", "79"], ["54", "79"], ["44", "94"], ["44", "48"], ["44", "58"], ["44", "49"], ["44", "60"], ["44", "96"], ["44", "77"], ["44", "51"], ["44", "53"], ["44", "69"], ["44", "67"], ["44", "74"], ["44", "63"], ["44", "76"], ["44", "97"], ["44", "93"], ["44", "78"], ["44", "54"], ["44", "79"], ["44", "86"], ["86", "90"]], "features": {"19": "<(METHOD,main)<SUB>1</SUB>>", "21": "<(BLOCK,&lt;empty&gt;,&lt;empty&gt;)<SUB>2</SUB>>", "22": "<(&lt;operator&gt;.assignment,ANY scan = new Scanner(System.in))<SUB>3</SUB>>", "24": "<(&lt;operator&gt;.alloc,new Scanner(System.in))<SUB>3</SUB>>", "3": "<(IDENTIFIER,scan,new Scanner(System.in))<SUB>3</SUB>>", "27": "<(IDENTIFIER,System,new Scanner(System.in))<SUB>3</SUB>>", "29": "<(LOCAL,long x: long)<SUB>4</SUB>>", "31": "<(IDENTIFIER,x,long x = nextLong())<SUB>4</SUB>>", "33": "<(IDENTIFIER,scan,nextLong())<SUB>4</SUB>>", "35": "<(&lt;operator&gt;.assignment,long k = nextLong())<SUB>5</SUB>>", "37": "<(nextLong,nextLong())<SUB>5</SUB>>", "39": "<(LOCAL,long MOD: long)<SUB>6</SUB>>", "41": "<(IDENTIFIER,MOD,long MOD = 1000000007)<SUB>6</SUB>>", "43": "<(CONTROL_STRUCTURE,if (x == 0),if (x == 0))<SUB>7</SUB>>", "45": "<(IDENTIFIER,x,x == 0)<SUB>7</SUB>>", "47": "<(BLOCK,&lt;empty&gt;,&lt;empty&gt;)<SUB>7</SUB>>", "49": "<(&lt;operator&gt;.fieldAccess,System.out)<SUB>7</SUB>>", "51": "<(FIELD_IDENTIFIER,out,out)<SUB>7</SUB>>", "53": "<(RETURN,return;,return;)<SUB>7</SUB>>", "55": "<(IDENTIFIER,x,x %= MOD)<SUB>8</SUB>>", "57": "<(LOCAL,long a: long)<SUB>9</SUB>>", "59": "<(IDENTIFIER,a,long a = pow(2L, k + 1))<SUB>9</SUB>>", "61": "<(IDENTIFIER,this,pow(2L, k + 1))<SUB>9</SUB>>", "63": "<(&lt;operator&gt;.addition,k + 1)<SUB>9</SUB>>", "65": "<(LITERAL,1,k + 1)<SUB>9</SUB>>", "67": "<(&lt;operator&gt;.assignment,long b = pow(2L, k))<SUB>10</SUB>>", "69": "<(pow,pow(2L, k))<SUB>10</SUB>>", "71": "<(LITERAL,2L,pow(2L, k))<SUB>10</SUB>>", "73": "<(LOCAL,long res: long)<SUB>11</SUB>>", "75": "<(IDENTIFIER,res,long res = (a * x) % MOD - b + 1)<SUB>11</SUB>>", "77": "<(&lt;operator&gt;.subtraction,(a * x) % MOD - b)<SUB>11</SUB>>", "79": "<(&lt;operator&gt;.multiplication,a * x)<SUB>11</SUB>>", "81": "<(IDENTIFIER,x,a * x)<SUB>11</SUB>>", "83": "<(IDENTIFIER,b,(a * x) % MOD - b)<SUB>11</SUB>>", "85": "<(CONTROL_STRUCTURE,if (res &lt; 0),if (res &lt; 0))<SUB>12</SUB>>", "87": "<(IDENTIFIER,res,res &lt; 0)<SUB>12</SUB>>", "89": "<(BLOCK,&lt;empty&gt;,&lt;empty&gt;)<SUB>12</SUB>>", "91": "<(IDENTIFIER,res,res += MOD)<SUB>12</SUB>>", "93": "<(println,System.out.println(res % MOD))<SUB>13</SUB>>", "95": "<(IDENTIFIER,System,System.out.println(res % MOD))<SUB>13</SUB>>", "97": "<(&lt;operator&gt;.modulo,res % MOD)<SUB>13</SUB>>", "99": "<(IDENTIFIER,MOD,res % MOD)<SUB>13</SUB>>", "101": "<(MODIFIER,STATIC)>"}}