{"edges": [["21", "23"], ["21", "91"], ["21", "92"], ["21", "93"], ["23", "4"], ["23", "24"], ["23", "27"], ["23", "31"], ["23", "32"], ["23", "33"], ["23", "37"], ["23", "41"], ["23", "42"], ["23", "6"], ["23", "49"], ["23", "52"], ["23", "53"], ["23", "54"], ["23", "86"], ["24", "25"], ["24", "26"], ["27", "3"], ["27", "28"], ["28", "29"], ["28", "30"], ["33", "34"], ["33", "35"], ["35", "36"], ["37", "38"], ["37", "39"], ["39", "40"], ["42", "43"], ["42", "44"], ["44", "45"], ["44", "48"], ["45", "46"], ["45", "47"], ["49", "50"], ["49", "51"], ["52", "5"], ["54", "55"], ["54", "59"], ["55", "56"], ["55", "58"], ["56", "57"], ["59", "60"], ["59", "63"], ["59", "78"], ["60", "61"], ["60", "62"], ["63", "64"], ["63", "72"], ["64", "65"], ["64", "68"], ["65", "66"], ["65", "67"], ["68", "69"], ["68", "71"], ["69", "70"], ["72", "73"], ["72", "76"], ["73", "74"], ["73", "75"], ["76", "77"], ["78", "79"], ["78", "83"], ["79", "80"], ["79", "82"], ["80", "81"], ["83", "84"], ["83", "85"], ["86", "87"], ["86", "90"], ["87", "88"], ["87", "89"], ["24", "30"], ["27", "35"], ["33", "39"], ["37", "45"], ["42", "51"], ["49", "52"], ["52", "56"], ["86", "93"], ["26", "24"], ["28", "27"], ["35", "33"], ["39", "37"], ["44", "42"], ["51", "49"], ["55", "60"], ["55", "89"], ["87", "86"], ["30", "28"], ["45", "44"], ["56", "55"], ["60", "65"], ["89", "87"], ["64", "73"], ["64", "80"], ["79", "56"], ["79", "83"], ["83", "56"], ["65", "64"], ["65", "69"], ["68", "64"], ["73", "76"], ["76", "65"], ["80", "79"], ["69", "68"], ["21", "26"], ["22", "93"], ["24", "93"], ["27", "93"], ["27", "93"], ["33", "93"], ["39", "93"], ["37", "93"], ["37", "93"], ["42", "93"], ["45", "93"], ["44", "93"], ["42", "93"], ["42", "93"], ["49", "93"], ["52", "93"], ["55", "93"], ["55", "93"], ["55", "93"], ["86", "93"], ["86", "93"], ["86", "93"], ["60", "93"], ["65", "93"], ["65", "93"], ["64", "93"], ["64", "93"], ["83", "93"], ["73", "93"], ["76", "93"], ["21", "22"], ["21", "24"], ["35", "33"], ["39", "37"], ["44", "42"], ["44", "42"], ["21", "49"], ["24", "27"], ["21", "27"], ["49", "52"], ["21", "52"], ["56", "86"], ["21", "86"], ["27", "35"], ["21", "35"], ["35", "39"], ["21", "39"], ["45", "44"], ["45", "44"], ["21", "44"], ["56", "55"], ["45", "55"], ["79", "55"], ["21", "55"], ["21", "60"], ["33", "45"], ["21", "45"], ["37", "45"], ["52", "56"], ["80", "56"], ["83", "56"], ["21", "56"], ["65", "64"], ["65", "64"], ["68", "64"], ["68", "64"], ["55", "64"], ["80", "79"], ["55", "79"], ["68", "79"], ["21", "79"], ["80", "83"], ["21", "83"], ["60", "65"], ["76", "65"], ["21", "65"], ["42", "65"], ["69", "68"], ["55", "68"], ["21", "68"], ["56", "73"], ["69", "73"], ["21", "73"], ["65", "76"], ["21", "76"], ["56", "80"], ["69", "80"], ["73", "80"], ["21", "80"], ["56", "69"], ["73", "69"], ["21", "69"], ["55", "80"], ["55", "60"], ["55", "64"], ["55", "56"], ["55", "65"], ["55", "55"], ["55", "79"], ["64", "73"], ["64", "64"], ["64", "76"], ["64", "65"], ["79", "83"], ["65", "68"], ["65", "69"]], "features": {"21": "<(METHOD,main)<SUB>1</SUB>>", "23": "<(BLOCK,&lt;empty&gt;,&lt;empty&gt;)<SUB>1</SUB>>", "24": "<(&lt;operator&gt;.assignment,ANY sc = new Scanner(System.in))<SUB>2</SUB>>", "26": "<(&lt;operator&gt;.alloc,new Scanner(System.in))<SUB>2</SUB>>", "3": "<(IDENTIFIER,sc,new Scanner(System.in))<SUB>2</SUB>>", "29": "<(IDENTIFIER,System,new Scanner(System.in))<SUB>2</SUB>>", "31": "<(LOCAL,int n: int)<SUB>4</SUB>>", "33": "<(&lt;operator&gt;.assignment,n = nextInt())<SUB>5</SUB>>", "35": "<(nextInt,nextInt())<SUB>5</SUB>>", "37": "<(&lt;operator&gt;.assignment,k = nextInt())<SUB>6</SUB>>", "39": "<(nextInt,nextInt())<SUB>6</SUB>>", "41": "<(LOCAL,int a: int)<SUB>8</SUB>>", "43": "<(IDENTIFIER,a,int a = (n - k) / 2)<SUB>8</SUB>>", "45": "<(&lt;operator&gt;.subtraction,n - k)<SUB>8</SUB>>", "47": "<(IDENTIFIER,k,n - k)<SUB>8</SUB>>", "6": "<(LOCAL,StringBuilder s: java.lang.StringBuilder)<SUB>10</SUB>>", "50": "<(IDENTIFIER,s,StringBuilder s = new StringBuilder())<SUB>10</SUB>>", "52": "<(&lt;init&gt;,new StringBuilder())<SUB>10</SUB>>", "53": "<(LOCAL,int i: int)<SUB>12</SUB>>", "55": "<(&lt;operator&gt;.lessThan,s.length() &lt; n)<SUB>13</SUB>>", "57": "<(IDENTIFIER,s,s.length())<SUB>13</SUB>>", "59": "<(BLOCK,&lt;empty&gt;,&lt;empty&gt;)<SUB>13</SUB>>", "61": "<(IDENTIFIER,i,i = 0)<SUB>14</SUB>>", "63": "<(CONTROL_STRUCTURE,while (i &lt; a &amp;&amp; s.length() &lt; n),while (i &lt; a &amp;&amp; s.length() &lt; n))<SUB>15</SUB>>", "65": "<(&lt;operator&gt;.lessThan,i &lt; a)<SUB>15</SUB>>", "67": "<(IDENTIFIER,a,i &lt; a)<SUB>15</SUB>>", "69": "<(length,s.length())<SUB>15</SUB>>", "71": "<(IDENTIFIER,n,s.length() &lt; n)<SUB>15</SUB>>", "73": "<(append,s.append(&quot;0&quot;))<SUB>16</SUB>>", "75": "<(LITERAL,&quot;0&quot;,s.append(&quot;0&quot;))<SUB>16</SUB>>", "77": "<(IDENTIFIER,i,i++)<SUB>17</SUB>>", "79": "<(&lt;operator&gt;.lessThan,s.length() &lt; n)<SUB>19</SUB>>", "81": "<(IDENTIFIER,s,s.length())<SUB>19</SUB>>", "83": "<(append,s.append(&quot;1&quot;))<SUB>19</SUB>>", "85": "<(LITERAL,&quot;1&quot;,s.append(&quot;1&quot;))<SUB>19</SUB>>", "87": "<(&lt;operator&gt;.fieldAccess,System.out)<SUB>22</SUB>>", "89": "<(FIELD_IDENTIFIER,out,out)<SUB>22</SUB>>", "91": "<(MODIFIER,PUBLIC)>", "93": "<(METHOD_RETURN,void)<SUB>1</SUB>>"}}