{"edges": [["17", "18"], ["17", "19"], ["17", "64"], ["17", "65"], ["17", "66"], ["19", "20"], ["19", "23"], ["19", "35"], ["19", "39"], ["19", "43"], ["19", "47"], ["19", "60"], ["20", "21"], ["20", "22"], ["23", "24"], ["23", "25"], ["25", "26"], ["25", "29"], ["25", "34"], ["26", "27"], ["26", "28"], ["29", "30"], ["29", "31"], ["31", "32"], ["31", "33"], ["35", "36"], ["35", "37"], ["37", "38"], ["39", "40"], ["39", "41"], ["41", "42"], ["43", "44"], ["43", "45"], ["45", "46"], ["47", "48"], ["47", "49"], ["49", "50"], ["49", "57"], ["50", "51"], ["50", "56"], ["51", "52"], ["51", "53"], ["53", "54"], ["53", "55"], ["57", "58"], ["57", "59"], ["60", "61"], ["61", "62"], ["61", "63"], ["20", "28"], ["23", "37"], ["35", "41"], ["39", "45"], ["43", "53"], ["47", "63"], ["60", "66"], ["22", "20"], ["37", "35"], ["41", "39"], ["45", "43"], ["49", "47"], ["61", "60"], ["26", "33"], ["29", "23"], ["50", "57"], ["57", "49"], ["63", "61"], ["28", "26"], ["31", "29"], ["51", "50"], ["33", "31"], ["53", "51"], ["17", "22"], ["18", "66"], ["20", "66"], ["23", "66"], ["26", "66"], ["29", "66"], ["29", "66"], ["29", "66"], ["23", "66"], ["35", "66"], ["35", "66"], ["39", "66"], ["43", "66"], ["43", "66"], ["47", "66"], ["53", "66"], ["51", "66"], ["50", "66"], ["49", "66"], ["57", "66"], ["49", "66"], ["47", "66"], ["47", "66"], ["60", "66"], ["60", "66"], ["35", "66"], ["17", "18"], ["17", "20"], ["37", "35"], ["41", "39"], ["45", "43"], ["20", "23"], ["17", "23"], ["26", "23"], ["29", "23"], ["57", "47"], ["17", "47"], ["53", "47"], ["53", "47"], ["57", "47"], ["17", "26"], ["17", "34"], ["17", "37"], ["37", "41"], ["17", "41"], ["41", "45"], ["17", "45"], ["17", "49"], ["53", "49"], ["53", "49"], ["57", "49"], ["57", "49"], ["26", "29"], ["17", "29"], ["17", "50"], ["53", "50"], ["53", "50"], ["53", "57"], ["17", "57"], ["43", "57"], ["17", "51"], ["53", "51"], ["53", "51"], ["45", "53"], ["17", "53"], ["39", "53"]], "features": {"17": "<(METHOD,main)<SUB>1</SUB>>", "19": "<(BLOCK,&lt;empty&gt;,&lt;empty&gt;)<SUB>1</SUB>>", "21": "<(IDENTIFIER,br,br = new BufferedReader(new InputStreamReader(System.in)))<SUB>2</SUB>>", "23": "<(&lt;init&gt;,new BufferedReader(new InputStreamReader(System.in)))<SUB>2</SUB>>", "25": "<(BLOCK,&lt;empty&gt;,&lt;empty&gt;)<SUB>2</SUB>>", "27": "<(IDENTIFIER,$obj0,&lt;empty&gt;)>", "29": "<(&lt;init&gt;,new InputStreamReader(System.in))<SUB>2</SUB>>", "31": "<(&lt;operator&gt;.fieldAccess,System.in)<SUB>2</SUB>>", "33": "<(FIELD_IDENTIFIER,in,in)<SUB>2</SUB>>", "35": "<(&lt;operator&gt;.assignment,n = nextLong())<SUB>4</SUB>>", "37": "<(nextLong,nextLong())<SUB>4</SUB>>", "39": "<(&lt;operator&gt;.assignment,rect1 = find())<SUB>6</SUB>>", "41": "<(find,find())<SUB>6</SUB>>", "43": "<(&lt;operator&gt;.assignment,rect2 = find())<SUB>7</SUB>>", "45": "<(find,find())<SUB>7</SUB>>", "47": "<(print,print(&quot;! &quot; + arr(rect1) + &quot; &quot; + arr(rect2)))<SUB>8</SUB>>", "49": "<(&lt;operator&gt;.addition,&quot;! &quot; + arr(rect1) + &quot; &quot; + arr(rect2))<SUB>8</SUB>>", "51": "<(&lt;operator&gt;.addition,&quot;! &quot; + arr(rect1))<SUB>8</SUB>>", "53": "<(arr,arr(rect1))<SUB>8</SUB>>", "55": "<(IDENTIFIER,rect1,arr(rect1))<SUB>8</SUB>>", "57": "<(arr,arr(rect2))<SUB>9</SUB>>", "59": "<(IDENTIFIER,rect2,arr(rect2))<SUB>9</SUB>>", "61": "<(&lt;operator&gt;.fieldAccess,System.out)<SUB>10</SUB>>", "63": "<(FIELD_IDENTIFIER,out,out)<SUB>10</SUB>>", "65": "<(MODIFIER,STATIC)>"}}