{"edges": [["17", "18"], ["17", "19"], ["17", "42"], ["17", "43"], ["17", "44"], ["19", "20"], ["20", "21"], ["21", "22"], ["21", "25"], ["21", "41"], ["22", "23"], ["22", "24"], ["25", "26"], ["25", "27"], ["25", "28"], ["25", "35"], ["25", "36"], ["28", "29"], ["28", "32"], ["28", "34"], ["29", "30"], ["29", "31"], ["32", "33"], ["36", "37"], ["36", "38"], ["38", "39"], ["38", "40"], ["20", "44"], ["22", "31"], ["25", "20"], ["24", "22"], ["36", "25"], ["29", "32"], ["32", "38"], ["38", "36"], ["31", "29"], ["17", "24"], ["18", "44"], ["25", "44"], ["29", "44"], ["32", "44"], ["32", "44"], ["36", "44"], ["25", "44"], ["25", "44"], ["20", "44"], ["36", "44"], ["17", "18"], ["29", "20"], ["25", "20"], ["17", "20"], ["17", "22"], ["17", "41"], ["22", "25"], ["17", "25"], ["29", "25"], ["32", "25"], ["36", "25"], ["36", "25"], ["17", "29"], ["17", "34"], ["17", "36"], ["38", "36"], ["38", "36"], ["29", "32"], ["17", "32"], ["17", "38"]], "features": {"17": "<(METHOD,main)<SUB>1</SUB>>", "19": "<(BLOCK,&lt;empty&gt;,&lt;empty&gt;)<SUB>1</SUB>>", "21": "<(BLOCK,&lt;empty&gt;,&lt;empty&gt;)<SUB>2</SUB>>", "23": "<(IDENTIFIER,$obj1,&lt;empty&gt;)>", "25": "<(&lt;init&gt;,new Thread(null, new B(), &quot;&quot;, MAX_STACK_SIZE * (1L &lt;&lt; 20)))<SUB>2</SUB>>", "27": "<(LITERAL,null,new Thread(null, new B(), &quot;&quot;, MAX_STACK_SIZE * (1L &lt;&lt; 20)))<SUB>2</SUB>>", "29": "<(&lt;operator&gt;.assignment,&lt;empty&gt;)>", "31": "<(&lt;operator&gt;.alloc,new B())<SUB>2</SUB>>", "33": "<(IDENTIFIER,$obj0,new B())>", "35": "<(LITERAL,&quot;&quot;,new Thread(null, new B(), &quot;&quot;, MAX_STACK_SIZE * (1L &lt;&lt; 20)))<SUB>2</SUB>>", "37": "<(IDENTIFIER,MAX_STACK_SIZE,MAX_STACK_SIZE * (1L &lt;&lt; 20))<SUB>2</SUB>>", "39": "<(LITERAL,1L,1L &lt;&lt; 20)<SUB>2</SUB>>", "41": "<(IDENTIFIER,$obj1,&lt;empty&gt;)>", "43": "<(MODIFIER,STATIC)>"}}