{"edges": [["17", "18"], ["17", "19"], ["17", "44"], ["17", "45"], ["17", "46"], ["19", "20"], ["20", "21"], ["21", "22"], ["21", "25"], ["21", "43"], ["22", "23"], ["22", "24"], ["25", "26"], ["25", "27"], ["25", "28"], ["25", "35"], ["25", "36"], ["28", "29"], ["28", "32"], ["28", "34"], ["29", "30"], ["29", "31"], ["32", "33"], ["36", "37"], ["36", "42"], ["37", "38"], ["37", "41"], ["38", "39"], ["38", "40"], ["20", "46"], ["22", "31"], ["25", "20"], ["24", "22"], ["36", "25"], ["29", "32"], ["32", "38"], ["37", "36"], ["31", "29"], ["38", "37"], ["17", "24"], ["18", "46"], ["25", "46"], ["29", "46"], ["32", "46"], ["32", "46"], ["37", "46"], ["36", "46"], ["25", "46"], ["25", "46"], ["20", "46"], ["17", "18"], ["29", "20"], ["25", "20"], ["17", "20"], ["17", "22"], ["17", "43"], ["22", "25"], ["17", "25"], ["29", "25"], ["32", "25"], ["36", "25"], ["36", "25"], ["17", "29"], ["17", "34"], ["37", "36"], ["37", "36"], ["17", "36"], ["29", "32"], ["17", "32"], ["38", "37"], ["38", "37"], ["17", "37"], ["17", "38"]], "features": {"17": "<(METHOD,main)<SUB>1</SUB>>", "19": "<(BLOCK,&lt;empty&gt;,&lt;empty&gt;)<SUB>1</SUB>>", "21": "<(BLOCK,&lt;empty&gt;,&lt;empty&gt;)<SUB>2</SUB>>", "23": "<(IDENTIFIER,$obj1,&lt;empty&gt;)>", "25": "<(&lt;init&gt;,new Thread(null, new Template(), &quot;&quot;, 1l * 200 * 1024 * 1024))<SUB>2</SUB>>", "27": "<(LITERAL,null,new Thread(null, new Template(), &quot;&quot;, 1l * 200 * 1024 * 1024))<SUB>2</SUB>>", "29": "<(&lt;operator&gt;.assignment,&lt;empty&gt;)>", "31": "<(&lt;operator&gt;.alloc,new Template())<SUB>2</SUB>>", "33": "<(IDENTIFIER,$obj0,new Template())>", "35": "<(LITERAL,&quot;&quot;,new Thread(null, new Template(), &quot;&quot;, 1l * 200 * 1024 * 1024))<SUB>2</SUB>>", "37": "<(&lt;operator&gt;.multiplication,1l * 200 * 1024)<SUB>2</SUB>>", "39": "<(LITERAL,1l,1l * 200)<SUB>2</SUB>>", "41": "<(LITERAL,1024,1l * 200 * 1024)<SUB>2</SUB>>", "43": "<(IDENTIFIER,$obj1,&lt;empty&gt;)>", "45": "<(MODIFIER,STATIC)>"}}