{"edges": [["19", "20"], ["19", "21"], ["19", "68"], ["19", "69"], ["19", "70"], ["21", "4"], ["21", "22"], ["21", "25"], ["21", "36"], ["21", "37"], ["21", "43"], ["21", "44"], ["21", "51"], ["21", "52"], ["21", "59"], ["21", "63"], ["22", "23"], ["22", "24"], ["25", "3"], ["25", "26"], ["26", "27"], ["26", "30"], ["26", "35"], ["27", "28"], ["27", "29"], ["30", "31"], ["30", "32"], ["32", "33"], ["32", "34"], ["37", "38"], ["37", "39"], ["39", "40"], ["39", "42"], ["40", "41"], ["44", "45"], ["44", "46"], ["46", "47"], ["46", "48"], ["48", "49"], ["48", "50"], ["52", "53"], ["52", "54"], ["54", "55"], ["54", "56"], ["56", "57"], ["56", "58"], ["59", "60"], ["59", "61"], ["59", "62"], ["63", "64"], ["63", "67"], ["64", "65"], ["64", "66"], ["22", "29"], ["25", "40"], ["37", "48"], ["44", "56"], ["52", "59"], ["59", "66"], ["63", "70"], ["24", "22"], ["39", "37"], ["46", "44"], ["54", "52"], ["64", "63"], ["27", "34"], ["30", "25"], ["40", "39"], ["48", "46"], ["56", "54"], ["66", "64"], ["29", "27"], ["32", "30"], ["34", "32"], ["19", "24"], ["20", "70"], ["22", "70"], ["27", "70"], ["30", "70"], ["30", "70"], ["30", "70"], ["25", "70"], ["37", "70"], ["40", "70"], ["39", "70"], ["37", "70"], ["37", "70"], ["46", "70"], ["44", "70"], ["44", "70"], ["54", "70"], ["54", "70"], ["52", "70"], ["52", "70"], ["59", "70"], ["59", "70"], ["59", "70"], ["63", "70"], ["63", "70"], ["59", "70"], ["63", "70"], ["19", "20"], ["19", "22"], ["39", "37"], ["39", "37"], ["46", "44"], ["46", "44"], ["54", "52"], ["54", "52"], ["22", "25"], ["19", "25"], ["27", "25"], ["30", "25"], ["19", "59"], ["44", "59"], ["52", "59"], ["19", "63"], ["19", "27"], ["19", "35"], ["40", "39"], ["19", "39"], ["19", "46"], ["37", "46"], ["46", "54"], ["19", "54"], ["37", "54"], ["27", "30"], ["19", "30"], ["25", "40"], ["19", "40"]], "features": {"19": "<(METHOD,main)<SUB>1</SUB>>", "21": "<(BLOCK,&lt;empty&gt;,&lt;empty&gt;)<SUB>1</SUB>>", "22": "<(&lt;operator&gt;.assignment,ANY inp = new BufferedReader(new InputStreamReader(System.in)))<SUB>3</SUB>>", "24": "<(&lt;operator&gt;.alloc,new BufferedReader(new InputStreamReader(System.in)))<SUB>3</SUB>>", "3": "<(IDENTIFIER,inp,new BufferedReader(new InputStreamReader(System.in)))<SUB>3</SUB>>", "27": "<(&lt;operator&gt;.assignment,&lt;empty&gt;)>", "29": "<(&lt;operator&gt;.alloc,new InputStreamReader(System.in))<SUB>3</SUB>>", "31": "<(IDENTIFIER,$obj0,new InputStreamReader(System.in))>", "33": "<(IDENTIFIER,System,new InputStreamReader(System.in))<SUB>3</SUB>>", "35": "<(IDENTIFIER,$obj0,&lt;empty&gt;)>", "37": "<(&lt;operator&gt;.assignment,String[] s1 = split(&quot; &quot;))<SUB>4</SUB>>", "39": "<(split,split(&quot; &quot;))<SUB>4</SUB>>", "41": "<(IDENTIFIER,inp,readLine())<SUB>4</SUB>>", "43": "<(LOCAL,long clothes: long)<SUB>5</SUB>>", "45": "<(IDENTIFIER,clothes,long clothes = Long.parseLong(s1[0]))<SUB>5</SUB>>", "47": "<(IDENTIFIER,Long,Long.parseLong(s1[0]))<SUB>5</SUB>>", "49": "<(IDENTIFIER,s1,Long.parseLong(s1[0]))<SUB>5</SUB>>", "51": "<(LOCAL,long months: long)<SUB>6</SUB>>", "53": "<(IDENTIFIER,months,long months = Long.parseLong(s1[1]))<SUB>6</SUB>>", "55": "<(IDENTIFIER,Long,Long.parseLong(s1[1]))<SUB>6</SUB>>", "57": "<(IDENTIFIER,s1,Long.parseLong(s1[1]))<SUB>6</SUB>>", "59": "<(calc,calc(clothes, months))<SUB>9</SUB>>", "61": "<(IDENTIFIER,clothes,calc(clothes, months))<SUB>9</SUB>>", "63": "<(print,print(ans))<SUB>10</SUB>>", "65": "<(IDENTIFIER,System,print(ans))<SUB>10</SUB>>", "67": "<(IDENTIFIER,ans,print(ans))<SUB>10</SUB>>", "69": "<(MODIFIER,STATIC)>"}}