{"edges": [["17", "19"], ["17", "101"], ["17", "102"], ["17", "103"], ["19", "20"], ["19", "23"], ["19", "35"], ["19", "39"], ["19", "40"], ["19", "46"], ["19", "59"], ["19", "63"], ["19", "64"], ["19", "70"], ["19", "73"], ["19", "78"], ["19", "97"], ["20", "21"], ["20", "22"], ["23", "24"], ["23", "25"], ["25", "26"], ["25", "29"], ["25", "34"], ["26", "27"], ["26", "28"], ["29", "30"], ["29", "31"], ["31", "32"], ["31", "33"], ["35", "36"], ["35", "37"], ["37", "38"], ["40", "41"], ["40", "42"], ["42", "43"], ["42", "44"], ["44", "45"], ["46", "47"], ["46", "50"], ["47", "48"], ["47", "49"], ["50", "51"], ["50", "58"], ["51", "52"], ["51", "57"], ["52", "53"], ["52", "56"], ["53", "54"], ["53", "55"], ["59", "60"], ["60", "61"], ["60", "62"], ["64", "65"], ["64", "66"], ["66", "67"], ["66", "68"], ["68", "69"], ["70", "71"], ["70", "72"], ["73", "74"], ["73", "77"], ["74", "75"], ["74", "76"], ["78", "79"], ["78", "80"], ["78", "83"], ["78", "86"], ["78", "88"], ["80", "81"], ["80", "82"], ["83", "84"], ["83", "85"], ["86", "87"], ["88", "89"], ["88", "92"], ["89", "90"], ["89", "91"], ["92", "93"], ["92", "96"], ["93", "94"], ["93", "95"], ["97", "98"], ["98", "99"], ["98", "100"], ["20", "28"], ["23", "37"], ["35", "44"], ["40", "49"], ["46", "62"], ["59", "68"], ["64", "70"], ["70", "76"], ["73", "80"], ["97", "103"], ["22", "20"], ["37", "35"], ["42", "40"], ["47", "53"], ["50", "46"], ["60", "59"], ["66", "64"], ["74", "73"], ["80", "83"], ["83", "91"], ["83", "100"], ["86", "83"], ["88", "86"], ["98", "97"], ["26", "33"], ["29", "23"], ["44", "42"], ["49", "47"], ["51", "50"], ["62", "60"], ["68", "66"], ["76", "74"], ["89", "93"], ["92", "88"], ["100", "98"], ["28", "26"], ["31", "29"], ["52", "51"], ["91", "89"], ["93", "92"], ["33", "31"], ["53", "52"], ["17", "22"], ["18", "103"], ["20", "103"], ["26", "103"], ["29", "103"], ["29", "103"], ["29", "103"], ["23", "103"], ["35", "103"], ["35", "103"], ["35", "103"], ["40", "103"], ["52", "103"], ["51", "103"], ["50", "103"], ["46", "103"], ["59", "103"], ["64", "103"], ["66", "103"], ["68", "103"], ["66", "103"], ["64", "103"], ["64", "103"], ["70", "103"], ["70", "103"], ["73", "103"], ["80", "103"], ["83", "103"], ["83", "103"], ["97", "103"], ["97", "103"], ["92", "103"], ["88", "103"], ["88", "103"], ["86", "103"], ["70", "103"], ["17", "18"], ["17", "20"], ["37", "35"], ["42", "40"], ["42", "40"], ["66", "64"], ["66", "64"], ["20", "23"], ["17", "23"], ["26", "23"], ["29", "23"], ["17", "46"], ["40", "46"], ["46", "59"], ["17", "70"], ["40", "70"], ["59", "73"], ["17", "73"], ["17", "80"], ["73", "97"], ["88", "97"], ["17", "26"], ["17", "34"], ["17", "37"], ["17", "42"], ["44", "42"], ["17", "50"], ["40", "50"], ["42", "66"], ["17", "66"], ["68", "66"], ["80", "83"], ["86", "83"], ["17", "83"], ["83", "86"], ["17", "86"], ["73", "88"], ["35", "88"], ["17", "88"], ["26", "29"], ["17", "29"], ["23", "44"], ["17", "44"], ["17", "51"], ["40", "51"], ["44", "68"], ["17", "68"], ["35", "92"], ["17", "92"], ["17", "52"], ["40", "52"], ["17", "53"], ["83", "91"], ["83", "83"], ["83", "89"], ["83", "93"], ["83", "88"], ["83", "92"], ["83", "86"]], "features": {"17": "<(METHOD,main)<SUB>1</SUB>>", "19": "<(BLOCK,&lt;empty&gt;,&lt;empty&gt;)<SUB>1</SUB>>", "21": "<(IDENTIFIER,br,br = new BufferedReader(new InputStreamReader(System.in)))<SUB>2</SUB>>", "23": "<(&lt;init&gt;,new BufferedReader(new InputStreamReader(System.in)))<SUB>2</SUB>>", "25": "<(BLOCK,&lt;empty&gt;,&lt;empty&gt;)<SUB>2</SUB>>", "27": "<(IDENTIFIER,$obj0,&lt;empty&gt;)>", "29": "<(&lt;init&gt;,new InputStreamReader(System.in))<SUB>2</SUB>>", "31": "<(&lt;operator&gt;.fieldAccess,System.in)<SUB>2</SUB>>", "33": "<(FIELD_IDENTIFIER,in,in)<SUB>2</SUB>>", "35": "<(&lt;operator&gt;.assignment,ans = new int[8])<SUB>3</SUB>>", "37": "<(&lt;operator&gt;.alloc,new int[8])>", "39": "<(LOCAL,int n: int)<SUB>4</SUB>>", "41": "<(IDENTIFIER,n,int n = parseInt(br.readLine()))<SUB>4</SUB>>", "43": "<(IDENTIFIER,Integer,parseInt(br.readLine()))<SUB>4</SUB>>", "45": "<(IDENTIFIER,br,readLine())<SUB>4</SUB>>", "47": "<(&lt;operator&gt;.fieldAccess,System.out)<SUB>5</SUB>>", "49": "<(FIELD_IDENTIFIER,out,out)<SUB>5</SUB>>", "51": "<(&lt;operator&gt;.addition,&quot;?&quot; + &quot;1 1 &quot; + n + &quot; &quot;)<SUB>5</SUB>>", "53": "<(&lt;operator&gt;.addition,&quot;?&quot; + &quot;1 1 &quot;)<SUB>5</SUB>>", "55": "<(LITERAL,&quot;1 1 &quot;,&quot;?&quot; + &quot;1 1 &quot;)<SUB>5</SUB>>", "57": "<(LITERAL,&quot; &quot;,&quot;?&quot; + &quot;1 1 &quot; + n + &quot; &quot;)<SUB>5</SUB>>", "59": "<(flush,System.out.flush())<SUB>6</SUB>>", "61": "<(IDENTIFIER,System,System.out.flush())<SUB>6</SUB>>", "63": "<(LOCAL,int q: int)<SUB>7</SUB>>", "65": "<(IDENTIFIER,q,int q = parseInt(br.readLine()))<SUB>7</SUB>>", "67": "<(IDENTIFIER,Integer,parseInt(br.readLine()))<SUB>7</SUB>>", "69": "<(IDENTIFIER,br,readLine())<SUB>7</SUB>>", "71": "<(IDENTIFIER,this,cut(n))<SUB>8</SUB>>", "73": "<(print,System.out.print(&quot;! &quot;))<SUB>9</SUB>>", "75": "<(IDENTIFIER,System,System.out.print(&quot;! &quot;))<SUB>9</SUB>>", "77": "<(LITERAL,&quot;! &quot;,System.out.print(&quot;! &quot;))<SUB>9</SUB>>", "79": "<(LOCAL,int i: int)<SUB>10</SUB>>", "81": "<(IDENTIFIER,i,int i = 0)<SUB>10</SUB>>", "83": "<(&lt;operator&gt;.lessThan,i &lt; 8)<SUB>10</SUB>>", "85": "<(LITERAL,8,i &lt; 8)<SUB>10</SUB>>", "87": "<(IDENTIFIER,i,i++)<SUB>10</SUB>>", "89": "<(&lt;operator&gt;.fieldAccess,System.out)<SUB>10</SUB>>", "91": "<(FIELD_IDENTIFIER,out,out)<SUB>10</SUB>>", "93": "<(&lt;operator&gt;.indexAccess,ans[i])<SUB>10</SUB>>", "95": "<(IDENTIFIER,i,ans[i] + &quot; &quot;)<SUB>10</SUB>>", "97": "<(println,System.out.println())<SUB>11</SUB>>", "99": "<(IDENTIFIER,System,System.out.println())<SUB>11</SUB>>", "101": "<(MODIFIER,PUBLIC)>", "103": "<(METHOD_RETURN,void)<SUB>1</SUB>>"}}