{"edges": [["32", "34"], ["32", "124"], ["32", "125"], ["32", "126"], ["34", "4"], ["34", "35"], ["34", "38"], ["34", "42"], ["34", "43"], ["34", "47"], ["34", "48"], ["34", "55"], ["34", "56"], ["34", "62"], ["34", "101"], ["34", "120"], ["35", "36"], ["35", "37"], ["38", "3"], ["38", "39"], ["39", "40"], ["39", "41"], ["43", "44"], ["43", "45"], ["45", "46"], ["48", "49"], ["48", "50"], ["50", "51"], ["50", "52"], ["52", "53"], ["52", "54"], ["56", "57"], ["56", "58"], ["58", "59"], ["59", "60"], ["59", "61"], ["62", "63"], ["62", "64"], ["62", "65"], ["62", "66"], ["62", "69"], ["62", "72"], ["62", "75"], ["62", "78"], ["66", "67"], ["66", "68"], ["69", "70"], ["69", "71"], ["72", "73"], ["72", "74"], ["75", "76"], ["75", "77"], ["78", "79"], ["78", "91"], ["78", "94"], ["79", "80"], ["79", "81"], ["81", "82"], ["81", "83"], ["83", "84"], ["83", "85"], ["83", "90"], ["85", "86"], ["85", "89"], ["86", "87"], ["86", "88"], ["91", "92"], ["91", "93"], ["94", "95"], ["94", "99"], ["95", "96"], ["95", "97"], ["97", "98"], ["99", "100"], ["101", "102"], ["101", "103"], ["101", "106"], ["101", "109"], ["101", "111"], ["103", "104"], ["103", "105"], ["106", "107"], ["106", "108"], ["109", "110"], ["111", "112"], ["111", "115"], ["112", "113"], ["112", "114"], ["115", "116"], ["115", "119"], ["116", "117"], ["116", "118"], ["120", "121"], ["121", "122"], ["121", "123"], ["35", "41"], ["38", "45"], ["43", "51"], ["48", "59"], ["56", "66"], ["120", "126"], ["37", "35"], ["39", "38"], ["45", "43"], ["50", "48"], ["58", "56"], ["66", "69"], ["69", "75"], ["69", "103"], ["72", "69"], ["75", "72"], ["103", "106"], ["106", "114"], ["106", "123"], ["109", "106"], ["111", "109"], ["121", "120"], ["41", "39"], ["51", "52"], ["52", "50"], ["59", "58"], ["112", "116"], ["115", "111"], ["123", "121"], ["114", "112"], ["116", "115"], ["32", "37"], ["33", "126"], ["35", "126"], ["38", "126"], ["38", "126"], ["45", "126"], ["43", "126"], ["43", "126"], ["48", "126"], ["52", "126"], ["50", "126"], ["48", "126"], ["48", "126"], ["56", "126"], ["58", "126"], ["56", "126"], ["56", "126"], ["69", "126"], ["69", "126"], ["103", "126"], ["106", "126"], ["106", "126"], ["106", "126"], ["120", "126"], ["120", "126"], ["115", "126"], ["111", "126"], ["111", "126"], ["109", "126"], ["75", "126"], ["75", "126"], ["32", "33"], ["32", "35"], ["45", "43"], ["32", "48"], ["52", "48"], ["52", "48"], ["58", "56"], ["35", "38"], ["32", "38"], ["32", "66"], ["72", "69"], ["32", "69"], ["52", "69"], ["48", "75"], ["32", "75"], ["32", "103"], ["111", "120"], ["38", "45"], ["32", "45"], ["32", "50"], ["52", "50"], ["52", "50"], ["52", "58"], ["32", "58"], ["75", "72"], ["32", "72"], ["52", "72"], ["66", "75"], ["72", "75"], ["103", "106"], ["109", "106"], ["32", "106"], ["72", "106"], ["52", "106"], ["106", "109"], ["32", "109"], ["56", "111"], ["32", "111"], ["32", "52"], ["43", "52"], ["52", "59"], ["32", "59"], ["56", "115"], ["32", "115"], ["69", "75"], ["69", "72"], ["69", "69"], ["106", "115"], ["106", "112"], ["106", "116"], ["106", "114"], ["106", "111"], ["106", "109"], ["106", "106"]], "features": {"32": "<(METHOD,main)<SUB>1</SUB>>", "34": "<(BLOCK,&lt;empty&gt;,&lt;empty&gt;)<SUB>2</SUB>>", "35": "<(&lt;operator&gt;.assignment,ANY sc = new Scanner(System.in))<SUB>3</SUB>>", "37": "<(&lt;operator&gt;.alloc,new Scanner(System.in))<SUB>3</SUB>>", "3": "<(IDENTIFIER,sc,new Scanner(System.in))<SUB>3</SUB>>", "40": "<(IDENTIFIER,System,new Scanner(System.in))<SUB>3</SUB>>", "42": "<(LOCAL,int n: int)<SUB>4</SUB>>", "44": "<(IDENTIFIER,n,int n = nextInt())<SUB>4</SUB>>", "46": "<(IDENTIFIER,sc,nextInt())<SUB>4</SUB>>", "48": "<(&lt;operator&gt;.assignment,int x = (int) Math.sqrt(n))<SUB>5</SUB>>", "50": "<(&lt;operator&gt;.cast,(int) Math.sqrt(n))<SUB>5</SUB>>", "52": "<(sqrt,Math.sqrt(n))<SUB>5</SUB>>", "54": "<(IDENTIFIER,n,Math.sqrt(n))<SUB>5</SUB>>", "56": "<(&lt;operator&gt;.assignment,int[] a = new int[n + 5])<SUB>6</SUB>>", "58": "<(&lt;operator&gt;.alloc,new int[n + 5])>", "60": "<(IDENTIFIER,n,n + 5)<SUB>6</SUB>>", "62": "<(CONTROL_STRUCTURE,for (int i = 1, o = n, j; Some(i &lt;= n); i += x),for (int i = 1, o = n, j; Some(i &lt;= n); i += x))<SUB>7</SUB>>", "64": "<(LOCAL,int o: int)<SUB>7</SUB>>", "66": "<(&lt;operator&gt;.assignment,int i = 1)<SUB>7</SUB>>", "68": "<(LITERAL,1,int i = 1)<SUB>7</SUB>>", "70": "<(IDENTIFIER,o,int o = n)<SUB>7</SUB>>", "72": "<(&lt;operator&gt;.lessEqualsThan,i &lt;= n)<SUB>7</SUB>>", "74": "<(IDENTIFIER,n,i &lt;= n)<SUB>7</SUB>>", "76": "<(IDENTIFIER,i,i += x)<SUB>7</SUB>>", "78": "<(CONTROL_STRUCTURE,for (j = (int) Math.min(i + x - 1, n); Some(j &gt;= i); a[j--] = o--),for (j = (int) Math.min(i + x - 1, n); Some(j &gt;= i); a[j--] = o--))<SUB>8</SUB>>", "80": "<(IDENTIFIER,j,j = (int) Math.min(i + x - 1, n))<SUB>8</SUB>>", "82": "<(TYPE_REF,int,int)<SUB>8</SUB>>", "84": "<(IDENTIFIER,Math,Math.min(i + x - 1, n))<SUB>8</SUB>>", "86": "<(&lt;operator&gt;.addition,i + x)<SUB>8</SUB>>", "88": "<(IDENTIFIER,x,i + x)<SUB>8</SUB>>", "90": "<(IDENTIFIER,n,Math.min(i + x - 1, n))<SUB>8</SUB>>", "92": "<(IDENTIFIER,j,j &gt;= i)<SUB>8</SUB>>", "94": "<(&lt;operator&gt;.assignment,a[j--] = o--)<SUB>8</SUB>>", "96": "<(IDENTIFIER,a,a[j--] = o--)<SUB>8</SUB>>", "98": "<(IDENTIFIER,j,j--)<SUB>8</SUB>>", "100": "<(IDENTIFIER,o,o--)<SUB>8</SUB>>", "102": "<(LOCAL,int i: int)<SUB>9</SUB>>", "104": "<(IDENTIFIER,i,int i = 1)<SUB>9</SUB>>", "106": "<(&lt;operator&gt;.lessEqualsThan,i &lt;= n)<SUB>9</SUB>>", "108": "<(IDENTIFIER,n,i &lt;= n)<SUB>9</SUB>>", "110": "<(IDENTIFIER,i,i++)<SUB>9</SUB>>", "112": "<(&lt;operator&gt;.fieldAccess,System.out)<SUB>9</SUB>>", "114": "<(FIELD_IDENTIFIER,out,out)<SUB>9</SUB>>", "116": "<(&lt;operator&gt;.indexAccess,a[i])<SUB>9</SUB>>", "118": "<(IDENTIFIER,i,a[i] + &quot; &quot;)<SUB>9</SUB>>", "120": "<(println,System.out.println())<SUB>10</SUB>>", "122": "<(IDENTIFIER,System,System.out.println())<SUB>10</SUB>>", "124": "<(MODIFIER,PUBLIC)>", "126": "<(METHOD_RETURN,void)<SUB>1</SUB>>"}}