{"edges": [["19", "20"], ["19", "21"], ["19", "118"], ["19", "119"], ["19", "120"], ["21", "4"], ["21", "22"], ["21", "25"], ["21", "29"], ["21", "30"], ["21", "34"], ["21", "35"], ["21", "39"], ["21", "59"], ["21", "60"], ["21", "63"], ["21", "64"], ["21", "67"], ["21", "113"], ["22", "23"], ["22", "24"], ["25", "3"], ["25", "26"], ["26", "27"], ["26", "28"], ["30", "31"], ["30", "32"], ["32", "33"], ["35", "36"], ["35", "37"], ["37", "38"], ["39", "40"], ["39", "51"], ["40", "41"], ["40", "50"], ["41", "42"], ["41", "49"], ["42", "43"], ["42", "48"], ["43", "44"], ["43", "47"], ["44", "45"], ["44", "46"], ["51", "52"], ["51", "58"], ["52", "53"], ["52", "56"], ["53", "54"], ["53", "55"], ["56", "57"], ["60", "61"], ["60", "62"], ["64", "65"], ["64", "66"], ["67", "68"], ["67", "71"], ["68", "69"], ["68", "70"], ["71", "72"], ["71", "73"], ["71", "80"], ["73", "74"], ["73", "75"], ["75", "76"], ["75", "79"], ["76", "77"], ["76", "78"], ["80", "81"], ["80", "104"], ["80", "109"], ["81", "82"], ["81", "103"], ["82", "83"], ["82", "102"], ["83", "84"], ["83", "91"], ["84", "85"], ["84", "90"], ["85", "86"], ["85", "87"], ["87", "88"], ["87", "89"], ["91", "92"], ["91", "101"], ["92", "93"], ["92", "96"], ["93", "94"], ["93", "95"], ["96", "97"], ["96", "100"], ["97", "98"], ["97", "99"], ["104", "105"], ["104", "106"], ["106", "107"], ["106", "108"], ["109", "110"], ["110", "111"], ["110", "112"], ["113", "114"], ["113", "117"], ["114", "115"], ["114", "116"], ["22", "28"], ["25", "32"], ["30", "37"], ["35", "44"], ["60", "64"], ["64", "68"], ["113", "120"], ["24", "22"], ["26", "25"], ["32", "30"], ["37", "35"], ["40", "55"], ["40", "60"], ["68", "76"], ["68", "116"], ["114", "113"], ["28", "26"], ["41", "40"], ["52", "58"], ["58", "120"], ["73", "87"], ["116", "114"], ["42", "41"], ["53", "56"], ["56", "52"], ["75", "73"], ["81", "106"], ["81", "110"], ["104", "68"], ["43", "42"], ["55", "53"], ["76", "75"], ["82", "81"], ["106", "104"], ["110", "68"], ["44", "43"], ["83", "82"], ["84", "93"], ["91", "83"], ["85", "84"], ["92", "91"], ["87", "85"], ["93", "97"], ["96", "92"], ["97", "96"], ["19", "24"], ["58", "120"], ["20", "120"], ["22", "120"], ["25", "120"], ["25", "120"], ["30", "120"], ["37", "120"], ["35", "120"], ["35", "120"], ["43", "120"], ["43", "120"], ["42", "120"], ["41", "120"], ["40", "120"], ["40", "120"], ["40", "120"], ["52", "120"], ["52", "120"], ["52", "120"], ["19", "20"], ["19", "22"], ["32", "30"], ["37", "35"], ["19", "60"], ["43", "64"], ["19", "64"], ["22", "25"], ["19", "25"], ["68", "113"], ["19", "113"], ["25", "32"], ["19", "32"], ["32", "37"], ["19", "37"], ["42", "40"], ["42", "40"], ["19", "40"], ["30", "40"], ["19", "58"], ["60", "68"], ["104", "68"], ["19", "68"], ["64", "68"], ["110", "68"], ["75", "73"], ["75", "73"], ["42", "41"], ["42", "41"], ["19", "41"], ["56", "52"], ["97", "104"], ["19", "104"], ["43", "42"], ["43", "42"], ["19", "42"], ["19", "56"], ["68", "75"], ["19", "75"], ["68", "75"], ["83", "81"], ["83", "81"], ["19", "81"], ["40", "81"], ["97", "110"], ["19", "110"], ["44", "43"], ["44", "43"], ["19", "43"], ["68", "76"], ["19", "76"], ["68", "76"], ["83", "82"], ["83", "82"], ["19", "82"], ["97", "106"], ["19", "106"], ["35", "44"], ["19", "44"], ["84", "83"], ["84", "83"], ["91", "83"], ["91", "83"], ["85", "84"], ["85", "84"], ["19", "84"], ["92", "91"], ["92", "91"], ["19", "91"], ["87", "85"], ["19", "85"], ["87", "85"], ["96", "92"], ["93", "92"], ["93", "92"], ["96", "92"], ["97", "87"], ["19", "87"], ["43", "87"], ["85", "93"], ["19", "93"], ["73", "93"], ["97", "96"], ["97", "96"], ["19", "96"], ["93", "97"], ["19", "97"], ["93", "97"], ["40", "68"], ["40", "60"], ["40", "64"], ["40", "113"], ["40", "116"], ["40", "52"], ["40", "114"], ["40", "56"], ["40", "58"], ["40", "53"], ["40", "55"], ["68", "68"], ["68", "73"], ["68", "96"], ["68", "75"], ["68", "81"], ["68", "84"], ["68", "85"], ["68", "92"], ["68", "76"], ["68", "87"], ["68", "97"], ["68", "91"], ["68", "82"], ["68", "93"], ["68", "83"], ["81", "104"], ["81", "106"], ["81", "110"]], "features": {"19": "<(METHOD,main)<SUB>1</SUB>>", "21": "<(BLOCK,&lt;empty&gt;,&lt;empty&gt;)<SUB>1</SUB>>", "22": "<(&lt;operator&gt;.assignment,ANY sc = new Scanner(System.in))<SUB>2</SUB>>", "24": "<(&lt;operator&gt;.alloc,new Scanner(System.in))<SUB>2</SUB>>", "3": "<(IDENTIFIER,sc,new Scanner(System.in))<SUB>2</SUB>>", "27": "<(IDENTIFIER,System,new Scanner(System.in))<SUB>2</SUB>>", "29": "<(LOCAL,long n: long)<SUB>3</SUB>>", "31": "<(IDENTIFIER,n,long n = nextLong())<SUB>3</SUB>>", "33": "<(IDENTIFIER,sc,nextLong())<SUB>3</SUB>>", "35": "<(&lt;operator&gt;.assignment,long k = nextLong())<SUB>4</SUB>>", "37": "<(nextLong,nextLong())<SUB>4</SUB>>", "39": "<(CONTROL_STRUCTURE,if ((k - 1) * k / 2 + 1 &lt; n),if ((k - 1) * k / 2 + 1 &lt; n))<SUB>5</SUB>>", "41": "<(&lt;operator&gt;.addition,(k - 1) * k / 2 + 1)<SUB>5</SUB>>", "43": "<(&lt;operator&gt;.multiplication,(k - 1) * k)<SUB>5</SUB>>", "45": "<(IDENTIFIER,k,k - 1)<SUB>5</SUB>>", "47": "<(IDENTIFIER,k,(k - 1) * k)<SUB>5</SUB>>", "49": "<(LITERAL,1,(k - 1) * k / 2 + 1)<SUB>5</SUB>>", "51": "<(BLOCK,&lt;empty&gt;,&lt;empty&gt;)<SUB>5</SUB>>", "53": "<(&lt;operator&gt;.fieldAccess,System.out)<SUB>6</SUB>>", "55": "<(FIELD_IDENTIFIER,out,out)<SUB>6</SUB>>", "57": "<(LITERAL,1,-1)<SUB>6</SUB>>", "59": "<(LOCAL,long left: long)<SUB>9</SUB>>", "61": "<(IDENTIFIER,left,long left = 0)<SUB>9</SUB>>", "63": "<(LOCAL,long right: long)<SUB>10</SUB>>", "65": "<(IDENTIFIER,right,long right = k)<SUB>10</SUB>>", "67": "<(CONTROL_STRUCTURE,while (left &lt; right),while (left &lt; right))<SUB>11</SUB>>", "69": "<(IDENTIFIER,left,left &lt; right)<SUB>11</SUB>>", "71": "<(BLOCK,&lt;empty&gt;,&lt;empty&gt;)<SUB>11</SUB>>", "73": "<(&lt;operator&gt;.assignment,long m = (left + right) / 2)<SUB>12</SUB>>", "75": "<(&lt;operator&gt;.division,(left + right) / 2)<SUB>12</SUB>>", "77": "<(IDENTIFIER,left,left + right)<SUB>12</SUB>>", "79": "<(LITERAL,2,(left + right) / 2)<SUB>12</SUB>>", "81": "<(&lt;operator&gt;.lessThan,k * (k - 1) / 2 - (k - m) * (k - m - 1) / 2 + 1 &lt; n)<SUB>13</SUB>>", "83": "<(&lt;operator&gt;.subtraction,k * (k - 1) / 2 - (k - m) * (k - m - 1) / 2)<SUB>13</SUB>>", "85": "<(&lt;operator&gt;.multiplication,k * (k - 1))<SUB>13</SUB>>", "87": "<(&lt;operator&gt;.subtraction,k - 1)<SUB>13</SUB>>", "89": "<(LITERAL,1,k - 1)<SUB>13</SUB>>", "91": "<(&lt;operator&gt;.division,(k - m) * (k - m - 1) / 2)<SUB>13</SUB>>", "93": "<(&lt;operator&gt;.subtraction,k - m)<SUB>13</SUB>>", "95": "<(IDENTIFIER,m,k - m)<SUB>13</SUB>>", "97": "<(&lt;operator&gt;.subtraction,k - m)<SUB>13</SUB>>", "99": "<(IDENTIFIER,m,k - m)<SUB>13</SUB>>", "101": "<(LITERAL,2,(k - m) * (k - m - 1) / 2)<SUB>13</SUB>>", "103": "<(IDENTIFIER,n,k * (k - 1) / 2 - (k - m) * (k - m - 1) / 2 + 1 &lt; n)<SUB>13</SUB>>", "105": "<(IDENTIFIER,left,left = m + 1)<SUB>14</SUB>>", "107": "<(IDENTIFIER,m,m + 1)<SUB>14</SUB>>", "109": "<(CONTROL_STRUCTURE,else,else)<SUB>16</SUB>>", "111": "<(IDENTIFIER,right,right = m)<SUB>16</SUB>>", "113": "<(println,System.out.println(left))<SUB>18</SUB>>", "115": "<(IDENTIFIER,System,System.out.println(left))<SUB>18</SUB>>", "117": "<(IDENTIFIER,left,System.out.println(left))<SUB>18</SUB>>", "119": "<(MODIFIER,STATIC)>"}}