{"edges": [["19", "21"], ["19", "49"], ["19", "50"], ["19", "51"], ["21", "4"], ["21", "22"], ["21", "25"], ["21", "29"], ["22", "23"], ["22", "24"], ["25", "3"], ["25", "26"], ["26", "27"], ["26", "28"], ["29", "30"], ["30", "31"], ["30", "32"], ["30", "36"], ["30", "37"], ["30", "41"], ["32", "33"], ["32", "34"], ["34", "35"], ["37", "38"], ["37", "39"], ["39", "40"], ["41", "42"], ["41", "45"], ["42", "43"], ["42", "44"], ["45", "46"], ["45", "47"], ["45", "48"], ["22", "28"], ["25", "34"], ["24", "22"], ["26", "25"], ["28", "26"], ["32", "39"], ["37", "44"], ["41", "51"], ["34", "32"], ["39", "37"], ["42", "45"], ["45", "41"], ["44", "42"], ["19", "24"], ["20", "51"], ["22", "51"], ["25", "51"], ["25", "51"], ["32", "51"], ["39", "51"], ["37", "51"], ["37", "51"], ["41", "51"], ["45", "51"], ["45", "51"], ["41", "51"], ["41", "51"], ["45", "51"], ["19", "20"], ["19", "22"], ["22", "25"], ["19", "25"], ["34", "32"], ["39", "37"], ["45", "41"], ["45", "41"], ["45", "41"], ["25", "34"], ["19", "34"], ["34", "39"], ["19", "39"], ["19", "45"], ["32", "45"], ["37", "45"]], "features": {"19": "<(METHOD,main)<SUB>1</SUB>>", "21": "<(BLOCK,&lt;empty&gt;,&lt;empty&gt;)<SUB>1</SUB>>", "22": "<(&lt;operator&gt;.assignment,ANY s = new Scanner(System.in))<SUB>2</SUB>>", "24": "<(&lt;operator&gt;.alloc,new Scanner(System.in))<SUB>2</SUB>>", "3": "<(IDENTIFIER,s,new Scanner(System.in))<SUB>2</SUB>>", "27": "<(IDENTIFIER,System,new Scanner(System.in))<SUB>2</SUB>>", "29": "<(CONTROL_STRUCTURE,try,try)<SUB>2</SUB>>", "31": "<(LOCAL,long n: long)<SUB>3</SUB>>", "33": "<(IDENTIFIER,n,long n = nextLong())<SUB>3</SUB>>", "35": "<(IDENTIFIER,s,nextLong())<SUB>3</SUB>>", "37": "<(&lt;operator&gt;.assignment,long k = nextLong())<SUB>4</SUB>>", "39": "<(nextLong,nextLong())<SUB>4</SUB>>", "41": "<(println,println(howMany(n, k)))<SUB>5</SUB>>", "43": "<(IDENTIFIER,System,println(howMany(n, k)))<SUB>5</SUB>>", "45": "<(howMany,howMany(n, k))<SUB>5</SUB>>", "47": "<(IDENTIFIER,n,howMany(n, k))<SUB>5</SUB>>", "49": "<(MODIFIER,PUBLIC)>", "51": "<(METHOD_RETURN,void)<SUB>1</SUB>>"}}