{"edges": [["19", "21"], ["19", "125"], ["19", "126"], ["19", "127"], ["21", "4"], ["21", "22"], ["21", "25"], ["21", "29"], ["21", "30"], ["21", "31"], ["21", "37"], ["21", "43"], ["21", "44"], ["21", "47"], ["21", "65"], ["21", "109"], ["22", "23"], ["22", "24"], ["25", "3"], ["25", "26"], ["26", "27"], ["26", "28"], ["31", "32"], ["31", "33"], ["33", "34"], ["33", "36"], ["34", "35"], ["37", "38"], ["37", "39"], ["39", "40"], ["39", "42"], ["40", "41"], ["44", "45"], ["44", "46"], ["47", "48"], ["47", "57"], ["48", "49"], ["48", "56"], ["49", "50"], ["49", "55"], ["50", "51"], ["50", "54"], ["51", "52"], ["51", "53"], ["57", "58"], ["57", "64"], ["58", "59"], ["58", "62"], ["59", "60"], ["59", "61"], ["62", "63"], ["65", "66"], ["65", "73"], ["66", "67"], ["66", "70"], ["67", "68"], ["67", "69"], ["70", "71"], ["70", "72"], ["73", "74"], ["73", "75"], ["73", "81"], ["73", "88"], ["73", "101"], ["75", "76"], ["75", "77"], ["77", "78"], ["77", "79"], ["77", "80"], ["81", "82"], ["81", "83"], ["83", "84"], ["83", "87"], ["84", "85"], ["84", "86"], ["88", "89"], ["88", "90"], ["90", "91"], ["90", "100"], ["91", "92"], ["91", "95"], ["92", "93"], ["92", "94"], ["95", "96"], ["95", "99"], ["96", "97"], ["96", "98"], ["101", "102"], ["101", "103"], ["103", "104"], ["103", "105"], ["103", "108"], ["105", "106"], ["105", "107"], ["109", "110"], ["109", "113"], ["109", "118"], ["110", "111"], ["110", "112"], ["113", "114"], ["113", "117"], ["114", "115"], ["114", "116"], ["118", "119"], ["119", "120"], ["119", "123"], ["120", "121"], ["120", "122"], ["123", "124"], ["22", "28"], ["25", "34"], ["31", "40"], ["37", "44"], ["44", "51"], ["24", "22"], ["26", "25"], ["33", "31"], ["39", "37"], ["48", "61"], ["48", "67"], ["66", "77"], ["66", "110"], ["110", "116"], ["110", "122"], ["113", "127"], ["28", "26"], ["34", "33"], ["40", "39"], ["49", "48"], ["58", "64"], ["64", "127"], ["67", "66"], ["67", "70"], ["70", "66"], ["75", "84"], ["81", "92"], ["88", "105"], ["101", "67"], ["114", "113"], ["119", "127"], ["50", "49"], ["59", "62"], ["62", "58"], ["77", "75"], ["83", "81"], ["90", "88"], ["103", "101"], ["116", "114"], ["120", "123"], ["123", "119"], ["51", "50"], ["61", "59"], ["84", "83"], ["91", "90"], ["105", "103"], ["122", "120"], ["92", "96"], ["95", "91"], ["96", "95"], ["19", "24"], ["64", "127"], ["20", "127"], ["22", "127"], ["25", "127"], ["25", "127"], ["31", "127"], ["40", "127"], ["39", "127"], ["37", "127"], ["37", "127"], ["44", "127"], ["44", "127"], ["50", "127"], ["50", "127"], ["49", "127"], ["48", "127"], ["48", "127"], ["48", "127"], ["58", "127"], ["58", "127"], ["58", "127"], ["77", "127"], ["103", "127"], ["19", "20"], ["19", "22"], ["33", "31"], ["33", "31"], ["39", "37"], ["39", "37"], ["19", "44"], ["22", "25"], ["19", "25"], ["34", "33"], ["19", "33"], ["40", "39"], ["19", "39"], ["49", "48"], ["49", "48"], ["31", "48"], ["19", "48"], ["19", "64"], ["67", "66"], ["67", "66"], ["70", "66"], ["70", "66"], ["77", "75"], ["77", "75"], ["77", "75"], ["84", "81"], ["84", "81"], ["19", "81"], ["90", "88"], ["90", "88"], ["103", "101"], ["103", "101"], ["103", "101"], ["67", "110"], ["19", "110"], ["44", "113"], ["81", "113"], ["19", "113"], ["25", "34"], ["19", "34"], ["34", "40"], ["19", "40"], ["50", "49"], ["50", "49"], ["19", "49"], ["62", "58"], ["48", "67"], ["103", "67"], ["19", "67"], ["50", "70"], ["101", "70"], ["19", "70"], ["44", "81"], ["77", "88"], ["19", "88"], ["123", "119"], ["37", "50"], ["19", "50"], ["19", "62"], ["19", "77"], ["67", "77"], ["50", "77"], ["70", "77"], ["101", "77"], ["84", "83"], ["84", "83"], ["19", "83"], ["91", "90"], ["91", "90"], ["19", "90"], ["19", "103"], ["105", "103"], ["105", "103"], ["88", "103"], ["19", "123"], ["37", "51"], ["19", "51"], ["77", "84"], ["19", "84"], ["75", "84"], ["84", "91"], ["19", "91"], ["84", "91"], ["96", "91"], ["96", "91"], ["96", "105"], ["19", "105"], ["84", "92"], ["19", "92"], ["84", "92"], ["96", "95"], ["96", "95"], ["19", "95"], ["19", "96"], ["84", "96"], ["84", "96"], ["48", "64"], ["48", "66"], ["48", "67"], ["48", "59"], ["48", "58"], ["48", "61"], ["48", "110"], ["48", "62"], ["66", "96"], ["66", "77"], ["66", "66"], ["66", "75"], ["66", "81"], ["66", "84"], ["66", "103"], ["66", "67"], ["66", "95"], ["66", "92"], ["66", "91"], ["66", "101"], ["66", "90"], ["66", "83"], ["66", "105"], ["66", "88"], ["110", "120"], ["110", "113"], ["110", "116"], ["110", "122"], ["110", "114"], ["110", "119"], ["110", "123"], ["67", "70"]], "features": {"19": "<(METHOD,main)<SUB>1</SUB>>", "21": "<(BLOCK,&lt;empty&gt;,&lt;empty&gt;)<SUB>1</SUB>>", "22": "<(&lt;operator&gt;.assignment,ANY sc = new Scanner(System.in))<SUB>2</SUB>>", "24": "<(&lt;operator&gt;.alloc,new Scanner(System.in))<SUB>2</SUB>>", "3": "<(IDENTIFIER,sc,new Scanner(System.in))<SUB>2</SUB>>", "27": "<(IDENTIFIER,System,new Scanner(System.in))<SUB>2</SUB>>", "29": "<(LOCAL,long n: long)<SUB>3</SUB>>", "31": "<(&lt;operator&gt;.assignment,long n = sc.nextLong() - 1)<SUB>3</SUB>>", "33": "<(&lt;operator&gt;.subtraction,sc.nextLong() - 1)<SUB>3</SUB>>", "35": "<(IDENTIFIER,sc,nextLong())<SUB>3</SUB>>", "37": "<(&lt;operator&gt;.assignment,long k = sc.nextLong() - 1)<SUB>3</SUB>>", "39": "<(&lt;operator&gt;.subtraction,sc.nextLong() - 1)<SUB>3</SUB>>", "41": "<(IDENTIFIER,sc,nextLong())<SUB>3</SUB>>", "43": "<(LOCAL,int a: int)<SUB>5</SUB>>", "45": "<(IDENTIFIER,a,int a = 0)<SUB>5</SUB>>", "47": "<(CONTROL_STRUCTURE,if ((k + 1) * k / 2 &lt; n),if ((k + 1) * k / 2 &lt; n))<SUB>6</SUB>>", "49": "<(&lt;operator&gt;.division,(k + 1) * k / 2)<SUB>6</SUB>>", "51": "<(&lt;operator&gt;.addition,k + 1)<SUB>6</SUB>>", "53": "<(LITERAL,1,k + 1)<SUB>6</SUB>>", "55": "<(LITERAL,2,(k + 1) * k / 2)<SUB>6</SUB>>", "57": "<(BLOCK,&lt;empty&gt;,&lt;empty&gt;)<SUB>6</SUB>>", "59": "<(&lt;operator&gt;.fieldAccess,System.out)<SUB>7</SUB>>", "61": "<(FIELD_IDENTIFIER,out,out)<SUB>7</SUB>>", "63": "<(LITERAL,1,-1)<SUB>7</SUB>>", "65": "<(CONTROL_STRUCTURE,while (n &gt; 0 &amp;&amp; k &gt; 0),while (n &gt; 0 &amp;&amp; k &gt; 0))<SUB>10</SUB>>", "67": "<(&lt;operator&gt;.greaterThan,n &gt; 0)<SUB>10</SUB>>", "69": "<(LITERAL,0,n &gt; 0)<SUB>10</SUB>>", "71": "<(IDENTIFIER,k,k &gt; 0)<SUB>10</SUB>>", "73": "<(BLOCK,&lt;empty&gt;,&lt;empty&gt;)<SUB>10</SUB>>", "75": "<(&lt;operator&gt;.assignment,long min = go(n, k))<SUB>11</SUB>>", "77": "<(go,go(n, k))<SUB>11</SUB>>", "79": "<(IDENTIFIER,n,go(n, k))<SUB>11</SUB>>", "81": "<(&lt;operator&gt;.assignmentPlus,a += k - min + 1)<SUB>12</SUB>>", "83": "<(&lt;operator&gt;.addition,k - min + 1)<SUB>12</SUB>>", "85": "<(IDENTIFIER,k,k - min)<SUB>12</SUB>>", "87": "<(LITERAL,1,k - min + 1)<SUB>12</SUB>>", "89": "<(IDENTIFIER,n,n -= (k + min) * (k - min + 1) / 2)<SUB>13</SUB>>", "91": "<(&lt;operator&gt;.multiplication,(k + min) * (k - min + 1))<SUB>13</SUB>>", "93": "<(IDENTIFIER,k,k + min)<SUB>13</SUB>>", "95": "<(&lt;operator&gt;.addition,k - min + 1)<SUB>13</SUB>>", "97": "<(IDENTIFIER,k,k - min)<SUB>13</SUB>>", "99": "<(LITERAL,1,k - min + 1)<SUB>13</SUB>>", "101": "<(&lt;operator&gt;.assignment,k = Math.min(min - 1, n))<SUB>14</SUB>>", "103": "<(min,Math.min(min - 1, n))<SUB>14</SUB>>", "105": "<(&lt;operator&gt;.subtraction,min - 1)<SUB>14</SUB>>", "107": "<(LITERAL,1,min - 1)<SUB>14</SUB>>", "109": "<(CONTROL_STRUCTURE,if (n == 0),if (n == 0))<SUB>17</SUB>>", "111": "<(IDENTIFIER,n,n == 0)<SUB>17</SUB>>", "113": "<(println,System.out.println(a))<SUB>18</SUB>>", "115": "<(IDENTIFIER,System,System.out.println(a))<SUB>18</SUB>>", "117": "<(IDENTIFIER,a,System.out.println(a))<SUB>18</SUB>>", "119": "<(println,System.out.println(-1))<SUB>20</SUB>>", "121": "<(IDENTIFIER,System,System.out.println(-1))<SUB>20</SUB>>", "123": "<(&lt;operator&gt;.minus,-1)<SUB>20</SUB>>", "125": "<(MODIFIER,PUBLIC)>", "127": "<(METHOD_RETURN,void)<SUB>1</SUB>>"}}