{"edges": [["19", "21"], ["19", "107"], ["19", "108"], ["19", "109"], ["21", "4"], ["21", "22"], ["21", "25"], ["21", "29"], ["21", "30"], ["21", "34"], ["21", "35"], ["21", "39"], ["21", "41"], ["22", "23"], ["22", "24"], ["25", "3"], ["25", "26"], ["26", "27"], ["26", "28"], ["30", "31"], ["30", "32"], ["32", "33"], ["35", "36"], ["35", "37"], ["37", "38"], ["39", "40"], ["41", "42"], ["41", "53"], ["41", "60"], ["42", "43"], ["42", "52"], ["43", "44"], ["43", "51"], ["44", "45"], ["44", "50"], ["45", "46"], ["45", "47"], ["47", "48"], ["47", "49"], ["53", "54"], ["54", "55"], ["54", "58"], ["55", "56"], ["55", "57"], ["58", "59"], ["60", "61"], ["61", "62"], ["61", "63"], ["61", "64"], ["61", "68"], ["61", "71"], ["61", "102"], ["64", "65"], ["64", "66"], ["66", "67"], ["68", "69"], ["68", "70"], ["71", "72"], ["71", "77"], ["72", "73"], ["72", "76"], ["73", "74"], ["73", "75"], ["77", "78"], ["77", "79"], ["77", "86"], ["79", "80"], ["79", "81"], ["81", "82"], ["81", "85"], ["82", "83"], ["82", "84"], ["86", "87"], ["86", "93"], ["86", "97"], ["87", "88"], ["87", "92"], ["88", "89"], ["88", "90"], ["88", "91"], ["93", "94"], ["94", "95"], ["94", "96"], ["97", "98"], ["98", "99"], ["99", "100"], ["99", "101"], ["102", "103"], ["102", "106"], ["103", "104"], ["103", "105"], ["22", "28"], ["25", "32"], ["30", "37"], ["35", "39"], ["39", "47"], ["24", "22"], ["26", "25"], ["32", "30"], ["37", "35"], ["42", "57"], ["42", "66"], ["28", "26"], ["43", "42"], ["54", "109"], ["44", "43"], ["55", "58"], ["58", "54"], ["64", "68"], ["68", "73"], ["102", "109"], ["45", "44"], ["57", "55"], ["66", "64"], ["72", "82"], ["72", "105"], ["103", "102"], ["47", "45"], ["73", "72"], ["79", "88"], ["105", "103"], ["81", "79"], ["87", "94"], ["87", "99"], ["82", "81"], ["88", "87"], ["94", "73"], ["99", "73"], ["19", "24"], ["20", "109"], ["22", "109"], ["25", "109"], ["25", "109"], ["30", "109"], ["35", "109"], ["35", "109"], ["39", "109"], ["39", "109"], ["45", "109"], ["45", "109"], ["44", "109"], ["43", "109"], ["42", "109"], ["42", "109"], ["42", "109"], ["54", "109"], ["54", "109"], ["54", "109"], ["88", "109"], ["19", "20"], ["19", "22"], ["32", "30"], ["37", "35"], ["22", "25"], ["19", "25"], ["37", "39"], ["19", "39"], ["25", "32"], ["19", "32"], ["32", "37"], ["19", "37"], ["44", "42"], ["44", "42"], ["19", "42"], ["30", "42"], ["44", "43"], ["44", "43"], ["19", "43"], ["58", "54"], ["66", "64"], ["45", "68"], ["19", "68"], ["45", "44"], ["45", "44"], ["19", "44"], ["19", "58"], ["73", "102"], ["19", "102"], ["47", "45"], ["19", "45"], ["47", "45"], ["19", "66"], ["73", "72"], ["73", "72"], ["19", "72"], ["81", "79"], ["81", "79"], ["35", "47"], ["19", "47"], ["68", "73"], ["94", "73"], ["19", "73"], ["64", "73"], ["99", "73"], ["73", "81"], ["19", "81"], ["73", "81"], ["88", "87"], ["88", "87"], ["88", "87"], ["42", "87"], ["19", "87"], ["88", "94"], ["19", "94"], ["73", "82"], ["19", "82"], ["73", "82"], ["19", "88"], ["45", "88"], ["79", "88"], ["88", "99"], ["19", "99"], ["42", "58"], ["42", "68"], ["42", "73"], ["42", "64"], ["42", "57"], ["42", "66"], ["42", "105"], ["42", "102"], ["42", "72"], ["42", "103"], ["42", "55"], ["42", "54"], ["72", "73"], ["72", "81"], ["72", "72"], ["72", "88"], ["72", "87"], ["72", "82"], ["72", "79"], ["87", "94"], ["87", "99"]], "features": {"19": "<(METHOD,main)<SUB>1</SUB>>", "21": "<(BLOCK,&lt;empty&gt;,&lt;empty&gt;)<SUB>1</SUB>>", "22": "<(&lt;operator&gt;.assignment,ANY sc = new Scanner(System.in))<SUB>2</SUB>>", "24": "<(&lt;operator&gt;.alloc,new Scanner(System.in))<SUB>2</SUB>>", "3": "<(IDENTIFIER,sc,new Scanner(System.in))<SUB>2</SUB>>", "27": "<(IDENTIFIER,System,new Scanner(System.in))<SUB>2</SUB>>", "29": "<(LOCAL,long n: long)<SUB>3</SUB>>", "31": "<(IDENTIFIER,n,long n = nextLong())<SUB>3</SUB>>", "33": "<(IDENTIFIER,sc,nextLong())<SUB>3</SUB>>", "35": "<(&lt;operator&gt;.assignment,long k = nextLong())<SUB>4</SUB>>", "37": "<(nextLong,nextLong())<SUB>4</SUB>>", "39": "<(close,close())<SUB>5</SUB>>", "41": "<(CONTROL_STRUCTURE,if (k * (k - 1) / 2 + 1 &lt; n),if (k * (k - 1) / 2 + 1 &lt; n))<SUB>7</SUB>>", "43": "<(&lt;operator&gt;.addition,k * (k - 1) / 2 + 1)<SUB>7</SUB>>", "45": "<(&lt;operator&gt;.multiplication,k * (k - 1))<SUB>7</SUB>>", "47": "<(&lt;operator&gt;.subtraction,k - 1)<SUB>7</SUB>>", "49": "<(LITERAL,1,k - 1)<SUB>7</SUB>>", "51": "<(LITERAL,1,k * (k - 1) / 2 + 1)<SUB>7</SUB>>", "53": "<(BLOCK,&lt;empty&gt;,&lt;empty&gt;)<SUB>7</SUB>>", "55": "<(&lt;operator&gt;.fieldAccess,System.out)<SUB>8</SUB>>", "57": "<(FIELD_IDENTIFIER,out,out)<SUB>8</SUB>>", "59": "<(LITERAL,1,-1)<SUB>8</SUB>>", "61": "<(BLOCK,&lt;empty&gt;,&lt;empty&gt;)<SUB>9</SUB>>", "63": "<(LOCAL,long r: long)<SUB>10</SUB>>", "65": "<(IDENTIFIER,l,long l = -1)<SUB>10</SUB>>", "67": "<(LITERAL,1,-1)<SUB>10</SUB>>", "69": "<(IDENTIFIER,r,long r = k)<SUB>10</SUB>>", "71": "<(CONTROL_STRUCTURE,while (r - l &gt; 1),while (r - l &gt; 1))<SUB>11</SUB>>", "73": "<(&lt;operator&gt;.subtraction,r - l)<SUB>11</SUB>>", "75": "<(IDENTIFIER,l,r - l)<SUB>11</SUB>>", "77": "<(BLOCK,&lt;empty&gt;,&lt;empty&gt;)<SUB>11</SUB>>", "79": "<(&lt;operator&gt;.assignment,long m = (r + l) / 2)<SUB>12</SUB>>", "81": "<(&lt;operator&gt;.division,(r + l) / 2)<SUB>12</SUB>>", "83": "<(IDENTIFIER,r,r + l)<SUB>12</SUB>>", "85": "<(LITERAL,2,(r + l) / 2)<SUB>12</SUB>>", "87": "<(&lt;operator&gt;.greaterEqualsThan,cantidadPosible(k, m) &gt;= n)<SUB>13</SUB>>", "89": "<(IDENTIFIER,this,cantidadPosible(k, m))<SUB>13</SUB>>", "91": "<(IDENTIFIER,m,cantidadPosible(k, m))<SUB>13</SUB>>", "93": "<(BLOCK,&lt;empty&gt;,&lt;empty&gt;)<SUB>13</SUB>>", "95": "<(IDENTIFIER,r,r = m)<SUB>14</SUB>>", "97": "<(CONTROL_STRUCTURE,else,else)<SUB>15</SUB>>", "99": "<(&lt;operator&gt;.assignment,l = m)<SUB>16</SUB>>", "101": "<(IDENTIFIER,m,l = m)<SUB>16</SUB>>", "103": "<(&lt;operator&gt;.fieldAccess,System.out)<SUB>19</SUB>>", "105": "<(FIELD_IDENTIFIER,out,out)<SUB>19</SUB>>", "107": "<(MODIFIER,PUBLIC)>", "109": "<(METHOD_RETURN,void)<SUB>1</SUB>>"}}