{"edges": [["19", "20"], ["19", "21"], ["19", "150"], ["19", "151"], ["19", "152"], ["21", "4"], ["21", "22"], ["21", "25"], ["21", "29"], ["21", "30"], ["21", "34"], ["21", "35"], ["21", "39"], ["21", "40"], ["21", "51"], ["21", "63"], ["21", "64"], ["21", "69"], ["21", "70"], ["21", "73"], ["21", "74"], ["21", "79"], ["21", "117"], ["21", "118"], ["21", "127"], ["22", "23"], ["22", "24"], ["25", "3"], ["25", "26"], ["26", "27"], ["26", "28"], ["30", "31"], ["30", "32"], ["32", "33"], ["35", "36"], ["35", "37"], ["37", "38"], ["40", "41"], ["40", "42"], ["42", "43"], ["42", "50"], ["43", "44"], ["43", "49"], ["44", "45"], ["44", "46"], ["46", "47"], ["46", "48"], ["51", "52"], ["51", "55"], ["52", "53"], ["52", "54"], ["55", "56"], ["55", "62"], ["56", "57"], ["56", "60"], ["57", "58"], ["57", "59"], ["60", "61"], ["64", "65"], ["64", "66"], ["66", "67"], ["66", "68"], ["70", "71"], ["70", "72"], ["74", "75"], ["74", "76"], ["76", "77"], ["76", "78"], ["79", "80"], ["79", "83"], ["80", "81"], ["80", "82"], ["83", "84"], ["83", "85"], ["83", "92"], ["83", "93"], ["83", "102"], ["85", "86"], ["85", "87"], ["87", "88"], ["87", "91"], ["88", "89"], ["88", "90"], ["93", "94"], ["93", "95"], ["95", "96"], ["95", "101"], ["96", "97"], ["96", "98"], ["98", "99"], ["98", "100"], ["102", "103"], ["102", "106"], ["102", "112"], ["103", "104"], ["103", "105"], ["106", "107"], ["107", "108"], ["107", "109"], ["109", "110"], ["109", "111"], ["112", "113"], ["113", "114"], ["114", "115"], ["114", "116"], ["118", "119"], ["118", "120"], ["120", "121"], ["120", "126"], ["121", "122"], ["121", "123"], ["123", "124"], ["123", "125"], ["127", "128"], ["127", "131"], ["127", "141"], ["128", "129"], ["128", "130"], ["131", "132"], ["132", "133"], ["132", "136"], ["133", "134"], ["133", "135"], ["136", "137"], ["136", "140"], ["137", "138"], ["137", "139"], ["141", "142"], ["142", "143"], ["143", "144"], ["143", "147"], ["144", "145"], ["144", "146"], ["147", "148"], ["147", "149"], ["22", "28"], ["25", "32"], ["30", "37"], ["35", "46"], ["40", "52"], ["64", "70"], ["70", "76"], ["74", "80"], ["118", "128"], ["24", "22"], ["26", "25"], ["32", "30"], ["37", "35"], ["42", "40"], ["52", "59"], ["52", "66"], ["66", "64"], ["76", "74"], ["80", "88"], ["80", "123"], ["120", "118"], ["128", "135"], ["128", "146"], ["28", "26"], ["43", "42"], ["56", "62"], ["62", "152"], ["85", "98"], ["93", "103"], ["121", "120"], ["132", "152"], ["44", "43"], ["57", "60"], ["60", "56"], ["87", "85"], ["95", "93"], ["103", "109"], ["103", "114"], ["123", "121"], ["133", "137"], ["136", "132"], ["143", "152"], ["46", "44"], ["59", "57"], ["88", "87"], ["96", "95"], ["107", "80"], ["135", "133"], ["137", "136"], ["144", "147"], ["147", "143"], ["98", "96"], ["109", "107"], ["114", "80"], ["146", "144"], ["19", "24"], ["62", "152"], ["20", "152"], ["22", "152"], ["25", "152"], ["25", "152"], ["30", "152"], ["37", "152"], ["35", "152"], ["35", "152"], ["44", "152"], ["44", "152"], ["43", "152"], ["42", "152"], ["40", "152"], ["40", "152"], ["52", "152"], ["52", "152"], ["52", "152"], ["56", "152"], ["56", "152"], ["56", "152"], ["19", "20"], ["19", "22"], ["32", "30"], ["37", "35"], ["43", "40"], ["43", "40"], ["19", "40"], ["66", "64"], ["66", "64"], ["19", "70"], ["76", "74"], ["76", "74"], ["120", "118"], ["120", "118"], ["22", "25"], ["19", "25"], ["25", "32"], ["19", "32"], ["32", "37"], ["19", "37"], ["43", "42"], ["43", "42"], ["19", "42"], ["40", "52"], ["19", "52"], ["30", "52"], ["19", "62"], ["52", "66"], ["19", "66"], ["52", "66"], ["44", "76"], ["19", "76"], ["70", "80"], ["107", "80"], ["19", "80"], ["74", "80"], ["114", "80"], ["87", "85"], ["87", "85"], ["95", "93"], ["95", "93"], ["121", "120"], ["121", "120"], ["19", "120"], ["118", "128"], ["19", "128"], ["64", "128"], ["103", "128"], ["44", "43"], ["44", "43"], ["19", "43"], ["60", "56"], ["19", "121"], ["80", "121"], ["136", "132"], ["136", "132"], ["46", "44"], ["19", "44"], ["46", "44"], ["19", "60"], ["80", "87"], ["19", "87"], ["80", "87"], ["96", "95"], ["96", "95"], ["19", "95"], ["93", "103"], ["19", "103"], ["64", "103"], ["96", "107"], ["19", "107"], ["80", "123"], ["19", "123"], ["137", "136"], ["137", "136"], ["121", "136"], ["19", "136"], ["147", "143"], ["147", "143"], ["35", "46"], ["19", "46"], ["80", "88"], ["19", "88"], ["80", "88"], ["19", "96"], ["85", "96"], ["96", "114"], ["19", "114"], ["76", "137"], ["19", "137"], ["76", "147"], ["19", "147"], ["121", "147"], ["85", "98"], ["19", "98"], ["96", "109"], ["19", "109"], ["52", "60"], ["52", "64"], ["52", "57"], ["52", "66"], ["52", "120"], ["52", "128"], ["52", "56"], ["52", "74"], ["52", "121"], ["52", "123"], ["52", "76"], ["52", "59"], ["52", "80"], ["52", "118"], ["52", "70"], ["52", "62"], ["80", "96"], ["80", "98"], ["80", "85"], ["80", "103"], ["80", "95"], ["80", "87"], ["80", "93"], ["80", "80"], ["80", "88"], ["128", "136"], ["128", "146"], ["128", "132"], ["128", "144"], ["128", "143"], ["128", "137"], ["128", "147"], ["128", "135"], ["128", "133"], ["103", "107"], ["103", "114"], ["103", "109"]], "features": {"19": "<(METHOD,main)<SUB>1</SUB>>", "21": "<(BLOCK,&lt;empty&gt;,&lt;empty&gt;)<SUB>1</SUB>>", "22": "<(&lt;operator&gt;.assignment,ANY scan = new Scanner(System.in))<SUB>2</SUB>>", "24": "<(&lt;operator&gt;.alloc,new Scanner(System.in))<SUB>2</SUB>>", "3": "<(IDENTIFIER,scan,new Scanner(System.in))<SUB>2</SUB>>", "27": "<(IDENTIFIER,System,new Scanner(System.in))<SUB>2</SUB>>", "29": "<(LOCAL,long n: long)<SUB>3</SUB>>", "31": "<(IDENTIFIER,n,long n = nextLong())<SUB>3</SUB>>", "33": "<(IDENTIFIER,scan,nextLong())<SUB>3</SUB>>", "35": "<(&lt;operator&gt;.assignment,long k = nextLong())<SUB>4</SUB>>", "37": "<(nextLong,nextLong())<SUB>4</SUB>>", "39": "<(LOCAL,long total: long)<SUB>5</SUB>>", "41": "<(IDENTIFIER,total,long total = k * (k - 1) / 2 + 1)<SUB>5</SUB>>", "43": "<(&lt;operator&gt;.division,k * (k - 1) / 2)<SUB>5</SUB>>", "45": "<(IDENTIFIER,k,k * (k - 1))<SUB>5</SUB>>", "47": "<(IDENTIFIER,k,k - 1)<SUB>5</SUB>>", "49": "<(LITERAL,2,k * (k - 1) / 2)<SUB>5</SUB>>", "51": "<(CONTROL_STRUCTURE,if (total &lt; n),if (total &lt; n))<SUB>6</SUB>>", "53": "<(IDENTIFIER,total,total &lt; n)<SUB>6</SUB>>", "55": "<(BLOCK,&lt;empty&gt;,&lt;empty&gt;)<SUB>6</SUB>>", "57": "<(&lt;operator&gt;.fieldAccess,System.out)<SUB>7</SUB>>", "59": "<(FIELD_IDENTIFIER,out,out)<SUB>7</SUB>>", "61": "<(LITERAL,1,-1)<SUB>7</SUB>>", "63": "<(LOCAL,long left: long)<SUB>11</SUB>>", "65": "<(IDENTIFIER,left,long left = total - n)<SUB>11</SUB>>", "67": "<(IDENTIFIER,total,total - n)<SUB>11</SUB>>", "69": "<(LOCAL,long low: long)<SUB>12</SUB>>", "71": "<(IDENTIFIER,low,long low = 1)<SUB>12</SUB>>", "73": "<(LOCAL,long high: long)<SUB>13</SUB>>", "75": "<(IDENTIFIER,high,long high = k - 1)<SUB>13</SUB>>", "77": "<(IDENTIFIER,k,k - 1)<SUB>13</SUB>>", "79": "<(CONTROL_STRUCTURE,while (low &lt; high),while (low &lt; high))<SUB>14</SUB>>", "81": "<(IDENTIFIER,low,low &lt; high)<SUB>14</SUB>>", "83": "<(BLOCK,&lt;empty&gt;,&lt;empty&gt;)<SUB>14</SUB>>", "85": "<(&lt;operator&gt;.assignment,long mid = (low + high) / 2)<SUB>15</SUB>>", "87": "<(&lt;operator&gt;.division,(low + high) / 2)<SUB>15</SUB>>", "89": "<(IDENTIFIER,low,low + high)<SUB>15</SUB>>", "91": "<(LITERAL,2,(low + high) / 2)<SUB>15</SUB>>", "93": "<(&lt;operator&gt;.assignment,long temp = mid * (mid + 1) / 2)<SUB>16</SUB>>", "95": "<(&lt;operator&gt;.division,mid * (mid + 1) / 2)<SUB>16</SUB>>", "97": "<(IDENTIFIER,mid,mid * (mid + 1))<SUB>16</SUB>>", "99": "<(IDENTIFIER,mid,mid + 1)<SUB>16</SUB>>", "101": "<(LITERAL,2,mid * (mid + 1) / 2)<SUB>16</SUB>>", "103": "<(&lt;operator&gt;.lessThan,temp &lt; left)<SUB>17</SUB>>", "105": "<(IDENTIFIER,left,temp &lt; left)<SUB>17</SUB>>", "107": "<(&lt;operator&gt;.assignment,low = mid + 1)<SUB>18</SUB>>", "109": "<(&lt;operator&gt;.addition,mid + 1)<SUB>18</SUB>>", "111": "<(LITERAL,1,mid + 1)<SUB>18</SUB>>", "113": "<(BLOCK,&lt;empty&gt;,&lt;empty&gt;)<SUB>19</SUB>>", "115": "<(IDENTIFIER,high,high = mid)<SUB>20</SUB>>", "117": "<(LOCAL,long temp: long)<SUB>23</SUB>>", "119": "<(IDENTIFIER,temp,long temp = low * (low + 1) / 2)<SUB>23</SUB>>", "121": "<(&lt;operator&gt;.multiplication,low * (low + 1))<SUB>23</SUB>>", "123": "<(&lt;operator&gt;.addition,low + 1)<SUB>23</SUB>>", "125": "<(LITERAL,1,low + 1)<SUB>23</SUB>>", "127": "<(CONTROL_STRUCTURE,if (temp == left),if (temp == left))<SUB>24</SUB>>", "129": "<(IDENTIFIER,temp,temp == left)<SUB>24</SUB>>", "131": "<(BLOCK,&lt;empty&gt;,&lt;empty&gt;)<SUB>24</SUB>>", "133": "<(&lt;operator&gt;.fieldAccess,System.out)<SUB>25</SUB>>", "135": "<(FIELD_IDENTIFIER,out,out)<SUB>25</SUB>>", "137": "<(&lt;operator&gt;.subtraction,k - 1)<SUB>25</SUB>>", "139": "<(LITERAL,1,k - 1)<SUB>25</SUB>>", "141": "<(CONTROL_STRUCTURE,else,else)<SUB>26</SUB>>", "143": "<(println,System.out.println(k - low))<SUB>27</SUB>>", "145": "<(IDENTIFIER,System,System.out.println(k - low))<SUB>27</SUB>>", "147": "<(&lt;operator&gt;.subtraction,k - low)<SUB>27</SUB>>", "149": "<(IDENTIFIER,low,k - low)<SUB>27</SUB>>", "151": "<(MODIFIER,STATIC)>"}}