{"edges": [["25", "26"], ["25", "27"], ["25", "70"], ["25", "71"], ["25", "72"], ["27", "28"], ["27", "29"], ["27", "34"], ["27", "35"], ["27", "4"], ["27", "40"], ["27", "43"], ["27", "6"], ["27", "45"], ["27", "48"], ["27", "8"], ["27", "52"], ["27", "55"], ["27", "10"], ["27", "59"], ["27", "62"], ["27", "63"], ["27", "68"], ["29", "30"], ["29", "31"], ["31", "32"], ["31", "33"], ["35", "36"], ["35", "37"], ["37", "38"], ["37", "39"], ["40", "41"], ["40", "42"], ["43", "3"], ["43", "44"], ["45", "46"], ["45", "47"], ["48", "5"], ["48", "49"], ["49", "50"], ["49", "51"], ["52", "53"], ["52", "54"], ["55", "7"], ["55", "56"], ["56", "57"], ["56", "58"], ["59", "60"], ["59", "61"], ["62", "9"], ["63", "64"], ["63", "65"], ["63", "66"], ["63", "67"], ["68", "69"], ["29", "39"], ["35", "42"], ["40", "43"], ["43", "47"], ["45", "51"], ["48", "54"], ["52", "58"], ["55", "61"], ["59", "62"], ["62", "63"], ["63", "68"], ["68", "72"], ["31", "29"], ["37", "35"], ["42", "40"], ["47", "45"], ["49", "48"], ["54", "52"], ["56", "55"], ["61", "59"], ["33", "31"], ["39", "37"], ["51", "49"], ["58", "56"], ["25", "33"], ["26", "72"], ["29", "72"], ["35", "72"], ["35", "72"], ["40", "72"], ["43", "72"], ["43", "72"], ["45", "72"], ["48", "72"], ["48", "72"], ["52", "72"], ["55", "72"], ["55", "72"], ["55", "72"], ["59", "72"], ["62", "72"], ["63", "72"], ["63", "72"], ["63", "72"], ["68", "72"], ["68", "72"], ["25", "26"], ["25", "40"], ["25", "45"], ["25", "52"], ["25", "59"], ["40", "43"], ["25", "43"], ["29", "43"], ["45", "48"], ["25", "48"], ["52", "55"], ["25", "55"], ["59", "62"], ["25", "62"], ["62", "63"], ["25", "63"], ["43", "63"], ["48", "63"], ["63", "68"], ["25", "68"]], "features": {"25": "<(METHOD,main)<SUB>1</SUB>>", "27": "<(BLOCK,&lt;empty&gt;,&lt;empty&gt;)<SUB>1</SUB>>", "29": "<(&lt;operator&gt;.assignment,ANY inputStream = System.in)<SUB>2</SUB>>", "31": "<(&lt;operator&gt;.fieldAccess,System.in)<SUB>2</SUB>>", "33": "<(FIELD_IDENTIFIER,in,in)<SUB>2</SUB>>", "35": "<(&lt;operator&gt;.assignment,ANY outputStream = System.out)<SUB>3</SUB>>", "37": "<(&lt;operator&gt;.fieldAccess,System.out)<SUB>3</SUB>>", "39": "<(FIELD_IDENTIFIER,out,out)<SUB>3</SUB>>", "40": "<(&lt;operator&gt;.assignment,ANY in = new InputReader(inputStream))<SUB>4</SUB>>", "42": "<(&lt;operator&gt;.alloc,new InputReader(inputStream))<SUB>4</SUB>>", "3": "<(IDENTIFIER,in,new InputReader(inputStream))<SUB>4</SUB>>", "6": "<(LOCAL,PrintWriter out: ANY)<SUB>5</SUB>>", "46": "<(IDENTIFIER,out,ANY out = new PrintWriter(System.out))<SUB>5</SUB>>", "48": "<(&lt;init&gt;,new PrintWriter(System.out))<SUB>5</SUB>>", "49": "<(&lt;operator&gt;.fieldAccess,System.out)<SUB>5</SUB>>", "51": "<(FIELD_IDENTIFIER,out,out)<SUB>5</SUB>>", "52": "<(&lt;operator&gt;.assignment,ANY scan = new Scanner(System.in))<SUB>6</SUB>>", "54": "<(&lt;operator&gt;.alloc,new Scanner(System.in))<SUB>6</SUB>>", "7": "<(IDENTIFIER,scan,new Scanner(System.in))<SUB>6</SUB>>", "57": "<(IDENTIFIER,System,new Scanner(System.in))<SUB>6</SUB>>", "10": "<(LOCAL,TaskC solver: ANY)<SUB>7</SUB>>", "60": "<(IDENTIFIER,solver,ANY solver = new TaskC())<SUB>7</SUB>>", "62": "<(&lt;init&gt;,new TaskC())<SUB>7</SUB>>", "63": "<(solve,solve(1, in, out))<SUB>8</SUB>>", "65": "<(LITERAL,1,solve(1, in, out))<SUB>8</SUB>>", "67": "<(IDENTIFIER,out,solve(1, in, out))<SUB>8</SUB>>", "69": "<(IDENTIFIER,out,close())<SUB>9</SUB>>", "71": "<(MODIFIER,STATIC)>"}}