{"edges": [["17", "19"], ["17", "35"], ["17", "36"], ["17", "37"], ["19", "20"], ["20", "21"], ["21", "22"], ["21", "25"], ["21", "34"], ["22", "23"], ["22", "24"], ["25", "26"], ["25", "27"], ["27", "28"], ["27", "31"], ["27", "33"], ["28", "29"], ["28", "30"], ["31", "32"], ["20", "37"], ["22", "30"], ["25", "20"], ["24", "22"], ["28", "31"], ["31", "25"], ["30", "28"], ["17", "24"], ["18", "37"], ["25", "37"], ["28", "37"], ["31", "37"], ["31", "37"], ["25", "37"], ["20", "37"], ["17", "18"], ["28", "20"], ["25", "20"], ["17", "20"], ["17", "22"], ["17", "34"], ["22", "25"], ["17", "25"], ["28", "25"], ["31", "25"], ["17", "28"], ["17", "33"], ["28", "31"], ["17", "31"]], "features": {"17": "<(METHOD,main)<SUB>1</SUB>>", "19": "<(BLOCK,&lt;empty&gt;,&lt;empty&gt;)<SUB>1</SUB>>", "21": "<(BLOCK,&lt;empty&gt;,&lt;empty&gt;)<SUB>2</SUB>>", "23": "<(IDENTIFIER,$obj1,&lt;empty&gt;)>", "25": "<(&lt;init&gt;,new Thread(new B()))<SUB>2</SUB>>", "27": "<(BLOCK,&lt;empty&gt;,&lt;empty&gt;)<SUB>2</SUB>>", "29": "<(IDENTIFIER,$obj0,&lt;empty&gt;)>", "31": "<(&lt;init&gt;,new B())<SUB>2</SUB>>", "33": "<(IDENTIFIER,$obj0,&lt;empty&gt;)>", "35": "<(MODIFIER,PUBLIC)>", "37": "<(METHOD_RETURN,void)<SUB>1</SUB>>"}}