{"edges": [["17", "19"], ["17", "65"], ["17", "66"], ["17", "67"], ["19", "20"], ["19", "23"], ["19", "35"], ["19", "38"], ["19", "43"], ["19", "44"], ["19", "47"], ["20", "21"], ["20", "22"], ["23", "24"], ["23", "25"], ["25", "26"], ["25", "29"], ["25", "34"], ["26", "27"], ["26", "28"], ["29", "30"], ["29", "31"], ["31", "32"], ["31", "33"], ["35", "36"], ["35", "37"], ["38", "39"], ["38", "40"], ["40", "41"], ["40", "42"], ["44", "45"], ["44", "46"], ["47", "48"], ["47", "49"], ["47", "54"], ["49", "50"], ["49", "52"], ["50", "51"], ["52", "53"], ["54", "55"], ["55", "56"], ["56", "57"], ["56", "60"], ["56", "62"], ["57", "58"], ["58", "59"], ["60", "61"], ["62", "63"], ["63", "64"], ["20", "28"], ["23", "37"], ["35", "42"], ["38", "44"], ["44", "48"], ["22", "20"], ["37", "35"], ["40", "38"], ["48", "50"], ["48", "58"], ["26", "33"], ["29", "23"], ["42", "40"], ["50", "52"], ["52", "67"], ["28", "26"], ["31", "29"], ["33", "31"], ["58", "63"], ["63", "67"], ["17", "22"], ["18", "67"], ["20", "67"], ["23", "67"], ["26", "67"], ["29", "67"], ["29", "67"], ["29", "67"], ["23", "67"], ["35", "67"], ["38", "67"], ["38", "67"], ["44", "67"], ["44", "67"], ["50", "67"], ["50", "67"], ["52", "67"], ["52", "67"], ["17", "18"], ["17", "20"], ["17", "35"], ["17", "44"], ["20", "23"], ["17", "23"], ["26", "23"], ["29", "23"], ["35", "38"], ["17", "38"], ["17", "48"], ["17", "26"], ["17", "34"], ["26", "29"], ["17", "29"], ["17", "50"], ["38", "52"], ["17", "52"], ["17", "61"], ["17", "58"], ["38", "63"], ["17", "63"], ["48", "58"], ["48", "50"], ["48", "52"], ["48", "63"]], "features": {"17": "<(METHOD,main)<SUB>1</SUB>>", "19": "<(BLOCK,&lt;empty&gt;,&lt;empty&gt;)<SUB>1</SUB>>", "21": "<(IDENTIFIER,in,in = new BufferedReader(new InputStreamReader(System.in)))<SUB>2</SUB>>", "23": "<(&lt;init&gt;,new BufferedReader(new InputStreamReader(System.in)))<SUB>2</SUB>>", "25": "<(BLOCK,&lt;empty&gt;,&lt;empty&gt;)<SUB>2</SUB>>", "27": "<(IDENTIFIER,$obj0,&lt;empty&gt;)>", "29": "<(&lt;init&gt;,new InputStreamReader(System.in))<SUB>2</SUB>>", "31": "<(&lt;operator&gt;.fieldAccess,System.in)<SUB>2</SUB>>", "33": "<(FIELD_IDENTIFIER,in,in)<SUB>2</SUB>>", "35": "<(&lt;operator&gt;.assignment,out = new PrintWriter(System.out))<SUB>3</SUB>>", "37": "<(&lt;operator&gt;.alloc,new PrintWriter(System.out))<SUB>3</SUB>>", "39": "<(IDENTIFIER,out,new PrintWriter(System.out))<SUB>3</SUB>>", "41": "<(IDENTIFIER,System,new PrintWriter(System.out))<SUB>3</SUB>>", "43": "<(LOCAL,boolean showLineError: boolean)<SUB>5</SUB>>", "45": "<(IDENTIFIER,showLineError,boolean showLineError = true)<SUB>5</SUB>>", "47": "<(CONTROL_STRUCTURE,if (showLineError),if (showLineError))<SUB>6</SUB>>", "49": "<(BLOCK,&lt;empty&gt;,&lt;empty&gt;)<SUB>6</SUB>>", "51": "<(IDENTIFIER,this,solve())<SUB>7</SUB>>", "53": "<(IDENTIFIER,out,close())<SUB>8</SUB>>", "55": "<(BLOCK,&lt;empty&gt;,&lt;empty&gt;)<SUB>9</SUB>>", "57": "<(BLOCK,try,try)<SUB>10</SUB>>", "59": "<(IDENTIFIER,this,solve())<SUB>11</SUB>>", "61": "<(BLOCK,&lt;empty&gt;,&lt;empty&gt;)<SUB>12</SUB>>", "63": "<(close,close())<SUB>14</SUB>>", "65": "<(MODIFIER,PUBLIC)>", "67": "<(METHOD_RETURN,void)<SUB>1</SUB>>"}}