{"edges": [["17", "18"], ["17", "19"], ["17", "92"], ["17", "93"], ["17", "94"], ["19", "20"], ["19", "21"], ["19", "28"], ["19", "82"], ["19", "90"], ["21", "22"], ["21", "23"], ["23", "24"], ["23", "25"], ["25", "26"], ["25", "27"], ["28", "29"], ["28", "30"], ["28", "54"], ["30", "31"], ["30", "34"], ["30", "46"], ["30", "49"], ["31", "32"], ["31", "33"], ["34", "35"], ["34", "36"], ["36", "37"], ["36", "40"], ["36", "45"], ["37", "38"], ["37", "39"], ["40", "41"], ["40", "42"], ["42", "43"], ["42", "44"], ["46", "47"], ["46", "48"], ["49", "50"], ["49", "51"], ["51", "52"], ["51", "53"], ["54", "55"], ["55", "56"], ["55", "59"], ["55", "69"], ["55", "72"], ["56", "57"], ["56", "58"], ["59", "60"], ["59", "61"], ["61", "62"], ["61", "65"], ["61", "68"], ["62", "63"], ["62", "64"], ["65", "66"], ["65", "67"], ["69", "70"], ["69", "71"], ["72", "73"], ["72", "74"], ["74", "75"], ["74", "78"], ["74", "81"], ["75", "76"], ["75", "77"], ["78", "79"], ["78", "80"], ["82", "83"], ["83", "84"], ["83", "87"], ["83", "89"], ["84", "85"], ["84", "86"], ["87", "88"], ["90", "91"], ["21", "29"], ["82", "90"], ["90", "94"], ["23", "21"], ["29", "33"], ["29", "58"], ["25", "23"], ["31", "39"], ["34", "48"], ["46", "53"], ["49", "86"], ["84", "87"], ["87", "82"], ["33", "31"], ["48", "46"], ["51", "49"], ["56", "64"], ["59", "71"], ["69", "77"], ["72", "86"], ["86", "84"], ["37", "44"], ["40", "34"], ["53", "51"], ["58", "56"], ["71", "69"], ["39", "37"], ["42", "40"], ["62", "65"], ["65", "59"], ["75", "78"], ["78", "72"], ["44", "42"], ["64", "62"], ["77", "75"], ["17", "25"], ["18", "94"], ["21", "94"], ["25", "94"], ["23", "94"], ["21", "94"], ["21", "94"], ["56", "94"], ["59", "94"], ["65", "94"], ["65", "94"], ["59", "94"], ["69", "94"], ["78", "94"], ["78", "94"], ["72", "94"], ["31", "94"], ["34", "94"], ["40", "94"], ["40", "94"], ["40", "94"], ["34", "94"], ["46", "94"], ["49", "94"], ["49", "94"], ["84", "94"], ["87", "94"], ["87", "94"], ["82", "94"], ["90", "94"], ["90", "94"], ["17", "18"], ["23", "21"], ["23", "21"], ["17", "29"], ["84", "82"], ["87", "82"], ["17", "82"], ["72", "90"], ["49", "90"], ["17", "90"], ["17", "23"], ["25", "23"], ["25", "23"], ["17", "31"], ["17", "46"], ["17", "84"], ["17", "89"], ["17", "25"], ["31", "34"], ["17", "34"], ["37", "34"], ["40", "34"], ["46", "49"], ["17", "49"], ["25", "49"], ["17", "56"], ["17", "69"], ["84", "87"], ["17", "87"], ["17", "37"], ["17", "45"], ["56", "59"], ["17", "59"], ["62", "59"], ["65", "59"], ["69", "72"], ["17", "72"], ["75", "72"], ["78", "72"], ["37", "40"], ["17", "40"], ["25", "40"], ["17", "62"], ["17", "68"], ["17", "75"], ["17", "81"], ["62", "65"], ["17", "65"], ["75", "78"], ["17", "78"], ["29", "34"], ["29", "48"], ["29", "49"], ["29", "77"], ["29", "64"], ["29", "42"], ["29", "51"], ["29", "75"], ["29", "37"], ["29", "46"], ["29", "72"], ["29", "56"], ["29", "69"], ["29", "40"], ["29", "65"], ["29", "59"], ["29", "44"], ["29", "58"], ["29", "33"], ["29", "71"], ["29", "53"], ["29", "78"], ["29", "62"], ["29", "39"], ["29", "31"]], "features": {"17": "<(METHOD,main)<SUB>1</SUB>>", "19": "<(BLOCK,&lt;empty&gt;,&lt;empty&gt;)<SUB>1</SUB>>", "21": "<(&lt;operator&gt;.assignment,boolean online = this.equals(System.getProperty(&quot;ONLINE_JUDGE&quot;)))<SUB>2</SUB>>", "23": "<(equals,this.equals(System.getProperty(&quot;ONLINE_JUDGE&quot;)))<SUB>2</SUB>>", "25": "<(getProperty,System.getProperty(&quot;ONLINE_JUDGE&quot;))<SUB>2</SUB>>", "27": "<(LITERAL,&quot;ONLINE_JUDGE&quot;,System.getProperty(&quot;ONLINE_JUDGE&quot;))<SUB>2</SUB>>", "29": "<(IDENTIFIER,online,if (online))<SUB>3</SUB>>", "31": "<(&lt;operator&gt;.assignment,in = new InputReader(new InputStreamReader(System.in)))<SUB>4</SUB>>", "33": "<(&lt;operator&gt;.alloc,new InputReader(new InputStreamReader(System.in)))<SUB>4</SUB>>", "35": "<(IDENTIFIER,in,new InputReader(new InputStreamReader(System.in)))<SUB>4</SUB>>", "37": "<(&lt;operator&gt;.assignment,&lt;empty&gt;)>", "39": "<(&lt;operator&gt;.alloc,new InputStreamReader(System.in))<SUB>4</SUB>>", "41": "<(IDENTIFIER,$obj0,new InputStreamReader(System.in))>", "43": "<(IDENTIFIER,System,new InputStreamReader(System.in))<SUB>4</SUB>>", "45": "<(IDENTIFIER,$obj0,&lt;empty&gt;)>", "47": "<(IDENTIFIER,out,out = new PrintWriter(System.out))<SUB>5</SUB>>", "49": "<(&lt;init&gt;,new PrintWriter(System.out))<SUB>5</SUB>>", "51": "<(&lt;operator&gt;.fieldAccess,System.out)<SUB>5</SUB>>", "53": "<(FIELD_IDENTIFIER,out,out)<SUB>5</SUB>>", "55": "<(BLOCK,&lt;empty&gt;,&lt;empty&gt;)<SUB>7</SUB>>", "57": "<(IDENTIFIER,in,in = new InputReader(new FileReader(&quot;input.txt&quot;)))<SUB>8</SUB>>", "59": "<(&lt;init&gt;,new InputReader(new FileReader(&quot;input.txt&quot;)))<SUB>8</SUB>>", "61": "<(BLOCK,&lt;empty&gt;,&lt;empty&gt;)<SUB>8</SUB>>", "63": "<(IDENTIFIER,$obj3,&lt;empty&gt;)>", "65": "<(&lt;init&gt;,new FileReader(&quot;input.txt&quot;))<SUB>8</SUB>>", "67": "<(LITERAL,&quot;input.txt&quot;,new FileReader(&quot;input.txt&quot;))<SUB>8</SUB>>", "69": "<(&lt;operator&gt;.assignment,out = new PrintWriter(new File(&quot;output.txt&quot;)))<SUB>9</SUB>>", "71": "<(&lt;operator&gt;.alloc,new PrintWriter(new File(&quot;output.txt&quot;)))<SUB>9</SUB>>", "73": "<(IDENTIFIER,out,new PrintWriter(new File(&quot;output.txt&quot;)))<SUB>9</SUB>>", "75": "<(&lt;operator&gt;.assignment,&lt;empty&gt;)>", "77": "<(&lt;operator&gt;.alloc,new File(&quot;output.txt&quot;))<SUB>9</SUB>>", "79": "<(IDENTIFIER,$obj5,new File(&quot;output.txt&quot;))>", "81": "<(IDENTIFIER,$obj5,&lt;empty&gt;)>", "83": "<(BLOCK,&lt;empty&gt;,&lt;empty&gt;)<SUB>12</SUB>>", "85": "<(IDENTIFIER,$obj7,&lt;empty&gt;)>", "87": "<(&lt;init&gt;,new Solution())<SUB>12</SUB>>", "89": "<(IDENTIFIER,$obj7,&lt;empty&gt;)>", "91": "<(IDENTIFIER,out,close())<SUB>14</SUB>>", "93": "<(MODIFIER,STATIC)>"}}