{"edges": [["19", "21"], ["19", "49"], ["19", "50"], ["19", "51"], ["21", "4"], ["21", "22"], ["21", "25"], ["21", "29"], ["21", "30"], ["21", "34"], ["21", "35"], ["21", "39"], ["21", "47"], ["22", "23"], ["22", "24"], ["25", "3"], ["25", "26"], ["26", "27"], ["26", "28"], ["30", "31"], ["30", "32"], ["32", "33"], ["35", "36"], ["35", "37"], ["37", "38"], ["39", "40"], ["39", "43"], ["40", "41"], ["40", "42"], ["43", "44"], ["43", "45"], ["43", "46"], ["47", "48"], ["22", "28"], ["25", "32"], ["30", "37"], ["35", "42"], ["39", "47"], ["47", "51"], ["24", "22"], ["26", "25"], ["32", "30"], ["37", "35"], ["40", "43"], ["43", "39"], ["28", "26"], ["42", "40"], ["19", "24"], ["20", "51"], ["22", "51"], ["25", "51"], ["25", "51"], ["30", "51"], ["35", "51"], ["35", "51"], ["39", "51"], ["43", "51"], ["43", "51"], ["39", "51"], ["39", "51"], ["47", "51"], ["47", "51"], ["43", "51"], ["19", "20"], ["19", "22"], ["32", "30"], ["37", "35"], ["22", "25"], ["19", "25"], ["43", "39"], ["43", "39"], ["43", "39"], ["37", "47"], ["19", "47"], ["25", "32"], ["19", "32"], ["32", "37"], ["19", "37"], ["19", "43"], ["30", "43"], ["35", "43"]], "features": {"19": "<(METHOD,main)<SUB>1</SUB>>", "21": "<(BLOCK,&lt;empty&gt;,&lt;empty&gt;)<SUB>1</SUB>>", "22": "<(&lt;operator&gt;.assignment,ANY input = new Scanner(System.in))<SUB>2</SUB>>", "24": "<(&lt;operator&gt;.alloc,new Scanner(System.in))<SUB>2</SUB>>", "3": "<(IDENTIFIER,input,new Scanner(System.in))<SUB>2</SUB>>", "27": "<(IDENTIFIER,System,new Scanner(System.in))<SUB>2</SUB>>", "29": "<(LOCAL,long n: long)<SUB>3</SUB>>", "31": "<(IDENTIFIER,n,long n = nextLong())<SUB>3</SUB>>", "33": "<(IDENTIFIER,input,nextLong())<SUB>3</SUB>>", "35": "<(&lt;operator&gt;.assignment,long k = nextLong())<SUB>4</SUB>>", "37": "<(nextLong,nextLong())<SUB>4</SUB>>", "39": "<(println,println(solve(n, k)))<SUB>5</SUB>>", "41": "<(IDENTIFIER,System,println(solve(n, k)))<SUB>5</SUB>>", "43": "<(solve,solve(n, k))<SUB>5</SUB>>", "45": "<(IDENTIFIER,n,solve(n, k))<SUB>5</SUB>>", "47": "<(close,close())<SUB>6</SUB>>", "49": "<(MODIFIER,PUBLIC)>", "51": "<(METHOD_RETURN,void)<SUB>1</SUB>>"}}