{"edges": [["19", "21"], ["19", "153"], ["19", "154"], ["19", "155"], ["21", "4"], ["21", "22"], ["21", "25"], ["21", "29"], ["21", "30"], ["21", "34"], ["21", "35"], ["21", "39"], ["21", "50"], ["21", "61"], ["21", "62"], ["21", "77"], ["21", "89"], ["21", "90"], ["21", "91"], ["21", "94"], ["21", "99"], ["21", "144"], ["22", "23"], ["22", "24"], ["25", "3"], ["25", "26"], ["26", "27"], ["26", "28"], ["30", "31"], ["30", "32"], ["32", "33"], ["35", "36"], ["35", "37"], ["37", "38"], ["39", "40"], ["39", "43"], ["40", "41"], ["40", "42"], ["43", "44"], ["43", "49"], ["44", "45"], ["44", "48"], ["45", "46"], ["45", "47"], ["50", "51"], ["50", "54"], ["51", "52"], ["51", "53"], ["54", "55"], ["54", "60"], ["55", "56"], ["55", "59"], ["56", "57"], ["56", "58"], ["62", "63"], ["62", "64"], ["64", "65"], ["64", "74"], ["65", "66"], ["65", "73"], ["66", "67"], ["66", "70"], ["67", "68"], ["67", "69"], ["70", "71"], ["70", "72"], ["74", "75"], ["74", "76"], ["77", "78"], ["77", "81"], ["78", "79"], ["78", "80"], ["81", "82"], ["81", "88"], ["82", "83"], ["82", "86"], ["83", "84"], ["83", "85"], ["86", "87"], ["91", "92"], ["91", "93"], ["94", "95"], ["94", "96"], ["96", "97"], ["96", "98"], ["99", "100"], ["99", "103"], ["100", "101"], ["100", "102"], ["103", "104"], ["103", "105"], ["103", "114"], ["103", "131"], ["105", "106"], ["105", "107"], ["107", "108"], ["107", "113"], ["108", "109"], ["108", "112"], ["109", "110"], ["109", "111"], ["114", "115"], ["114", "116"], ["116", "117"], ["116", "128"], ["117", "118"], ["117", "127"], ["118", "119"], ["118", "122"], ["119", "120"], ["119", "121"], ["122", "123"], ["122", "126"], ["123", "124"], ["123", "125"], ["128", "129"], ["128", "130"], ["131", "132"], ["131", "135"], ["131", "140"], ["132", "133"], ["132", "134"], ["135", "136"], ["135", "137"], ["137", "138"], ["137", "139"], ["140", "141"], ["141", "142"], ["141", "143"], ["144", "145"], ["144", "148"], ["145", "146"], ["145", "147"], ["148", "149"], ["148", "152"], ["149", "150"], ["149", "151"], ["22", "28"], ["25", "32"], ["30", "37"], ["35", "40"], ["62", "78"], ["91", "97"], ["94", "100"], ["144", "155"], ["24", "22"], ["26", "25"], ["32", "30"], ["37", "35"], ["40", "47"], ["40", "51"], ["51", "58"], ["51", "67"], ["64", "62"], ["78", "85"], ["78", "91"], ["96", "94"], ["100", "109"], ["100", "147"], ["145", "149"], ["148", "144"], ["28", "26"], ["44", "49"], ["49", "155"], ["55", "60"], ["60", "155"], ["65", "74"], ["74", "64"], ["82", "88"], ["88", "155"], ["97", "96"], ["105", "119"], ["114", "132"], ["147", "145"], ["149", "148"], ["45", "44"], ["56", "55"], ["66", "65"], ["83", "86"], ["86", "82"], ["107", "105"], ["116", "114"], ["132", "137"], ["132", "141"], ["135", "100"], ["47", "45"], ["58", "56"], ["67", "70"], ["70", "66"], ["85", "83"], ["108", "107"], ["117", "128"], ["128", "116"], ["137", "135"], ["141", "100"], ["109", "108"], ["118", "117"], ["119", "123"], ["122", "118"], ["123", "122"], ["19", "24"], ["88", "155"], ["49", "155"], ["60", "155"], ["20", "155"], ["22", "155"], ["25", "155"], ["25", "155"], ["30", "155"], ["35", "155"], ["37", "155"], ["35", "155"], ["35", "155"], ["40", "155"], ["40", "155"], ["44", "155"], ["44", "155"], ["19", "20"], ["19", "22"], ["32", "30"], ["37", "35"], ["64", "62"], ["64", "62"], ["19", "91"], ["19", "94"], ["74", "94"], ["22", "25"], ["19", "25"], ["149", "144"], ["149", "144"], ["19", "144"], ["25", "32"], ["19", "32"], ["32", "37"], ["19", "37"], ["30", "40"], ["19", "40"], ["19", "49"], ["35", "51"], ["19", "51"], ["40", "51"], ["19", "60"], ["65", "64"], ["65", "64"], ["74", "64"], ["74", "64"], ["62", "78"], ["19", "78"], ["51", "78"], ["19", "88"], ["19", "96"], ["74", "96"], ["91", "100"], ["141", "100"], ["19", "100"], ["94", "100"], ["135", "100"], ["107", "105"], ["107", "105"], ["116", "114"], ["116", "114"], ["149", "148"], ["149", "148"], ["19", "148"], ["19", "44"], ["19", "55"], ["66", "65"], ["66", "65"], ["19", "65"], ["70", "74"], ["19", "74"], ["86", "82"], ["137", "135"], ["137", "135"], ["128", "149"], ["19", "149"], ["74", "149"], ["100", "149"], ["51", "66"], ["19", "66"], ["70", "66"], ["70", "66"], ["19", "86"], ["100", "107"], ["19", "107"], ["100", "107"], ["117", "116"], ["117", "116"], ["128", "116"], ["128", "116"], ["114", "132"], ["19", "132"], ["78", "132"], ["128", "141"], ["19", "141"], ["51", "67"], ["19", "67"], ["19", "70"], ["51", "70"], ["100", "108"], ["19", "108"], ["100", "108"], ["118", "117"], ["118", "117"], ["19", "117"], ["123", "128"], ["19", "128"], ["123", "128"], ["128", "137"], ["19", "137"], ["100", "109"], ["19", "109"], ["100", "109"], ["128", "118"], ["19", "118"], ["74", "118"], ["105", "118"], ["123", "118"], ["123", "118"], ["128", "119"], ["19", "119"], ["74", "119"], ["105", "119"], ["123", "122"], ["123", "122"], ["19", "122"], ["19", "123"], ["128", "123"], ["74", "123"], ["105", "123"], ["40", "51"], ["40", "44"], ["40", "47"], ["40", "49"], ["40", "45"], ["51", "60"], ["51", "64"], ["51", "56"], ["51", "67"], ["51", "74"], ["51", "58"], ["51", "70"], ["51", "66"], ["51", "65"], ["51", "55"], ["51", "78"], ["51", "62"], ["78", "94"], ["78", "96"], ["78", "145"], ["78", "85"], ["78", "149"], ["78", "144"], ["78", "97"], ["78", "91"], ["78", "148"], ["78", "100"], ["78", "88"], ["78", "86"], ["78", "82"], ["78", "83"], ["78", "147"], ["100", "107"], ["100", "128"], ["100", "114"], ["100", "132"], ["100", "119"], ["100", "118"], ["100", "100"], ["100", "108"], ["100", "116"], ["100", "122"], ["100", "123"], ["100", "105"], ["100", "117"], ["100", "109"], ["132", "137"], ["132", "141"], ["132", "135"]], "features": {"19": "<(METHOD,main)<SUB>1</SUB>>", "21": "<(BLOCK,&lt;empty&gt;,&lt;empty&gt;)<SUB>1</SUB>>", "22": "<(&lt;operator&gt;.assignment,ANY in = new Scanner(System.in))<SUB>2</SUB>>", "24": "<(&lt;operator&gt;.alloc,new Scanner(System.in))<SUB>2</SUB>>", "3": "<(IDENTIFIER,in,new Scanner(System.in))<SUB>2</SUB>>", "27": "<(IDENTIFIER,System,new Scanner(System.in))<SUB>2</SUB>>", "29": "<(LOCAL,long n: long)<SUB>4</SUB>>", "31": "<(IDENTIFIER,n,long n = nextLong())<SUB>4</SUB>>", "33": "<(IDENTIFIER,in,nextLong())<SUB>4</SUB>>", "35": "<(&lt;operator&gt;.assignment,long k = nextLong())<SUB>5</SUB>>", "37": "<(nextLong,nextLong())<SUB>5</SUB>>", "39": "<(CONTROL_STRUCTURE,if (n == 1),if (n == 1))<SUB>7</SUB>>", "41": "<(IDENTIFIER,n,n == 1)<SUB>7</SUB>>", "43": "<(BLOCK,&lt;empty&gt;,&lt;empty&gt;)<SUB>7</SUB>>", "45": "<(&lt;operator&gt;.fieldAccess,System.out)<SUB>8</SUB>>", "47": "<(FIELD_IDENTIFIER,out,out)<SUB>8</SUB>>", "49": "<(RETURN,return;,return;)<SUB>9</SUB>>", "51": "<(&lt;operator&gt;.greaterEqualsThan,k &gt;= n)<SUB>11</SUB>>", "53": "<(IDENTIFIER,n,k &gt;= n)<SUB>11</SUB>>", "55": "<(println,System.out.println(1))<SUB>12</SUB>>", "57": "<(IDENTIFIER,System,System.out.println(1))<SUB>12</SUB>>", "59": "<(LITERAL,1,System.out.println(1))<SUB>12</SUB>>", "61": "<(LOCAL,long total: long)<SUB>16</SUB>>", "63": "<(IDENTIFIER,total,long total = (k + 2) * (k - 1) / 2 - (k - 2))<SUB>16</SUB>>", "65": "<(&lt;operator&gt;.division,(k + 2) * (k - 1) / 2)<SUB>16</SUB>>", "67": "<(&lt;operator&gt;.addition,k + 2)<SUB>16</SUB>>", "69": "<(LITERAL,2,k + 2)<SUB>16</SUB>>", "71": "<(IDENTIFIER,k,k - 1)<SUB>16</SUB>>", "73": "<(LITERAL,2,(k + 2) * (k - 1) / 2)<SUB>16</SUB>>", "75": "<(IDENTIFIER,k,k - 2)<SUB>16</SUB>>", "77": "<(CONTROL_STRUCTURE,if (total &lt; n),if (total &lt; n))<SUB>17</SUB>>", "79": "<(IDENTIFIER,total,total &lt; n)<SUB>17</SUB>>", "81": "<(BLOCK,&lt;empty&gt;,&lt;empty&gt;)<SUB>17</SUB>>", "83": "<(&lt;operator&gt;.fieldAccess,System.out)<SUB>18</SUB>>", "85": "<(FIELD_IDENTIFIER,out,out)<SUB>18</SUB>>", "87": "<(LITERAL,1,-1)<SUB>18</SUB>>", "89": "<(LOCAL,int i: int)<SUB>40</SUB>>", "91": "<(&lt;operator&gt;.assignment,int i = 2)<SUB>40</SUB>>", "93": "<(LITERAL,2,int i = 2)<SUB>40</SUB>>", "95": "<(IDENTIFIER,j,int j = (int) k)<SUB>40</SUB>>", "97": "<(TYPE_REF,int,int)<SUB>40</SUB>>", "99": "<(CONTROL_STRUCTURE,while (i &lt; j),while (i &lt; j))<SUB>41</SUB>>", "101": "<(IDENTIFIER,i,i &lt; j)<SUB>41</SUB>>", "103": "<(BLOCK,&lt;empty&gt;,&lt;empty&gt;)<SUB>41</SUB>>", "105": "<(&lt;operator&gt;.assignment,int m = (i + j + 1) / 2)<SUB>42</SUB>>", "107": "<(&lt;operator&gt;.division,(i + j + 1) / 2)<SUB>42</SUB>>", "109": "<(&lt;operator&gt;.addition,i + j)<SUB>42</SUB>>", "111": "<(IDENTIFIER,j,i + j)<SUB>42</SUB>>", "113": "<(LITERAL,2,(i + j + 1) / 2)<SUB>42</SUB>>", "115": "<(IDENTIFIER,total,total = (k + m) * (k - m + 1) / 2 - (k - m))<SUB>43</SUB>>", "117": "<(&lt;operator&gt;.division,(k + m) * (k - m + 1) / 2)<SUB>43</SUB>>", "119": "<(&lt;operator&gt;.addition,k + m)<SUB>43</SUB>>", "121": "<(IDENTIFIER,m,k + m)<SUB>43</SUB>>", "123": "<(&lt;operator&gt;.subtraction,k - m)<SUB>43</SUB>>", "125": "<(IDENTIFIER,m,k - m)<SUB>43</SUB>>", "127": "<(LITERAL,2,(k + m) * (k - m + 1) / 2)<SUB>43</SUB>>", "129": "<(IDENTIFIER,k,k - m)<SUB>43</SUB>>", "131": "<(CONTROL_STRUCTURE,if (total &lt; n),if (total &lt; n))<SUB>44</SUB>>", "133": "<(IDENTIFIER,total,total &lt; n)<SUB>44</SUB>>", "135": "<(&lt;operator&gt;.assignment,j = m - 1)<SUB>45</SUB>>", "137": "<(&lt;operator&gt;.subtraction,m - 1)<SUB>45</SUB>>", "139": "<(LITERAL,1,m - 1)<SUB>45</SUB>>", "141": "<(&lt;operator&gt;.assignment,i = m)<SUB>47</SUB>>", "143": "<(IDENTIFIER,m,i = m)<SUB>47</SUB>>", "145": "<(&lt;operator&gt;.fieldAccess,System.out)<SUB>49</SUB>>", "147": "<(FIELD_IDENTIFIER,out,out)<SUB>49</SUB>>", "149": "<(&lt;operator&gt;.subtraction,k - i)<SUB>49</SUB>>", "151": "<(IDENTIFIER,i,k - i)<SUB>49</SUB>>", "153": "<(MODIFIER,PUBLIC)>", "155": "<(METHOD_RETURN,void)<SUB>1</SUB>>"}}