{"edges": [["19", "20"], ["19", "21"], ["19", "60"], ["19", "61"], ["19", "62"], ["21", "4"], ["21", "22"], ["21", "25"], ["21", "29"], ["21", "33"], ["21", "37"], ["21", "42"], ["22", "23"], ["22", "24"], ["25", "3"], ["25", "26"], ["26", "27"], ["26", "28"], ["29", "30"], ["29", "31"], ["31", "32"], ["33", "34"], ["33", "35"], ["35", "36"], ["37", "38"], ["37", "39"], ["39", "40"], ["39", "41"], ["42", "43"], ["42", "46"], ["42", "51"], ["43", "44"], ["43", "45"], ["46", "47"], ["46", "50"], ["47", "48"], ["47", "49"], ["51", "52"], ["52", "53"], ["52", "56"], ["53", "54"], ["53", "55"], ["56", "57"], ["56", "58"], ["56", "59"], ["22", "28"], ["25", "31"], ["29", "35"], ["33", "39"], ["37", "43"], ["24", "22"], ["26", "25"], ["31", "29"], ["35", "33"], ["39", "37"], ["43", "49"], ["43", "55"], ["46", "62"], ["28", "26"], ["47", "46"], ["52", "62"], ["49", "47"], ["53", "56"], ["56", "52"], ["55", "53"], ["19", "24"], ["20", "62"], ["22", "62"], ["25", "62"], ["25", "62"], ["29", "62"], ["29", "62"], ["35", "62"], ["33", "62"], ["33", "62"], ["39", "62"], ["39", "62"], ["37", "62"], ["37", "62"], ["43", "62"], ["43", "62"], ["46", "62"], ["46", "62"], ["37", "62"], ["19", "20"], ["19", "22"], ["31", "29"], ["35", "33"], ["39", "37"], ["39", "37"], ["22", "25"], ["19", "25"], ["25", "31"], ["19", "31"], ["31", "35"], ["19", "35"], ["19", "39"], ["33", "39"], ["29", "43"], ["19", "43"], ["19", "46"], ["56", "52"], ["56", "52"], ["56", "52"], ["39", "56"], ["19", "56"], ["39", "56"], ["43", "47"], ["43", "49"], ["43", "52"], ["43", "55"], ["43", "46"], ["43", "53"], ["43", "56"]], "features": {"19": "<(METHOD,main)<SUB>1</SUB>>", "21": "<(BLOCK,&lt;empty&gt;,&lt;empty&gt;)<SUB>2</SUB>>", "22": "<(&lt;operator&gt;.assignment,ANY s = new Scanner(System.in))<SUB>3</SUB>>", "24": "<(&lt;operator&gt;.alloc,new Scanner(System.in))<SUB>3</SUB>>", "3": "<(IDENTIFIER,s,new Scanner(System.in))<SUB>3</SUB>>", "27": "<(IDENTIFIER,System,new Scanner(System.in))<SUB>3</SUB>>", "29": "<(&lt;operator&gt;.assignment,N = nextLong())<SUB>4</SUB>>", "31": "<(nextLong,nextLong())<SUB>4</SUB>>", "33": "<(&lt;operator&gt;.assignment,k = nextInt())<SUB>5</SUB>>", "35": "<(nextInt,nextInt())<SUB>5</SUB>>", "37": "<(&lt;operator&gt;.assignment,WHOLESUM = SUM(k))<SUB>6</SUB>>", "39": "<(SUM,SUM(k))<SUB>6</SUB>>", "41": "<(IDENTIFIER,k,SUM(k))<SUB>6</SUB>>", "43": "<(&lt;operator&gt;.lessEqualsThan,N &lt;= 1)<SUB>7</SUB>>", "45": "<(LITERAL,1,N &lt;= 1)<SUB>7</SUB>>", "47": "<(&lt;operator&gt;.fieldAccess,System.out)<SUB>8</SUB>>", "49": "<(FIELD_IDENTIFIER,out,out)<SUB>8</SUB>>", "51": "<(CONTROL_STRUCTURE,else,else)<SUB>10</SUB>>", "53": "<(&lt;operator&gt;.fieldAccess,System.out)<SUB>10</SUB>>", "55": "<(FIELD_IDENTIFIER,out,out)<SUB>10</SUB>>", "57": "<(IDENTIFIER,this,binarySearch(2, k))<SUB>10</SUB>>", "59": "<(IDENTIFIER,k,binarySearch(2, k))<SUB>10</SUB>>", "61": "<(MODIFIER,STATIC)>"}}