{"edges": [["19", "20"], ["19", "21"], ["19", "36"], ["19", "37"], ["19", "38"], ["21", "4"], ["21", "22"], ["21", "25"], ["21", "26"], ["21", "28"], ["21", "29"], ["21", "33"], ["22", "23"], ["22", "24"], ["25", "3"], ["26", "27"], ["29", "30"], ["29", "31"], ["31", "32"], ["33", "34"], ["33", "35"], ["22", "25"], ["25", "26"], ["26", "31"], ["29", "33"], ["33", "38"], ["24", "22"], ["31", "29"], ["19", "24"], ["20", "38"], ["22", "38"], ["25", "38"], ["26", "38"], ["29", "38"], ["29", "38"], ["33", "38"], ["33", "38"], ["33", "38"], ["19", "20"], ["19", "22"], ["31", "29"], ["22", "25"], ["19", "25"], ["25", "26"], ["19", "26"], ["31", "33"], ["19", "33"], ["29", "33"], ["26", "31"], ["19", "31"]], "features": {"19": "<(METHOD,main)<SUB>1</SUB>>", "21": "<(BLOCK,&lt;empty&gt;,&lt;empty&gt;)<SUB>1</SUB>>", "22": "<(&lt;operator&gt;.assignment,ANY solver = new PipelineSolver())<SUB>2</SUB>>", "24": "<(&lt;operator&gt;.alloc,new PipelineSolver())<SUB>2</SUB>>", "3": "<(IDENTIFIER,solver,new PipelineSolver())<SUB>2</SUB>>", "27": "<(IDENTIFIER,solver,readData())<SUB>4</SUB>>", "29": "<(&lt;operator&gt;.assignment,int solution = solve())<SUB>5</SUB>>", "31": "<(solve,solve())<SUB>5</SUB>>", "33": "<(print,print(solution))<SUB>6</SUB>>", "35": "<(IDENTIFIER,solution,print(solution))<SUB>6</SUB>>", "37": "<(MODIFIER,STATIC)>"}}