{"edges": [["17", "18"], ["17", "19"], ["17", "44"], ["17", "45"], ["17", "46"], ["19", "20"], ["19", "23"], ["19", "28"], ["19", "31"], ["19", "33"], ["19", "40"], ["19", "42"], ["20", "21"], ["20", "22"], ["23", "24"], ["23", "25"], ["25", "26"], ["25", "27"], ["28", "29"], ["28", "30"], ["31", "32"], ["33", "34"], ["33", "37"], ["33", "39"], ["34", "35"], ["34", "36"], ["37", "38"], ["40", "41"], ["42", "43"], ["20", "27"], ["23", "30"], ["28", "31"], ["31", "36"], ["40", "42"], ["42", "46"], ["22", "20"], ["25", "23"], ["30", "28"], ["34", "37"], ["37", "40"], ["27", "25"], ["36", "34"], ["17", "22"], ["18", "46"], ["20", "46"], ["23", "46"], ["23", "46"], ["28", "46"], ["31", "46"], ["31", "46"], ["34", "46"], ["37", "46"], ["37", "46"], ["40", "46"], ["42", "46"], ["42", "46"], ["17", "18"], ["17", "20"], ["17", "28"], ["17", "33"], ["20", "23"], ["17", "23"], ["28", "31"], ["17", "31"], ["17", "34"], ["17", "39"], ["23", "40"], ["17", "40"], ["40", "42"], ["17", "42"], ["34", "37"], ["17", "37"]], "features": {"17": "<(METHOD,main)<SUB>1</SUB>>", "19": "<(BLOCK,&lt;empty&gt;,&lt;empty&gt;)<SUB>1</SUB>>", "21": "<(IDENTIFIER,out,out = new PrintWriter(System.out))<SUB>2</SUB>>", "23": "<(&lt;init&gt;,new PrintWriter(System.out))<SUB>2</SUB>>", "25": "<(&lt;operator&gt;.fieldAccess,System.out)<SUB>2</SUB>>", "27": "<(FIELD_IDENTIFIER,out,out)<SUB>2</SUB>>", "29": "<(IDENTIFIER,in,in = new InputReader())<SUB>3</SUB>>", "31": "<(&lt;init&gt;,new InputReader())<SUB>3</SUB>>", "33": "<(BLOCK,&lt;empty&gt;,&lt;empty&gt;)<SUB>4</SUB>>", "35": "<(IDENTIFIER,$obj2,&lt;empty&gt;)>", "37": "<(&lt;init&gt;,new C())<SUB>4</SUB>>", "39": "<(IDENTIFIER,$obj2,&lt;empty&gt;)>", "41": "<(IDENTIFIER,out,flush())<SUB>5</SUB>>", "43": "<(IDENTIFIER,out,close())<SUB>5</SUB>>", "45": "<(MODIFIER,STATIC)>"}}