{"edges": [["23", "25"], ["23", "59"], ["23", "60"], ["23", "61"], ["25", "4"], ["25", "26"], ["25", "29"], ["25", "6"], ["25", "40"], ["25", "43"], ["25", "8"], ["25", "47"], ["25", "50"], ["25", "53"], ["25", "55"], ["25", "57"], ["26", "27"], ["26", "28"], ["29", "3"], ["29", "30"], ["30", "31"], ["30", "34"], ["30", "39"], ["31", "32"], ["31", "33"], ["34", "35"], ["34", "36"], ["36", "37"], ["36", "38"], ["40", "41"], ["40", "42"], ["43", "5"], ["43", "44"], ["44", "45"], ["44", "46"], ["47", "48"], ["47", "49"], ["50", "7"], ["50", "51"], ["50", "52"], ["53", "54"], ["55", "56"], ["57", "58"], ["26", "33"], ["29", "42"], ["40", "46"], ["43", "49"], ["47", "50"], ["50", "53"], ["53", "55"], ["55", "57"], ["57", "61"], ["28", "26"], ["42", "40"], ["44", "43"], ["49", "47"], ["31", "38"], ["34", "29"], ["46", "44"], ["33", "31"], ["36", "34"], ["38", "36"], ["23", "28"], ["24", "61"], ["26", "61"], ["31", "61"], ["34", "61"], ["34", "61"], ["34", "61"], ["29", "61"], ["40", "61"], ["43", "61"], ["43", "61"], ["47", "61"], ["50", "61"], ["53", "61"], ["53", "61"], ["55", "61"], ["57", "61"], ["57", "61"], ["23", "24"], ["23", "26"], ["23", "40"], ["23", "47"], ["26", "29"], ["23", "29"], ["31", "29"], ["34", "29"], ["40", "43"], ["23", "43"], ["47", "50"], ["23", "50"], ["29", "50"], ["43", "50"], ["50", "53"], ["23", "53"], ["50", "55"], ["23", "55"], ["50", "57"], ["23", "57"], ["23", "31"], ["23", "39"], ["31", "34"], ["23", "34"]], "features": {"23": "<(METHOD,main)<SUB>1</SUB>>", "25": "<(BLOCK,&lt;empty&gt;,&lt;empty&gt;)<SUB>1</SUB>>", "26": "<(&lt;operator&gt;.assignment,ANY in = new Scanner(new BufferedInputStream(System.in)))<SUB>3</SUB>>", "28": "<(&lt;operator&gt;.alloc,new Scanner(new BufferedInputStream(System.in)))<SUB>3</SUB>>", "3": "<(IDENTIFIER,in,new Scanner(new BufferedInputStream(System.in)))<SUB>3</SUB>>", "31": "<(&lt;operator&gt;.assignment,&lt;empty&gt;)>", "33": "<(&lt;operator&gt;.alloc,new BufferedInputStream(System.in))<SUB>3</SUB>>", "35": "<(IDENTIFIER,$obj0,new BufferedInputStream(System.in))>", "37": "<(IDENTIFIER,System,new BufferedInputStream(System.in))<SUB>3</SUB>>", "39": "<(IDENTIFIER,$obj0,&lt;empty&gt;)>", "40": "<(&lt;operator&gt;.assignment,ANY out = new PrintStream(System.out))<SUB>4</SUB>>", "42": "<(&lt;operator&gt;.alloc,new PrintStream(System.out))<SUB>4</SUB>>", "5": "<(IDENTIFIER,out,new PrintStream(System.out))<SUB>4</SUB>>", "45": "<(IDENTIFIER,System,new PrintStream(System.out))<SUB>4</SUB>>", "8": "<(LOCAL,Solution solution: ANY)<SUB>8</SUB>>", "48": "<(IDENTIFIER,solution,ANY solution = new Solution(in, out))<SUB>8</SUB>>", "50": "<(&lt;init&gt;,new Solution(in, out))<SUB>8</SUB>>", "51": "<(IDENTIFIER,in,new Solution(in, out))<SUB>8</SUB>>", "53": "<(solve,solve())<SUB>9</SUB>>", "55": "<(close,close())<SUB>11</SUB>>", "57": "<(close,close())<SUB>12</SUB>>", "59": "<(MODIFIER,PUBLIC)>", "61": "<(METHOD_RETURN,void)<SUB>1</SUB>>"}}