{"edges": [["17", "18"], ["17", "19"], ["17", "34"], ["17", "35"], ["17", "36"], ["19", "20"], ["20", "21"], ["20", "28"], ["20", "31"], ["21", "22"], ["21", "25"], ["21", "27"], ["22", "23"], ["22", "24"], ["25", "26"], ["28", "29"], ["28", "30"], ["31", "32"], ["31", "33"], ["20", "36"], ["28", "33"], ["31", "20"], ["22", "25"], ["25", "30"], ["30", "28"], ["33", "31"], ["24", "22"], ["17", "24"], ["18", "36"], ["22", "36"], ["25", "36"], ["25", "36"], ["20", "36"], ["20", "36"], ["20", "36"], ["17", "18"], ["22", "20"], ["25", "20"], ["17", "20"], ["17", "22"], ["17", "27"], ["22", "25"], ["17", "25"]], "features": {"17": "<(METHOD,main)<SUB>1</SUB>>", "19": "<(BLOCK,&lt;empty&gt;,&lt;empty&gt;)<SUB>1</SUB>>", "21": "<(BLOCK,&lt;empty&gt;,&lt;empty&gt;)<SUB>2</SUB>>", "23": "<(IDENTIFIER,$obj0,&lt;empty&gt;)>", "25": "<(&lt;init&gt;,new B())<SUB>2</SUB>>", "27": "<(IDENTIFIER,$obj0,&lt;empty&gt;)>", "29": "<(IDENTIFIER,System,solve(System.in, System.out))<SUB>2</SUB>>", "31": "<(&lt;operator&gt;.fieldAccess,System.out)<SUB>2</SUB>>", "33": "<(FIELD_IDENTIFIER,out,out)<SUB>2</SUB>>", "35": "<(MODIFIER,STATIC)>"}}