{"edges": [["17", "18"], ["17", "19"], ["17", "78"], ["17", "79"], ["17", "80"], ["19", "20"], ["19", "23"], ["19", "28"], ["19", "31"], ["19", "36"], ["19", "37"], ["19", "38"], ["19", "39"], ["19", "40"], ["19", "44"], ["19", "48"], ["19", "52"], ["19", "56"], ["19", "57"], ["19", "60"], ["19", "71"], ["19", "74"], ["19", "76"], ["20", "21"], ["20", "22"], ["23", "24"], ["23", "25"], ["25", "26"], ["25", "27"], ["28", "29"], ["28", "30"], ["31", "32"], ["31", "33"], ["33", "34"], ["33", "35"], ["40", "41"], ["40", "42"], ["42", "43"], ["44", "45"], ["44", "46"], ["46", "47"], ["48", "49"], ["48", "50"], ["50", "51"], ["52", "53"], ["52", "54"], ["54", "55"], ["57", "58"], ["57", "59"], ["60", "61"], ["60", "69"], ["61", "62"], ["61", "68"], ["62", "63"], ["62", "64"], ["62", "65"], ["62", "66"], ["62", "67"], ["69", "70"], ["71", "72"], ["71", "73"], ["74", "75"], ["76", "77"], ["20", "27"], ["23", "30"], ["28", "35"], ["31", "42"], ["40", "46"], ["44", "50"], ["48", "54"], ["52", "57"], ["57", "62"], ["71", "74"], ["74", "76"], ["76", "80"], ["22", "20"], ["25", "23"], ["30", "28"], ["33", "31"], ["42", "40"], ["46", "44"], ["50", "48"], ["54", "52"], ["61", "69"], ["61", "71"], ["69", "62"], ["27", "25"], ["35", "33"], ["62", "61"], ["17", "22"], ["18", "80"], ["20", "80"], ["23", "80"], ["23", "80"], ["28", "80"], ["31", "80"], ["31", "80"], ["40", "80"], ["44", "80"], ["48", "80"], ["54", "80"], ["52", "80"], ["52", "80"], ["57", "80"], ["62", "80"], ["62", "80"], ["62", "80"], ["61", "80"], ["61", "80"], ["61", "80"], ["71", "80"], ["71", "80"], ["74", "80"], ["76", "80"], ["76", "80"], ["69", "80"], ["62", "80"], ["17", "18"], ["17", "20"], ["17", "28"], ["42", "40"], ["46", "44"], ["50", "48"], ["54", "52"], ["17", "57"], ["20", "23"], ["17", "23"], ["28", "31"], ["17", "31"], ["31", "71"], ["17", "71"], ["62", "71"], ["71", "74"], ["17", "74"], ["74", "76"], ["17", "76"], ["23", "42"], ["17", "42"], ["42", "46"], ["17", "46"], ["46", "50"], ["17", "50"], ["50", "54"], ["17", "54"], ["62", "61"], ["62", "61"], ["62", "61"], ["62", "61"], ["62", "61"], ["52", "61"], ["17", "61"], ["62", "69"], ["17", "69"], ["17", "62"], ["57", "62"], ["69", "62"], ["44", "62"], ["48", "62"], ["40", "62"], ["61", "69"], ["61", "61"], ["61", "62"]], "features": {"17": "<(METHOD,main)<SUB>1</SUB>>", "19": "<(BLOCK,&lt;empty&gt;,&lt;empty&gt;)<SUB>1</SUB>>", "21": "<(IDENTIFIER,in,in = new Scanner(System.in))<SUB>2</SUB>>", "23": "<(&lt;init&gt;,new Scanner(System.in))<SUB>2</SUB>>", "25": "<(&lt;operator&gt;.fieldAccess,System.in)<SUB>2</SUB>>", "27": "<(FIELD_IDENTIFIER,in,in)<SUB>2</SUB>>", "29": "<(IDENTIFIER,out,out = new PrintWriter(System.out))<SUB>5</SUB>>", "31": "<(&lt;init&gt;,new PrintWriter(System.out))<SUB>5</SUB>>", "33": "<(&lt;operator&gt;.fieldAccess,System.out)<SUB>5</SUB>>", "35": "<(FIELD_IDENTIFIER,out,out)<SUB>5</SUB>>", "37": "<(LOCAL,long x: long)<SUB>7</SUB>>", "39": "<(LOCAL,long c: long)<SUB>7</SUB>>", "41": "<(IDENTIFIER,n,long n = nextLong())<SUB>7</SUB>>", "43": "<(IDENTIFIER,in,nextLong())<SUB>7</SUB>>", "45": "<(IDENTIFIER,x,long x = nextLong())<SUB>7</SUB>>", "47": "<(IDENTIFIER,in,nextLong())<SUB>7</SUB>>", "49": "<(IDENTIFIER,y,long y = nextLong())<SUB>7</SUB>>", "51": "<(IDENTIFIER,in,nextLong())<SUB>7</SUB>>", "53": "<(IDENTIFIER,c,long c = nextLong())<SUB>7</SUB>>", "55": "<(IDENTIFIER,in,nextLong())<SUB>7</SUB>>", "57": "<(&lt;operator&gt;.assignment,long res = 0)<SUB>9</SUB>>", "59": "<(LITERAL,0,long res = 0)<SUB>9</SUB>>", "61": "<(&lt;operator&gt;.lessThan,count(res, x, y, n) &lt; c)<SUB>10</SUB>>", "63": "<(IDENTIFIER,this,count(res, x, y, n))<SUB>10</SUB>>", "65": "<(IDENTIFIER,x,count(res, x, y, n))<SUB>10</SUB>>", "67": "<(IDENTIFIER,n,count(res, x, y, n))<SUB>10</SUB>>", "69": "<(&lt;operator&gt;.postIncrement,res++)<SUB>10</SUB>>", "71": "<(println,println(res))<SUB>11</SUB>>", "73": "<(IDENTIFIER,res,println(res))<SUB>11</SUB>>", "75": "<(IDENTIFIER,out,println())<SUB>14</SUB>>", "77": "<(IDENTIFIER,out,close())<SUB>15</SUB>>", "79": "<(MODIFIER,STATIC)>"}}