{"edges": [["17", "19"], ["17", "89"], ["17", "90"], ["17", "91"], ["19", "20"], ["19", "24"], ["19", "28"], ["19", "32"], ["19", "36"], ["19", "37"], ["19", "38"], ["19", "41"], ["19", "44"], ["19", "45"], ["19", "49"], ["19", "84"], ["20", "21"], ["20", "22"], ["22", "23"], ["24", "25"], ["24", "26"], ["26", "27"], ["28", "29"], ["28", "30"], ["30", "31"], ["32", "33"], ["32", "34"], ["34", "35"], ["38", "39"], ["38", "40"], ["41", "42"], ["41", "43"], ["45", "46"], ["45", "47"], ["47", "48"], ["49", "50"], ["49", "53"], ["50", "51"], ["50", "52"], ["53", "54"], ["53", "55"], ["53", "62"], ["55", "56"], ["55", "57"], ["57", "58"], ["57", "61"], ["58", "59"], ["58", "60"], ["62", "63"], ["62", "68"], ["62", "77"], ["63", "64"], ["63", "67"], ["64", "65"], ["64", "66"], ["68", "69"], ["68", "72"], ["69", "70"], ["69", "71"], ["72", "73"], ["72", "74"], ["74", "75"], ["74", "76"], ["77", "78"], ["78", "79"], ["79", "80"], ["79", "81"], ["81", "82"], ["81", "83"], ["84", "85"], ["84", "88"], ["85", "86"], ["85", "87"], ["20", "26"], ["24", "30"], ["28", "34"], ["32", "38"], ["38", "41"], ["41", "47"], ["45", "50"], ["84", "91"], ["22", "20"], ["26", "24"], ["30", "28"], ["34", "32"], ["47", "45"], ["50", "58"], ["50", "87"], ["85", "84"], ["55", "64"], ["87", "85"], ["57", "55"], ["63", "69"], ["63", "81"], ["58", "57"], ["64", "63"], ["69", "74"], ["72", "50"], ["74", "72"], ["79", "50"], ["81", "79"], ["17", "22"], ["18", "91"], ["20", "91"], ["24", "91"], ["28", "91"], ["28", "91"], ["32", "91"], ["34", "91"], ["32", "91"], ["32", "91"], ["38", "91"], ["41", "91"], ["45", "91"], ["45", "91"], ["50", "91"], ["50", "91"], ["50", "91"], ["84", "91"], ["84", "91"], ["84", "91"], ["57", "91"], ["55", "91"], ["55", "91"], ["63", "91"], ["63", "91"], ["63", "91"], ["81", "91"], ["79", "91"], ["79", "91"], ["69", "91"], ["74", "91"], ["72", "91"], ["72", "91"], ["20", "91"], ["24", "91"], ["28", "91"], ["64", "91"], ["17", "18"], ["22", "20"], ["26", "24"], ["30", "28"], ["34", "32"], ["17", "38"], ["17", "41"], ["47", "45"], ["45", "84"], ["69", "84"], ["17", "84"], ["17", "22"], ["22", "26"], ["17", "26"], ["26", "30"], ["17", "30"], ["30", "34"], ["17", "34"], ["17", "47"], ["38", "50"], ["79", "50"], ["17", "50"], ["41", "50"], ["72", "50"], ["57", "55"], ["57", "55"], ["50", "57"], ["17", "57"], ["50", "57"], ["64", "63"], ["64", "63"], ["32", "63"], ["17", "63"], ["64", "69"], ["17", "69"], ["74", "72"], ["74", "72"], ["50", "58"], ["17", "58"], ["50", "58"], ["17", "64"], ["55", "64"], ["64", "79"], ["17", "79"], ["17", "74"], ["64", "74"], ["64", "81"], ["17", "81"], ["50", "58"], ["50", "64"], ["50", "57"], ["50", "63"], ["50", "50"], ["50", "55"], ["63", "81"], ["63", "72"], ["63", "69"], ["63", "74"], ["63", "79"]], "features": {"17": "<(METHOD,main)<SUB>1</SUB>>", "19": "<(BLOCK,&lt;empty&gt;,&lt;empty&gt;)<SUB>1</SUB>>", "21": "<(IDENTIFIER,n,n = nextInt())<SUB>3</SUB>>", "23": "<(IDENTIFIER,cin,nextInt())<SUB>3</SUB>>", "25": "<(IDENTIFIER,x,x = nextInt())<SUB>4</SUB>>", "27": "<(IDENTIFIER,cin,nextInt())<SUB>4</SUB>>", "29": "<(IDENTIFIER,y,y = nextInt())<SUB>5</SUB>>", "31": "<(IDENTIFIER,cin,nextInt())<SUB>5</SUB>>", "33": "<(IDENTIFIER,c,c = nextLong())<SUB>6</SUB>>", "35": "<(IDENTIFIER,cin,nextLong())<SUB>6</SUB>>", "37": "<(LOCAL,int high: int)<SUB>8</SUB>>", "39": "<(IDENTIFIER,low,int low = 0)<SUB>8</SUB>>", "41": "<(&lt;operator&gt;.assignment,int high = 1000000000)<SUB>8</SUB>>", "43": "<(LITERAL,1000000000,int high = 1000000000)<SUB>8</SUB>>", "45": "<(&lt;operator&gt;.assignment,int ans = -1)<SUB>9</SUB>>", "47": "<(&lt;operator&gt;.minus,-1)<SUB>9</SUB>>", "49": "<(CONTROL_STRUCTURE,while (low &lt;= high),while (low &lt;= high))<SUB>10</SUB>>", "51": "<(IDENTIFIER,low,low &lt;= high)<SUB>10</SUB>>", "53": "<(BLOCK,&lt;empty&gt;,&lt;empty&gt;)<SUB>10</SUB>>", "55": "<(&lt;operator&gt;.assignment,int mid = (low + high) / 2)<SUB>11</SUB>>", "57": "<(&lt;operator&gt;.division,(low + high) / 2)<SUB>11</SUB>>", "59": "<(IDENTIFIER,low,low + high)<SUB>11</SUB>>", "61": "<(LITERAL,2,(low + high) / 2)<SUB>11</SUB>>", "63": "<(&lt;operator&gt;.greaterEqualsThan,f(mid) &gt;= c)<SUB>13</SUB>>", "65": "<(IDENTIFIER,this,f(mid))<SUB>13</SUB>>", "67": "<(IDENTIFIER,c,f(mid) &gt;= c)<SUB>13</SUB>>", "69": "<(&lt;operator&gt;.assignment,ans = mid)<SUB>14</SUB>>", "71": "<(IDENTIFIER,mid,ans = mid)<SUB>14</SUB>>", "73": "<(IDENTIFIER,high,high = mid - 1)<SUB>15</SUB>>", "75": "<(IDENTIFIER,mid,mid - 1)<SUB>15</SUB>>", "77": "<(CONTROL_STRUCTURE,else,else)<SUB>16</SUB>>", "79": "<(&lt;operator&gt;.assignment,low = mid + 1)<SUB>17</SUB>>", "81": "<(&lt;operator&gt;.addition,mid + 1)<SUB>17</SUB>>", "83": "<(LITERAL,1,mid + 1)<SUB>17</SUB>>", "85": "<(&lt;operator&gt;.fieldAccess,System.out)<SUB>20</SUB>>", "87": "<(FIELD_IDENTIFIER,out,out)<SUB>20</SUB>>", "89": "<(MODIFIER,PUBLIC)>", "91": "<(METHOD_RETURN,void)<SUB>1</SUB>>"}}