{"edges": [["19", "20"], ["19", "21"], ["19", "112"], ["19", "113"], ["19", "114"], ["21", "4"], ["21", "22"], ["21", "25"], ["21", "29"], ["21", "30"], ["21", "34"], ["21", "35"], ["21", "41"], ["21", "42"], ["21", "48"], ["21", "49"], ["21", "53"], ["21", "54"], ["21", "55"], ["21", "58"], ["21", "65"], ["21", "96"], ["21", "107"], ["22", "23"], ["22", "24"], ["25", "3"], ["25", "26"], ["26", "27"], ["26", "28"], ["30", "31"], ["30", "32"], ["32", "33"], ["35", "36"], ["35", "37"], ["37", "38"], ["37", "40"], ["38", "39"], ["42", "43"], ["42", "44"], ["44", "45"], ["44", "47"], ["45", "46"], ["49", "50"], ["49", "51"], ["51", "52"], ["55", "56"], ["55", "57"], ["58", "59"], ["58", "60"], ["60", "61"], ["60", "64"], ["61", "62"], ["61", "63"], ["65", "66"], ["65", "71"], ["66", "67"], ["66", "70"], ["67", "68"], ["67", "69"], ["71", "72"], ["71", "73"], ["71", "80"], ["73", "74"], ["73", "75"], ["75", "76"], ["75", "79"], ["76", "77"], ["76", "78"], ["80", "81"], ["80", "89"], ["80", "92"], ["81", "82"], ["81", "88"], ["82", "83"], ["82", "84"], ["82", "85"], ["82", "86"], ["82", "87"], ["89", "90"], ["89", "91"], ["92", "93"], ["93", "94"], ["93", "95"], ["96", "97"], ["96", "105"], ["97", "98"], ["97", "104"], ["98", "99"], ["98", "100"], ["98", "101"], ["98", "102"], ["98", "103"], ["105", "106"], ["107", "108"], ["107", "111"], ["108", "109"], ["108", "110"], ["22", "28"], ["25", "32"], ["30", "38"], ["35", "45"], ["42", "51"], ["49", "55"], ["55", "61"], ["58", "67"], ["107", "114"], ["24", "22"], ["26", "25"], ["32", "30"], ["37", "35"], ["44", "42"], ["51", "49"], ["60", "58"], ["66", "76"], ["66", "98"], ["97", "105"], ["97", "110"], ["105", "98"], ["108", "107"], ["28", "26"], ["38", "37"], ["45", "44"], ["61", "60"], ["67", "66"], ["73", "82"], ["98", "97"], ["110", "108"], ["75", "73"], ["81", "89"], ["81", "93"], ["89", "67"], ["76", "75"], ["82", "81"], ["93", "67"], ["19", "24"], ["20", "114"], ["22", "114"], ["25", "114"], ["25", "114"], ["30", "114"], ["35", "114"], ["42", "114"], ["42", "114"], ["51", "114"], ["49", "114"], ["49", "114"], ["55", "114"], ["60", "114"], ["58", "114"], ["58", "114"], ["67", "114"], ["66", "114"], ["66", "114"], ["98", "114"], ["98", "114"], ["98", "114"], ["98", "114"], ["97", "114"], ["97", "114"], ["97", "114"], ["107", "114"], ["107", "114"], ["107", "114"], ["105", "114"], ["75", "114"], ["73", "114"], ["73", "114"], ["81", "114"], ["81", "114"], ["93", "114"], ["93", "114"], ["89", "114"], ["89", "114"], ["19", "20"], ["19", "22"], ["32", "30"], ["37", "35"], ["37", "35"], ["44", "42"], ["44", "42"], ["51", "49"], ["19", "55"], ["61", "58"], ["61", "58"], ["19", "58"], ["22", "25"], ["19", "25"], ["98", "107"], ["19", "107"], ["25", "32"], ["19", "32"], ["38", "37"], ["19", "37"], ["45", "44"], ["19", "44"], ["45", "51"], ["19", "51"], ["61", "60"], ["61", "60"], ["19", "60"], ["67", "66"], ["67", "66"], ["19", "66"], ["75", "73"], ["75", "73"], ["98", "97"], ["98", "97"], ["98", "97"], ["98", "97"], ["98", "97"], ["49", "97"], ["81", "97"], ["19", "97"], ["98", "105"], ["19", "105"], ["32", "38"], ["19", "38"], ["38", "45"], ["19", "45"], ["19", "61"], ["30", "61"], ["58", "67"], ["89", "67"], ["19", "67"], ["55", "67"], ["93", "67"], ["82", "89"], ["19", "89"], ["82", "98"], ["19", "98"], ["61", "98"], ["82", "98"], ["35", "98"], ["82", "98"], ["42", "98"], ["82", "98"], ["67", "98"], ["105", "98"], ["67", "75"], ["19", "75"], ["67", "75"], ["82", "81"], ["82", "81"], ["82", "81"], ["82", "81"], ["82", "81"], ["49", "81"], ["19", "81"], ["82", "93"], ["19", "93"], ["67", "76"], ["19", "76"], ["67", "76"], ["19", "82"], ["61", "82"], ["35", "82"], ["42", "82"], ["73", "82"], ["66", "73"], ["66", "66"], ["66", "75"], ["66", "81"], ["66", "67"], ["66", "76"], ["66", "82"], ["97", "98"], ["97", "105"], ["97", "97"], ["81", "89"], ["81", "93"]], "features": {"19": "<(METHOD,main)<SUB>1</SUB>>", "21": "<(BLOCK,&lt;empty&gt;,&lt;empty&gt;)<SUB>1</SUB>>", "22": "<(&lt;operator&gt;.assignment,ANY in = new Scanner(System.in))<SUB>2</SUB>>", "24": "<(&lt;operator&gt;.alloc,new Scanner(System.in))<SUB>2</SUB>>", "3": "<(IDENTIFIER,in,new Scanner(System.in))<SUB>2</SUB>>", "27": "<(IDENTIFIER,System,new Scanner(System.in))<SUB>2</SUB>>", "29": "<(LOCAL,long n: long)<SUB>3</SUB>>", "31": "<(IDENTIFIER,n,long n = nextLong())<SUB>3</SUB>>", "33": "<(IDENTIFIER,in,nextLong())<SUB>3</SUB>>", "35": "<(&lt;operator&gt;.assignment,long x = in.nextLong() - 1)<SUB>4</SUB>>", "37": "<(&lt;operator&gt;.subtraction,in.nextLong() - 1)<SUB>4</SUB>>", "39": "<(IDENTIFIER,in,nextLong())<SUB>4</SUB>>", "41": "<(LOCAL,long y: long)<SUB>5</SUB>>", "43": "<(IDENTIFIER,y,long y = in.nextLong() - 1)<SUB>5</SUB>>", "45": "<(nextLong,nextLong())<SUB>5</SUB>>", "47": "<(LITERAL,1,in.nextLong() - 1)<SUB>5</SUB>>", "49": "<(&lt;operator&gt;.assignment,long c = nextLong())<SUB>6</SUB>>", "51": "<(nextLong,nextLong())<SUB>6</SUB>>", "53": "<(LOCAL,long lo: long)<SUB>8</SUB>>", "55": "<(&lt;operator&gt;.assignment,long lo = 0)<SUB>8</SUB>>", "57": "<(LITERAL,0,long lo = 0)<SUB>8</SUB>>", "59": "<(IDENTIFIER,hi,long hi = 2 * n + 10)<SUB>8</SUB>>", "61": "<(&lt;operator&gt;.multiplication,2 * n)<SUB>8</SUB>>", "63": "<(IDENTIFIER,n,2 * n)<SUB>8</SUB>>", "65": "<(CONTROL_STRUCTURE,while (hi - lo &gt; 2),while (hi - lo &gt; 2))<SUB>9</SUB>>", "67": "<(&lt;operator&gt;.subtraction,hi - lo)<SUB>9</SUB>>", "69": "<(IDENTIFIER,lo,hi - lo)<SUB>9</SUB>>", "71": "<(BLOCK,&lt;empty&gt;,&lt;empty&gt;)<SUB>9</SUB>>", "73": "<(&lt;operator&gt;.assignment,long mid = (hi + lo) / 2)<SUB>10</SUB>>", "75": "<(&lt;operator&gt;.division,(hi + lo) / 2)<SUB>10</SUB>>", "77": "<(IDENTIFIER,hi,hi + lo)<SUB>10</SUB>>", "79": "<(LITERAL,2,(hi + lo) / 2)<SUB>10</SUB>>", "81": "<(&lt;operator&gt;.greaterEqualsThan,calc(n, x, y, mid) &gt;= c)<SUB>11</SUB>>", "83": "<(IDENTIFIER,this,calc(n, x, y, mid))<SUB>11</SUB>>", "85": "<(IDENTIFIER,x,calc(n, x, y, mid))<SUB>11</SUB>>", "87": "<(IDENTIFIER,mid,calc(n, x, y, mid))<SUB>11</SUB>>", "89": "<(&lt;operator&gt;.assignment,hi = mid)<SUB>12</SUB>>", "91": "<(IDENTIFIER,mid,hi = mid)<SUB>12</SUB>>", "93": "<(&lt;operator&gt;.assignment,lo = mid)<SUB>14</SUB>>", "95": "<(IDENTIFIER,mid,lo = mid)<SUB>14</SUB>>", "97": "<(&lt;operator&gt;.lessThan,calc(n, x, y, lo) &lt; c)<SUB>16</SUB>>", "99": "<(IDENTIFIER,this,calc(n, x, y, lo))<SUB>16</SUB>>", "101": "<(IDENTIFIER,x,calc(n, x, y, lo))<SUB>16</SUB>>", "103": "<(IDENTIFIER,lo,calc(n, x, y, lo))<SUB>16</SUB>>", "105": "<(&lt;operator&gt;.postIncrement,lo++)<SUB>16</SUB>>", "107": "<(println,System.out.println(lo))<SUB>17</SUB>>", "109": "<(IDENTIFIER,System,System.out.println(lo))<SUB>17</SUB>>", "111": "<(IDENTIFIER,lo,System.out.println(lo))<SUB>17</SUB>>", "113": "<(MODIFIER,STATIC)>"}}