{"edges": [["29", "31"], ["29", "121"], ["29", "122"], ["29", "123"], ["31", "32"], ["31", "35"], ["31", "4"], ["31", "38"], ["31", "41"], ["31", "45"], ["31", "48"], ["31", "6"], ["31", "52"], ["31", "55"], ["31", "8"], ["31", "58"], ["31", "61"], ["31", "10"], ["31", "64"], ["31", "67"], ["31", "12"], ["31", "70"], ["31", "73"], ["31", "14"], ["31", "75"], ["31", "78"], ["31", "80"], ["31", "116"], ["32", "33"], ["32", "34"], ["35", "36"], ["35", "37"], ["38", "39"], ["38", "40"], ["41", "3"], ["41", "42"], ["42", "43"], ["42", "44"], ["45", "46"], ["45", "47"], ["48", "49"], ["48", "50"], ["50", "51"], ["52", "53"], ["52", "54"], ["55", "5"], ["55", "56"], ["56", "57"], ["58", "59"], ["58", "60"], ["61", "7"], ["61", "62"], ["62", "63"], ["64", "65"], ["64", "66"], ["67", "9"], ["67", "68"], ["68", "69"], ["70", "71"], ["70", "72"], ["73", "11"], ["73", "74"], ["75", "76"], ["75", "77"], ["78", "13"], ["78", "79"], ["80", "81"], ["80", "86"], ["81", "82"], ["81", "85"], ["82", "83"], ["82", "84"], ["86", "87"], ["86", "88"], ["86", "95"], ["88", "89"], ["88", "90"], ["90", "91"], ["90", "94"], ["91", "92"], ["91", "93"], ["95", "96"], ["95", "105"], ["95", "108"], ["96", "97"], ["96", "104"], ["97", "98"], ["97", "103"], ["98", "99"], ["98", "100"], ["98", "101"], ["98", "102"], ["105", "106"], ["105", "107"], ["108", "109"], ["109", "110"], ["109", "111"], ["111", "112"], ["111", "113"], ["113", "114"], ["113", "115"], ["116", "117"], ["116", "120"], ["117", "118"], ["117", "119"], ["32", "35"], ["35", "40"], ["38", "44"], ["41", "47"], ["45", "50"], ["48", "54"], ["52", "56"], ["55", "60"], ["58", "62"], ["61", "66"], ["64", "68"], ["67", "72"], ["70", "73"], ["73", "77"], ["75", "78"], ["78", "82"], ["116", "123"], ["34", "32"], ["40", "38"], ["42", "41"], ["47", "45"], ["50", "48"], ["54", "52"], ["56", "55"], ["60", "58"], ["62", "61"], ["66", "64"], ["68", "67"], ["72", "70"], ["77", "75"], ["81", "91"], ["81", "119"], ["117", "116"], ["44", "42"], ["82", "81"], ["88", "98"], ["119", "117"], ["90", "88"], ["96", "105"], ["96", "115"], ["105", "82"], ["91", "90"], ["97", "96"], ["109", "82"], ["98", "97"], ["111", "109"], ["113", "111"], ["115", "113"], ["29", "34"], ["30", "123"], ["32", "123"], ["35", "123"], ["35", "123"], ["38", "123"], ["41", "123"], ["41", "123"], ["45", "123"], ["48", "123"], ["52", "123"], ["55", "123"], ["58", "123"], ["61", "123"], ["64", "123"], ["67", "123"], ["68", "123"], ["67", "123"], ["67", "123"], ["70", "123"], ["73", "123"], ["75", "123"], ["78", "123"], ["82", "123"], ["81", "123"], ["81", "123"], ["116", "123"], ["116", "123"], ["116", "123"], ["90", "123"], ["90", "123"], ["88", "123"], ["88", "123"], ["98", "123"], ["98", "123"], ["97", "123"], ["97", "123"], ["96", "123"], ["96", "123"], ["111", "123"], ["111", "123"], ["109", "123"], ["109", "123"], ["105", "123"], ["105", "123"], ["98", "123"], ["29", "30"], ["29", "32"], ["29", "38"], ["29", "45"], ["29", "52"], ["29", "58"], ["29", "64"], ["29", "70"], ["29", "75"], ["32", "35"], ["29", "35"], ["38", "41"], ["29", "41"], ["45", "48"], ["29", "48"], ["50", "48"], ["52", "55"], ["29", "55"], ["56", "55"], ["58", "61"], ["29", "61"], ["62", "61"], ["64", "67"], ["29", "67"], ["68", "67"], ["70", "73"], ["29", "73"], ["75", "78"], ["29", "78"], ["82", "116"], ["29", "116"], ["41", "50"], ["29", "50"], ["50", "56"], ["29", "56"], ["56", "62"], ["29", "62"], ["62", "68"], ["29", "68"], ["82", "81"], ["82", "81"], ["29", "81"], ["90", "88"], ["90", "88"], ["73", "82"], ["91", "82"], ["109", "82"], ["29", "82"], ["78", "82"], ["91", "82"], ["105", "82"], ["98", "105"], ["29", "105"], ["91", "90"], ["91", "90"], ["35", "90"], ["29", "90"], ["97", "96"], ["97", "96"], ["29", "96"], ["111", "109"], ["111", "109"], ["82", "91"], ["29", "91"], ["82", "91"], ["98", "97"], ["98", "97"], ["98", "97"], ["98", "97"], ["67", "97"], ["29", "97"], ["29", "98"], ["55", "98"], ["61", "98"], ["88", "98"], ["98", "111"], ["29", "111"], ["81", "96"], ["81", "98"], ["81", "81"], ["81", "88"], ["81", "97"], ["81", "91"], ["81", "82"], ["81", "90"], ["96", "115"], ["96", "113"], ["96", "105"], ["96", "111"], ["96", "109"]], "features": {"29": "<(METHOD,main)<SUB>1</SUB>>", "31": "<(BLOCK,&lt;empty&gt;,&lt;empty&gt;)<SUB>2</SUB>>", "33": "<(IDENTIFIER,TWO,TWO = new BigInteger(&quot;2&quot;))<SUB>2</SUB>>", "35": "<(&lt;init&gt;,new BigInteger(&quot;2&quot;))<SUB>2</SUB>>", "37": "<(LITERAL,&quot;2&quot;,new BigInteger(&quot;2&quot;))<SUB>2</SUB>>", "38": "<(&lt;operator&gt;.assignment,ANY in = new Scanner(System.in))<SUB>3</SUB>>", "40": "<(&lt;operator&gt;.alloc,new Scanner(System.in))<SUB>3</SUB>>", "3": "<(IDENTIFIER,in,new Scanner(System.in))<SUB>3</SUB>>", "43": "<(IDENTIFIER,System,new Scanner(System.in))<SUB>3</SUB>>", "45": "<(&lt;operator&gt;.assignment,n = new BigInteger(in.next()))<SUB>4</SUB>>", "47": "<(&lt;operator&gt;.alloc,new BigInteger(in.next()))<SUB>4</SUB>>", "49": "<(IDENTIFIER,n,new BigInteger(in.next()))<SUB>4</SUB>>", "51": "<(IDENTIFIER,in,next())<SUB>4</SUB>>", "52": "<(&lt;operator&gt;.assignment,ANY x = new BigInteger(in.next()))<SUB>5</SUB>>", "54": "<(&lt;operator&gt;.alloc,new BigInteger(in.next()))<SUB>5</SUB>>", "5": "<(IDENTIFIER,x,new BigInteger(in.next()))<SUB>5</SUB>>", "57": "<(IDENTIFIER,in,next())<SUB>5</SUB>>", "58": "<(&lt;operator&gt;.assignment,ANY y = new BigInteger(in.next()))<SUB>6</SUB>>", "60": "<(&lt;operator&gt;.alloc,new BigInteger(in.next()))<SUB>6</SUB>>", "7": "<(IDENTIFIER,y,new BigInteger(in.next()))<SUB>6</SUB>>", "63": "<(IDENTIFIER,in,next())<SUB>6</SUB>>", "64": "<(&lt;operator&gt;.assignment,ANY c = new BigInteger(in.next()))<SUB>7</SUB>>", "66": "<(&lt;operator&gt;.alloc,new BigInteger(in.next()))<SUB>7</SUB>>", "9": "<(IDENTIFIER,c,new BigInteger(in.next()))<SUB>7</SUB>>", "69": "<(IDENTIFIER,in,next())<SUB>7</SUB>>", "70": "<(&lt;operator&gt;.assignment,ANY left = new BigInteger(&quot;0&quot;))<SUB>10</SUB>>", "72": "<(&lt;operator&gt;.alloc,new BigInteger(&quot;0&quot;))<SUB>10</SUB>>", "11": "<(IDENTIFIER,left,new BigInteger(&quot;0&quot;))<SUB>10</SUB>>", "14": "<(LOCAL,BigInteger right: ANY)<SUB>11</SUB>>", "76": "<(IDENTIFIER,right,ANY right = new BigInteger(&quot;1000000000000&quot;))<SUB>11</SUB>>", "78": "<(&lt;init&gt;,new BigInteger(&quot;1000000000000&quot;))<SUB>11</SUB>>", "79": "<(LITERAL,&quot;1000000000000&quot;,new BigInteger(&quot;1000000000000&quot;))<SUB>11</SUB>>", "81": "<(&lt;operator&gt;.lessThan,left.compareTo(right) &lt; 0)<SUB>12</SUB>>", "83": "<(IDENTIFIER,left,compareTo(right))<SUB>12</SUB>>", "85": "<(LITERAL,0,left.compareTo(right) &lt; 0)<SUB>12</SUB>>", "87": "<(LOCAL,BigInteger val: ANY)<SUB>14</SUB>>", "89": "<(IDENTIFIER,val,ANY val = divide(TWO))<SUB>14</SUB>>", "91": "<(add,add(right))<SUB>14</SUB>>", "93": "<(IDENTIFIER,right,add(right))<SUB>14</SUB>>", "95": "<(CONTROL_STRUCTURE,if (solve(x, y, val).compareTo(c) &gt;= 0),if (solve(x, y, val).compareTo(c) &gt;= 0))<SUB>16</SUB>>", "97": "<(compareTo,compareTo(c))<SUB>16</SUB>>", "99": "<(IDENTIFIER,this,solve(x, y, val))<SUB>16</SUB>>", "101": "<(IDENTIFIER,y,solve(x, y, val))<SUB>16</SUB>>", "103": "<(IDENTIFIER,c,compareTo(c))<SUB>16</SUB>>", "105": "<(&lt;operator&gt;.assignment,right = val)<SUB>17</SUB>>", "107": "<(IDENTIFIER,val,right = val)<SUB>17</SUB>>", "109": "<(&lt;operator&gt;.assignment,left = add(BigInteger.ONE))<SUB>19</SUB>>", "111": "<(add,add(BigInteger.ONE))<SUB>19</SUB>>", "113": "<(&lt;operator&gt;.fieldAccess,BigInteger.ONE)<SUB>19</SUB>>", "115": "<(FIELD_IDENTIFIER,ONE,ONE)<SUB>19</SUB>>", "117": "<(&lt;operator&gt;.fieldAccess,System.out)<SUB>22</SUB>>", "119": "<(FIELD_IDENTIFIER,out,out)<SUB>22</SUB>>", "121": "<(MODIFIER,PUBLIC)>", "123": "<(METHOD_RETURN,void)<SUB>1</SUB>>"}}