{"edges": [["17", "19"], ["17", "27"], ["17", "28"], ["17", "29"], ["19", "20"], ["20", "21"], ["20", "24"], ["20", "26"], ["21", "22"], ["21", "23"], ["24", "25"], ["21", "24"], ["24", "29"], ["23", "21"], ["17", "23"], ["18", "29"], ["21", "29"], ["24", "29"], ["24", "29"], ["17", "18"], ["17", "20"], ["17", "21"], ["17", "26"], ["21", "24"], ["17", "24"]], "features": {"17": "<(METHOD,main)<SUB>1</SUB>>", "19": "<(BLOCK,&lt;empty&gt;,&lt;empty&gt;)<SUB>1</SUB>>", "21": "<(&lt;operator&gt;.assignment,&lt;empty&gt;)>", "23": "<(&lt;operator&gt;.alloc,new ProblemB())<SUB>2</SUB>>", "25": "<(IDENTIFIER,$obj0,new ProblemB())>", "27": "<(MODIFIER,PUBLIC)>", "29": "<(METHOD_RETURN,void)<SUB>1</SUB>>"}}