{"edges": [["21", "22"], ["21", "23"], ["21", "110"], ["21", "111"], ["21", "112"], ["23", "4"], ["23", "24"], ["23", "27"], ["23", "6"], ["23", "38"], ["23", "41"], ["23", "45"], ["23", "49"], ["23", "53"], ["23", "57"], ["23", "61"], ["23", "62"], ["23", "65"], ["23", "66"], ["23", "71"], ["23", "105"], ["23", "108"], ["24", "25"], ["24", "26"], ["27", "3"], ["27", "28"], ["28", "29"], ["28", "32"], ["28", "37"], ["29", "30"], ["29", "31"], ["32", "33"], ["32", "34"], ["34", "35"], ["34", "36"], ["38", "39"], ["38", "40"], ["41", "5"], ["41", "42"], ["42", "43"], ["42", "44"], ["45", "46"], ["45", "47"], ["47", "48"], ["49", "50"], ["49", "51"], ["51", "52"], ["53", "54"], ["53", "55"], ["55", "56"], ["57", "58"], ["57", "59"], ["59", "60"], ["62", "63"], ["62", "64"], ["66", "67"], ["66", "68"], ["68", "69"], ["68", "70"], ["71", "72"], ["71", "75"], ["72", "73"], ["72", "74"], ["75", "76"], ["75", "77"], ["75", "84"], ["75", "85"], ["75", "90"], ["77", "78"], ["77", "79"], ["79", "80"], ["79", "83"], ["80", "81"], ["80", "82"], ["85", "86"], ["85", "87"], ["87", "88"], ["87", "89"], ["90", "91"], ["90", "94"], ["90", "100"], ["91", "92"], ["91", "93"], ["94", "95"], ["95", "96"], ["95", "97"], ["97", "98"], ["97", "99"], ["100", "101"], ["101", "102"], ["102", "103"], ["102", "104"], ["105", "106"], ["105", "107"], ["108", "109"], ["24", "31"], ["27", "40"], ["38", "44"], ["41", "47"], ["45", "51"], ["49", "55"], ["53", "59"], ["57", "62"], ["62", "68"], ["66", "72"], ["105", "108"], ["108", "112"], ["26", "24"], ["40", "38"], ["42", "41"], ["47", "45"], ["51", "49"], ["55", "53"], ["59", "57"], ["68", "66"], ["72", "80"], ["72", "105"], ["29", "36"], ["32", "27"], ["44", "42"], ["77", "87"], ["85", "91"], ["31", "29"], ["34", "32"], ["79", "77"], ["87", "85"], ["91", "97"], ["91", "102"], ["36", "34"], ["80", "79"], ["95", "72"], ["97", "95"], ["102", "72"], ["21", "26"], ["22", "112"], ["24", "112"], ["29", "112"], ["32", "112"], ["32", "112"], ["32", "112"], ["27", "112"], ["38", "112"], ["41", "112"], ["41", "112"], ["45", "112"], ["49", "112"], ["53", "112"], ["57", "112"], ["59", "112"], ["57", "112"], ["57", "112"], ["62", "112"], ["68", "112"], ["66", "112"], ["66", "112"], ["72", "112"], ["72", "112"], ["105", "112"], ["105", "112"], ["108", "112"], ["108", "112"], ["79", "112"], ["77", "112"], ["77", "112"], ["85", "112"], ["85", "112"], ["91", "112"], ["91", "112"], ["91", "112"], ["102", "112"], ["102", "112"], ["97", "112"], ["95", "112"], ["95", "112"], ["49", "112"], ["87", "112"], ["53", "112"], ["21", "22"], ["21", "24"], ["21", "38"], ["47", "45"], ["51", "49"], ["55", "53"], ["59", "57"], ["21", "62"], ["68", "66"], ["68", "66"], ["24", "27"], ["21", "27"], ["29", "27"], ["32", "27"], ["38", "41"], ["21", "41"], ["41", "105"], ["21", "105"], ["72", "105"], ["105", "108"], ["21", "108"], ["21", "29"], ["21", "37"], ["27", "47"], ["21", "47"], ["47", "51"], ["21", "51"], ["51", "55"], ["21", "55"], ["55", "59"], ["21", "59"], ["21", "68"], ["45", "68"], ["62", "72"], ["95", "72"], ["21", "72"], ["66", "72"], ["102", "72"], ["79", "77"], ["79", "77"], ["87", "85"], ["87", "85"], ["29", "32"], ["21", "32"], ["72", "79"], ["21", "79"], ["72", "79"], ["21", "87"], ["77", "87"], ["85", "91"], ["21", "91"], ["57", "91"], ["87", "95"], ["21", "95"], ["72", "80"], ["21", "80"], ["72", "80"], ["87", "102"], ["21", "102"], ["87", "97"], ["21", "97"], ["72", "80"], ["72", "77"], ["72", "85"], ["72", "72"], ["72", "87"], ["72", "91"], ["72", "79"], ["91", "102"], ["91", "95"], ["91", "97"]], "features": {"21": "<(METHOD,main)<SUB>1</SUB>>", "23": "<(BLOCK,&lt;empty&gt;,&lt;empty&gt;)<SUB>1</SUB>>", "24": "<(&lt;operator&gt;.assignment,ANY in = new Scanner(new InputStreamReader(System.in)))<SUB>3</SUB>>", "26": "<(&lt;operator&gt;.alloc,new Scanner(new InputStreamReader(System.in)))<SUB>3</SUB>>", "3": "<(IDENTIFIER,in,new Scanner(new InputStreamReader(System.in)))<SUB>3</SUB>>", "29": "<(&lt;operator&gt;.assignment,&lt;empty&gt;)>", "31": "<(&lt;operator&gt;.alloc,new InputStreamReader(System.in))<SUB>3</SUB>>", "33": "<(IDENTIFIER,$obj0,new InputStreamReader(System.in))>", "35": "<(IDENTIFIER,System,new InputStreamReader(System.in))<SUB>3</SUB>>", "37": "<(IDENTIFIER,$obj0,&lt;empty&gt;)>", "38": "<(&lt;operator&gt;.assignment,ANY out = new PrintWriter(System.out))<SUB>4</SUB>>", "40": "<(&lt;operator&gt;.alloc,new PrintWriter(System.out))<SUB>4</SUB>>", "5": "<(IDENTIFIER,out,new PrintWriter(System.out))<SUB>4</SUB>>", "43": "<(IDENTIFIER,System,new PrintWriter(System.out))<SUB>4</SUB>>", "45": "<(&lt;operator&gt;.assignment,n = nextLong())<SUB>6</SUB>>", "47": "<(nextLong,nextLong())<SUB>6</SUB>>", "49": "<(&lt;operator&gt;.assignment,x = nextLong())<SUB>7</SUB>>", "51": "<(nextLong,nextLong())<SUB>7</SUB>>", "53": "<(&lt;operator&gt;.assignment,y = nextLong())<SUB>8</SUB>>", "55": "<(nextLong,nextLong())<SUB>8</SUB>>", "57": "<(&lt;operator&gt;.assignment,c = nextLong())<SUB>9</SUB>>", "59": "<(nextLong,nextLong())<SUB>9</SUB>>", "61": "<(LOCAL,long l: long)<SUB>14</SUB>>", "63": "<(IDENTIFIER,l,long l = 0)<SUB>14</SUB>>", "65": "<(LOCAL,long r: long)<SUB>15</SUB>>", "67": "<(IDENTIFIER,r,long r = 2 * n)<SUB>15</SUB>>", "69": "<(LITERAL,2,2 * n)<SUB>15</SUB>>", "71": "<(CONTROL_STRUCTURE,while (l &lt; r),while (l &lt; r))<SUB>16</SUB>>", "73": "<(IDENTIFIER,l,l &lt; r)<SUB>16</SUB>>", "75": "<(BLOCK,&lt;empty&gt;,&lt;empty&gt;)<SUB>16</SUB>>", "77": "<(&lt;operator&gt;.assignment,long m = (l + r) / 2)<SUB>17</SUB>>", "79": "<(&lt;operator&gt;.division,(l + r) / 2)<SUB>17</SUB>>", "81": "<(IDENTIFIER,l,l + r)<SUB>17</SUB>>", "83": "<(LITERAL,2,(l + r) / 2)<SUB>17</SUB>>", "85": "<(&lt;operator&gt;.assignment,long ff = f(m))<SUB>18</SUB>>", "87": "<(f,f(m))<SUB>18</SUB>>", "89": "<(IDENTIFIER,m,f(m))<SUB>18</SUB>>", "91": "<(&lt;operator&gt;.lessThan,ff &lt; c)<SUB>19</SUB>>", "93": "<(IDENTIFIER,c,ff &lt; c)<SUB>19</SUB>>", "95": "<(&lt;operator&gt;.assignment,l = m + 1)<SUB>20</SUB>>", "97": "<(&lt;operator&gt;.addition,m + 1)<SUB>20</SUB>>", "99": "<(LITERAL,1,m + 1)<SUB>20</SUB>>", "101": "<(BLOCK,&lt;empty&gt;,&lt;empty&gt;)<SUB>22</SUB>>", "103": "<(IDENTIFIER,r,r = m)<SUB>23</SUB>>", "105": "<(println,println(l))<SUB>26</SUB>>", "107": "<(IDENTIFIER,l,println(l))<SUB>26</SUB>>", "109": "<(IDENTIFIER,out,close())<SUB>27</SUB>>", "111": "<(MODIFIER,STATIC)>"}}