{"edges": [["19", "20"], ["19", "21"], ["19", "90"], ["19", "91"], ["19", "92"], ["21", "4"], ["21", "22"], ["21", "25"], ["21", "29"], ["21", "33"], ["21", "37"], ["21", "41"], ["21", "45"], ["21", "46"], ["21", "49"], ["21", "50"], ["21", "53"], ["21", "85"], ["21", "88"], ["22", "23"], ["22", "24"], ["25", "3"], ["25", "26"], ["26", "27"], ["26", "28"], ["29", "30"], ["29", "31"], ["31", "32"], ["33", "34"], ["33", "35"], ["35", "36"], ["37", "38"], ["37", "39"], ["39", "40"], ["41", "42"], ["41", "43"], ["43", "44"], ["46", "47"], ["46", "48"], ["50", "51"], ["50", "52"], ["53", "54"], ["53", "57"], ["54", "55"], ["54", "56"], ["57", "58"], ["57", "59"], ["57", "68"], ["59", "60"], ["59", "61"], ["61", "62"], ["61", "63"], ["63", "64"], ["63", "67"], ["64", "65"], ["64", "66"], ["68", "69"], ["68", "74"], ["68", "78"], ["69", "70"], ["69", "73"], ["70", "71"], ["70", "72"], ["74", "75"], ["75", "76"], ["75", "77"], ["78", "79"], ["79", "80"], ["80", "81"], ["80", "82"], ["82", "83"], ["82", "84"], ["85", "86"], ["85", "87"], ["88", "89"], ["22", "28"], ["25", "31"], ["29", "35"], ["33", "39"], ["37", "43"], ["41", "46"], ["46", "50"], ["50", "54"], ["85", "88"], ["88", "92"], ["24", "22"], ["26", "25"], ["31", "29"], ["35", "33"], ["39", "37"], ["43", "41"], ["54", "64"], ["54", "85"], ["28", "26"], ["59", "70"], ["61", "59"], ["69", "75"], ["69", "82"], ["63", "61"], ["70", "69"], ["75", "54"], ["64", "63"], ["80", "54"], ["82", "80"], ["19", "24"], ["20", "92"], ["22", "92"], ["25", "92"], ["25", "92"], ["29", "92"], ["33", "92"], ["37", "92"], ["41", "92"], ["41", "92"], ["46", "92"], ["50", "92"], ["50", "92"], ["54", "92"], ["54", "92"], ["85", "92"], ["85", "92"], ["88", "92"], ["88", "92"], ["63", "92"], ["61", "92"], ["59", "92"], ["59", "92"], ["69", "92"], ["69", "92"], ["69", "92"], ["82", "92"], ["80", "92"], ["80", "92"], ["75", "92"], ["75", "92"], ["37", "92"], ["70", "92"], ["33", "92"], ["29", "92"], ["19", "20"], ["19", "22"], ["31", "29"], ["35", "33"], ["39", "37"], ["43", "41"], ["19", "46"], ["41", "50"], ["19", "50"], ["22", "25"], ["19", "25"], ["43", "85"], ["19", "85"], ["54", "85"], ["85", "88"], ["19", "88"], ["25", "31"], ["19", "31"], ["31", "35"], ["19", "35"], ["35", "39"], ["19", "39"], ["39", "43"], ["19", "43"], ["46", "54"], ["80", "54"], ["19", "54"], ["64", "54"], ["50", "54"], ["64", "54"], ["75", "54"], ["64", "59"], ["19", "59"], ["63", "59"], ["63", "59"], ["64", "61"], ["19", "61"], ["63", "61"], ["63", "61"], ["70", "69"], ["70", "69"], ["19", "69"], ["41", "69"], ["70", "75"], ["19", "75"], ["64", "63"], ["64", "63"], ["19", "63"], ["19", "70"], ["59", "70"], ["70", "80"], ["19", "80"], ["54", "64"], ["19", "64"], ["54", "64"], ["70", "82"], ["19", "82"], ["54", "61"], ["54", "64"], ["54", "69"], ["54", "70"], ["54", "63"], ["54", "59"], ["54", "54"], ["69", "80"], ["69", "75"], ["69", "82"]], "features": {"19": "<(METHOD,main)<SUB>1</SUB>>", "21": "<(BLOCK,&lt;empty&gt;,&lt;empty&gt;)<SUB>1</SUB>>", "22": "<(&lt;operator&gt;.assignment,ANY io = new Kattio(System.in))<SUB>2</SUB>>", "24": "<(&lt;operator&gt;.alloc,new Kattio(System.in))<SUB>2</SUB>>", "3": "<(IDENTIFIER,io,new Kattio(System.in))<SUB>2</SUB>>", "27": "<(IDENTIFIER,System,new Kattio(System.in))<SUB>2</SUB>>", "29": "<(&lt;operator&gt;.assignment,n = getLong())<SUB>3</SUB>>", "31": "<(getLong,getLong())<SUB>3</SUB>>", "33": "<(&lt;operator&gt;.assignment,x = getLong())<SUB>4</SUB>>", "35": "<(getLong,getLong())<SUB>4</SUB>>", "37": "<(&lt;operator&gt;.assignment,y = getLong())<SUB>5</SUB>>", "39": "<(getLong,getLong())<SUB>5</SUB>>", "41": "<(&lt;operator&gt;.assignment,c = getLong())<SUB>6</SUB>>", "43": "<(getLong,getLong())<SUB>6</SUB>>", "45": "<(LOCAL,long lo: long)<SUB>9</SUB>>", "47": "<(IDENTIFIER,lo,long lo = 0)<SUB>9</SUB>>", "49": "<(LOCAL,long hi: long)<SUB>10</SUB>>", "51": "<(IDENTIFIER,hi,long hi = c)<SUB>10</SUB>>", "53": "<(CONTROL_STRUCTURE,while (lo &lt; hi),while (lo &lt; hi))<SUB>11</SUB>>", "55": "<(IDENTIFIER,lo,lo &lt; hi)<SUB>11</SUB>>", "57": "<(BLOCK,&lt;empty&gt;,&lt;empty&gt;)<SUB>11</SUB>>", "59": "<(&lt;operator&gt;.assignment,long mid = lo + (hi - lo) / 2)<SUB>12</SUB>>", "61": "<(&lt;operator&gt;.addition,lo + (hi - lo) / 2)<SUB>12</SUB>>", "63": "<(&lt;operator&gt;.division,(hi - lo) / 2)<SUB>12</SUB>>", "65": "<(IDENTIFIER,hi,hi - lo)<SUB>12</SUB>>", "67": "<(LITERAL,2,(hi - lo) / 2)<SUB>12</SUB>>", "69": "<(&lt;operator&gt;.greaterEqualsThan,f(mid) &gt;= c)<SUB>13</SUB>>", "71": "<(IDENTIFIER,this,f(mid))<SUB>13</SUB>>", "73": "<(IDENTIFIER,c,f(mid) &gt;= c)<SUB>13</SUB>>", "75": "<(&lt;operator&gt;.assignment,hi = mid)<SUB>14</SUB>>", "77": "<(IDENTIFIER,mid,hi = mid)<SUB>14</SUB>>", "79": "<(BLOCK,&lt;empty&gt;,&lt;empty&gt;)<SUB>15</SUB>>", "81": "<(IDENTIFIER,lo,lo = mid + 1)<SUB>16</SUB>>", "83": "<(IDENTIFIER,mid,mid + 1)<SUB>16</SUB>>", "85": "<(println,println(lo))<SUB>19</SUB>>", "87": "<(IDENTIFIER,lo,println(lo))<SUB>19</SUB>>", "89": "<(IDENTIFIER,io,close())<SUB>20</SUB>>", "91": "<(MODIFIER,STATIC)>"}}