{"edges": [["21", "22"], ["21", "23"], ["21", "144"], ["21", "145"], ["21", "146"], ["23", "4"], ["23", "24"], ["23", "27"], ["23", "6"], ["23", "38"], ["23", "41"], ["23", "44"], ["23", "45"], ["23", "51"], ["23", "52"], ["23", "58"], ["23", "59"], ["23", "65"], ["23", "66"], ["23", "72"], ["23", "83"], ["23", "84"], ["23", "87"], ["23", "100"], ["23", "101"], ["23", "106"], ["23", "139"], ["24", "25"], ["24", "26"], ["27", "3"], ["27", "28"], ["28", "29"], ["28", "32"], ["28", "37"], ["29", "30"], ["29", "31"], ["32", "33"], ["32", "34"], ["34", "35"], ["34", "36"], ["38", "39"], ["38", "40"], ["41", "5"], ["41", "42"], ["42", "43"], ["45", "46"], ["45", "47"], ["47", "48"], ["47", "49"], ["49", "50"], ["52", "53"], ["52", "54"], ["54", "55"], ["54", "56"], ["56", "57"], ["59", "60"], ["59", "61"], ["61", "62"], ["61", "63"], ["63", "64"], ["66", "67"], ["66", "68"], ["68", "69"], ["68", "70"], ["70", "71"], ["72", "73"], ["72", "76"], ["73", "74"], ["73", "75"], ["76", "77"], ["76", "82"], ["77", "78"], ["77", "81"], ["78", "79"], ["78", "80"], ["84", "85"], ["84", "86"], ["87", "88"], ["87", "96"], ["88", "89"], ["88", "95"], ["89", "90"], ["89", "91"], ["89", "92"], ["89", "93"], ["89", "94"], ["96", "97"], ["97", "98"], ["97", "99"], ["101", "102"], ["101", "103"], ["103", "104"], ["103", "105"], ["106", "107"], ["106", "112"], ["107", "108"], ["107", "111"], ["108", "109"], ["108", "110"], ["112", "113"], ["112", "114"], ["112", "121"], ["114", "115"], ["114", "116"], ["116", "117"], ["116", "120"], ["117", "118"], ["117", "119"], ["121", "122"], ["121", "130"], ["121", "134"], ["122", "123"], ["122", "129"], ["123", "124"], ["123", "125"], ["123", "126"], ["123", "127"], ["123", "128"], ["130", "131"], ["131", "132"], ["131", "133"], ["134", "135"], ["135", "136"], ["136", "137"], ["136", "138"], ["139", "140"], ["139", "143"], ["140", "141"], ["140", "142"], ["24", "31"], ["27", "40"], ["38", "42"], ["41", "49"], ["45", "56"], ["52", "63"], ["59", "70"], ["66", "73"], ["84", "89"], ["101", "108"], ["139", "146"], ["26", "24"], ["40", "38"], ["42", "41"], ["47", "45"], ["54", "52"], ["61", "59"], ["68", "66"], ["73", "80"], ["73", "84"], ["88", "97"], ["88", "103"], ["103", "101"], ["107", "117"], ["107", "142"], ["140", "139"], ["29", "36"], ["32", "27"], ["49", "47"], ["56", "54"], ["63", "61"], ["70", "68"], ["77", "82"], ["82", "146"], ["89", "88"], ["97", "89"], ["108", "107"], ["114", "123"], ["142", "140"], ["31", "29"], ["34", "32"], ["78", "77"], ["116", "114"], ["122", "131"], ["122", "136"], ["36", "34"], ["80", "78"], ["117", "116"], ["123", "122"], ["131", "108"], ["136", "108"], ["21", "26"], ["82", "146"], ["22", "146"], ["24", "146"], ["29", "146"], ["32", "146"], ["32", "146"], ["32", "146"], ["27", "146"], ["38", "146"], ["42", "146"], ["41", "146"], ["41", "146"], ["45", "146"], ["45", "146"], ["52", "146"], ["52", "146"], ["59", "146"], ["61", "146"], ["59", "146"], ["59", "146"], ["70", "146"], ["68", "146"], ["66", "146"], ["66", "146"], ["73", "146"], ["73", "146"], ["77", "146"], ["77", "146"], ["68", "146"], ["21", "22"], ["21", "24"], ["21", "38"], ["47", "45"], ["47", "45"], ["54", "52"], ["54", "52"], ["61", "59"], ["61", "59"], ["68", "66"], ["68", "66"], ["21", "84"], ["103", "101"], ["103", "101"], ["24", "27"], ["21", "27"], ["29", "27"], ["32", "27"], ["38", "41"], ["21", "41"], ["42", "41"], ["108", "139"], ["21", "139"], ["21", "29"], ["21", "37"], ["27", "42"], ["21", "42"], ["21", "47"], ["49", "47"], ["47", "54"], ["21", "54"], ["56", "54"], ["54", "61"], ["21", "61"], ["63", "61"], ["21", "68"], ["70", "68"], ["66", "73"], ["21", "73"], ["21", "82"], ["89", "88"], ["89", "88"], ["89", "88"], ["89", "88"], ["89", "88"], ["73", "88"], ["21", "88"], ["21", "97"], ["89", "103"], ["21", "103"], ["108", "107"], ["108", "107"], ["21", "107"], ["116", "114"], ["116", "114"], ["29", "32"], ["21", "32"], ["41", "49"], ["21", "49"], ["49", "56"], ["21", "56"], ["56", "63"], ["21", "63"], ["63", "70"], ["21", "70"], ["21", "77"], ["21", "89"], ["45", "89"], ["52", "89"], ["59", "89"], ["84", "89"], ["97", "89"], ["89", "97"], ["103", "108"], ["136", "108"], ["21", "108"], ["101", "108"], ["131", "108"], ["108", "116"], ["21", "116"], ["108", "116"], ["123", "122"], ["123", "122"], ["123", "122"], ["123", "122"], ["123", "122"], ["88", "122"], ["21", "122"], ["123", "131"], ["21", "131"], ["108", "117"], ["21", "117"], ["108", "117"], ["89", "123"], ["21", "123"], ["89", "123"], ["89", "123"], ["89", "123"], ["114", "123"], ["123", "136"], ["21", "136"], ["73", "107"], ["73", "77"], ["73", "89"], ["73", "84"], ["73", "103"], ["73", "142"], ["73", "82"], ["73", "140"], ["73", "101"], ["73", "80"], ["73", "88"], ["73", "139"], ["73", "108"], ["73", "78"], ["88", "89"], ["88", "97"], ["88", "88"], ["107", "107"], ["107", "116"], ["107", "122"], ["107", "114"], ["107", "123"], ["107", "117"], ["107", "108"], ["122", "136"], ["122", "131"]], "features": {"21": "<(METHOD,main)<SUB>1</SUB>>", "23": "<(BLOCK,&lt;empty&gt;,&lt;empty&gt;)<SUB>1</SUB>>", "24": "<(&lt;operator&gt;.assignment,ANY r = new BufferedReader(new InputStreamReader(System.in)))<SUB>2</SUB>>", "26": "<(&lt;operator&gt;.alloc,new BufferedReader(new InputStreamReader(System.in)))<SUB>2</SUB>>", "3": "<(IDENTIFIER,r,new BufferedReader(new InputStreamReader(System.in)))<SUB>2</SUB>>", "29": "<(&lt;operator&gt;.assignment,&lt;empty&gt;)>", "31": "<(&lt;operator&gt;.alloc,new InputStreamReader(System.in))<SUB>2</SUB>>", "33": "<(IDENTIFIER,$obj0,new InputStreamReader(System.in))>", "35": "<(IDENTIFIER,System,new InputStreamReader(System.in))<SUB>2</SUB>>", "37": "<(IDENTIFIER,$obj0,&lt;empty&gt;)>", "38": "<(&lt;operator&gt;.assignment,ANY str = new StringTokenizer(r.readLine()))<SUB>3</SUB>>", "40": "<(&lt;operator&gt;.alloc,new StringTokenizer(r.readLine()))<SUB>3</SUB>>", "5": "<(IDENTIFIER,str,new StringTokenizer(r.readLine()))<SUB>3</SUB>>", "43": "<(IDENTIFIER,r,readLine())<SUB>3</SUB>>", "45": "<(&lt;operator&gt;.assignment,int n = parseInt(str.nextToken()))<SUB>4</SUB>>", "47": "<(parseInt,parseInt(str.nextToken()))<SUB>4</SUB>>", "49": "<(nextToken,nextToken())<SUB>4</SUB>>", "51": "<(LOCAL,int x: int)<SUB>5</SUB>>", "53": "<(IDENTIFIER,x,int x = parseInt(str.nextToken()))<SUB>5</SUB>>", "55": "<(IDENTIFIER,Integer,parseInt(str.nextToken()))<SUB>5</SUB>>", "57": "<(IDENTIFIER,str,nextToken())<SUB>5</SUB>>", "59": "<(&lt;operator&gt;.assignment,int y = parseInt(str.nextToken()))<SUB>6</SUB>>", "61": "<(parseInt,parseInt(str.nextToken()))<SUB>6</SUB>>", "63": "<(nextToken,nextToken())<SUB>6</SUB>>", "65": "<(LOCAL,long c: long)<SUB>7</SUB>>", "67": "<(IDENTIFIER,c,long c = parseLong(str.nextToken()))<SUB>7</SUB>>", "69": "<(IDENTIFIER,Long,parseLong(str.nextToken()))<SUB>7</SUB>>", "71": "<(IDENTIFIER,str,nextToken())<SUB>7</SUB>>", "73": "<(&lt;operator&gt;.equals,c == 1)<SUB>8</SUB>>", "75": "<(LITERAL,1,c == 1)<SUB>8</SUB>>", "77": "<(println,System.out.println(0))<SUB>9</SUB>>", "79": "<(IDENTIFIER,System,System.out.println(0))<SUB>9</SUB>>", "81": "<(LITERAL,0,System.out.println(0))<SUB>9</SUB>>", "83": "<(LOCAL,long high: long)<SUB>12</SUB>>", "85": "<(IDENTIFIER,high,long high = 1)<SUB>12</SUB>>", "87": "<(CONTROL_STRUCTURE,while (howMany(n, x, y, high) &lt; c),while (howMany(n, x, y, high) &lt; c))<SUB>13</SUB>>", "89": "<(howMany,howMany(n, x, y, high))<SUB>13</SUB>>", "91": "<(IDENTIFIER,n,howMany(n, x, y, high))<SUB>13</SUB>>", "93": "<(IDENTIFIER,y,howMany(n, x, y, high))<SUB>13</SUB>>", "95": "<(IDENTIFIER,c,howMany(n, x, y, high) &lt; c)<SUB>13</SUB>>", "97": "<(&lt;operators&gt;.assignmentShiftLeft,high &lt;&lt;= 1)<SUB>14</SUB>>", "99": "<(LITERAL,1,high &lt;&lt;= 1)<SUB>14</SUB>>", "101": "<(&lt;operator&gt;.assignment,long low = high &gt;&gt; 1)<SUB>16</SUB>>", "103": "<(&lt;operator&gt;.logicalShiftRight,high &gt;&gt; 1)<SUB>16</SUB>>", "105": "<(LITERAL,1,high &gt;&gt; 1)<SUB>16</SUB>>", "107": "<(&lt;operator&gt;.greaterThan,high - low &gt; 1)<SUB>17</SUB>>", "109": "<(IDENTIFIER,high,high - low)<SUB>17</SUB>>", "111": "<(LITERAL,1,high - low &gt; 1)<SUB>17</SUB>>", "113": "<(LOCAL,long med: long)<SUB>18</SUB>>", "115": "<(IDENTIFIER,med,long med = (high + low) / 2)<SUB>18</SUB>>", "117": "<(&lt;operator&gt;.addition,high + low)<SUB>18</SUB>>", "119": "<(IDENTIFIER,low,high + low)<SUB>18</SUB>>", "121": "<(CONTROL_STRUCTURE,if (howMany(n, x, y, med) &lt; c),if (howMany(n, x, y, med) &lt; c))<SUB>19</SUB>>", "123": "<(howMany,howMany(n, x, y, med))<SUB>19</SUB>>", "125": "<(IDENTIFIER,n,howMany(n, x, y, med))<SUB>19</SUB>>", "127": "<(IDENTIFIER,y,howMany(n, x, y, med))<SUB>19</SUB>>", "129": "<(IDENTIFIER,c,howMany(n, x, y, med) &lt; c)<SUB>19</SUB>>", "131": "<(&lt;operator&gt;.assignment,low = med)<SUB>20</SUB>>", "133": "<(IDENTIFIER,med,low = med)<SUB>20</SUB>>", "135": "<(BLOCK,&lt;empty&gt;,&lt;empty&gt;)<SUB>21</SUB>>", "137": "<(IDENTIFIER,high,high = med)<SUB>22</SUB>>", "139": "<(println,System.out.println(high))<SUB>25</SUB>>", "141": "<(IDENTIFIER,System,System.out.println(high))<SUB>25</SUB>>", "143": "<(IDENTIFIER,high,System.out.println(high))<SUB>25</SUB>>", "145": "<(MODIFIER,STATIC)>"}}